x,z,gravity,depth,lambda,localBandscale,localBandwindSpeed,localBandwindDirection,localBandfetch,localBandspreadBlend,localBandswell,localBandshortWavesFade,localBandpeakEnhancement,swellBandscale,swellBandwindSpeed,swellBandwindDirection,swellBandfetch,swellBandspreadBlend,swellBandswell,swellBandshortWavesFade,swellBandpeakEnhancement,scale,cutoffLow,cutoffHigh,time,deltaTime,displacementX,displacementY,displacementZ,dYx,dYz,dXx,dZz,turbulence
0,0,9.81,500,0.7,1,0.3,160,100000,1,0.1,0.05,3.3,1,1,0,400000,1,1,0.05,3.3s,1,0.0001,1000,9.496924,0.3333333,0,0,0.003921569,0,0.07450981,0,0.03137255,0.1647059
0,1,9.81,500,0.7,1,0.3,160,100000,1,0.1,0.05,3.3,1,1,0,400000,1,1,0.05,3.3s,1,0.0001,1000,9.496924,0.3333333,0,0,0.003921569,0,0.06666667,0,0.03137255,0.1647059
0,2,9.81,500,0.7,1,0.3,160,100000,1,0.1,0.05,3.3,1,1,0,400000,1,1,0.05,3.3s,1,0.0001,1000,9.496924,0.3333333,0,0,0.003921569,0,0.05882353,0,0.03137255,0.1607843
0,3,9.81,500,0.7,1,0.3,160,100000,1,0.1,0.05,3.3,1,1,0,400000,1,1,0.05,3.3s,1,0.0001,1000,9.496924,0.3333333,0,0,0.003921569,0,0.05490196,0.01176471,0.02745098,0.1607843
0,4,9.81,500,0.7,1,0.3,160,100000,1,0.1,0.05,3.3,1,1,0,400000,1,1,0.05,3.3s,1,0.0001,1000,9.496924,0.3333333,0,0,0.003921569,0,0.04705883,0.01960784,0.02745098,0.1607843
0,5,9.81,500,0.7,1,0.3,160,100000,1,0.1,0.05,3.3,1,1,0,400000,1,1,0.05,3.3s,1,0.0001,1000,9.496924,0.3333333,0,0,0.003921569,0,0.04705883,0.03137255,0.02352941,0.1568628
0,6,9.81,500,0.7,1,0.3,160,100000,1,0.1,0.05,3.3,1,1,0,400000,1,1,0.05,3.3s,1,0.0001,1000,9.496924,0.3333333,0,0,0.003921569,0,0.04705883,0.03921569,0.01960784,0.1568628
0,7,9.81,500,0.7,1,0.3,160,100000,1,0.1,0.05,3.3,1,1,0,400000,1,1,0.05,3.3s,1,0.0001,1000,9.496924,0.3333333,0,0,0.003921569,0,0.04705883,0.04705883,0.01960784,0.1568628
0,8,9.81,500,0.7,1,0.3,160,100000,1,0.1,0.05,3.3,1,1,0,400000,1,1,0.05,3.3s,1,0.0001,1000,9.496924,0.3333333,0,0,0.003921569,0,0.0509804,0.05882353,0.01568628,0.1568628
0,9,9.81,500,0.7,1,0.3,160,100000,1,0.1,0.05,3.3,1,1,0,400000,1,1,0.05,3.3s,1,0.0001,1000,9.496924,0.3333333,0,0,0.003921569,0,0.05882353,0.06666667,0.01176471,0.1529412
0,10,9.81,500,0.7,1,0.3,160,100000,1,0.1,0.05,3.3,1,1,0,400000,1,1,0.05,3.3s,1,0.0001,1000,9.496924,0.3333333,0,0,0.003921569,0,0.05882353,0.07843138,0.01176471,0.1529412
0,11,9.81,500,0.7,1,0.3,160,100000,1,0.1,0.05,3.3,1,1,0,400000,1,1,0.05,3.3s,1,0.0001,1000,9.496924,0.3333333,0,0,0.003921569,0,0.0627451,0.09019608,0.007843138,0.1529412
0,12,9.81,500,0.7,1,0.3,160,100000,1,0.1,0.05,3.3,1,1,0,400000,1,1,0.05,3.3s,1,0.0001,1000,9.496924,0.3333333,0,0,0.003921569,0.01176471,0.05882353,0.09803922,0.003921569,0.1529412
0,13,9.81,500,0.7,1,0.3,160,100000,1,0.1,0.05,3.3,1,1,0,400000,1,1,0.05,3.3s,1,0.0001,1000,9.496924,0.3333333,0.003921569,0,0.003921569,0.04705883,0.05490196,0.1019608,0,0.1490196
0,14,9.81,500,0.7,1,0.3,160,100000,1,0.1,0.05,3.3,1,1,0,400000,1,1,0.05,3.3s,1,0.0001,1000,9.496924,0.3333333,0.003921569,0,0.003921569,0.08235294,0.04705883,0.1019608,0,0.1529412
0,15,9.81,500,0.7,1,0.3,160,100000,1,0.1,0.05,3.3,1,1,0,400000,1,1,0.05,3.3s,1,0.0001,1000,9.496924,0.3333333,0.003921569,0,0.003921569,0.1254902,0.03921569,0.09019608,0,0.1529412
0,16,9.81,500,0.7,1,0.3,160,100000,1,0.1,0.05,3.3,1,1,0,400000,1,1,0.05,3.3s,1,0.0001,1000,9.496924,0.3333333,0.007843138,0,0.003921569,0.1607843,0.03137255,0.07058824,0,0.1568628
0,17,9.81,500,0.7,1,0.3,160,100000,1,0.1,0.05,3.3,1,1,0,400000,1,1,0.05,3.3s,1,0.0001,1000,9.496924,0.3333333,0.007843138,0,0.003921569,0.1882353,0.02745098,0.04313726,0,0.1607843
0,18,9.81,500,0.7,1,0.3,160,100000,1,0.1,0.05,3.3,1,1,0,400000,1,1,0.05,3.3s,1,0.0001,1000,9.496924,0.3333333,0.007843138,0,0.003921569,0.2039216,0.03137255,0.007843138,0,0.1686275
0,19,9.81,500,0.7,1,0.3,160,100000,1,0.1,0.05,3.3,1,1,0,400000,1,1,0.05,3.3s,1,0.0001,1000,9.496924,0.3333333,0.007843138,0.003921569,0.003921569,0.2,0.03921569,0,0,0.1764706
0,20,9.81,500,0.7,1,0.3,160,100000,1,0.1,0.05,3.3,1,1,0,400000,1,1,0.05,3.3s,1,0.0001,1000,9.496924,0.3333333,0.007843138,0.003921569,0.003921569,0.1843137,0.04705883,0,0,0.1803922
0,21,9.81,500,0.7,1,0.3,160,100000,1,0.1,0.05,3.3,1,1,0,400000,1,1,0.05,3.3s,1,0.0001,1000,9.496924,0.3333333,0.007843138,0.007843138,0.007843138,0.1490196,0.05490196,0,0,0.1882353
0,22,9.81,500,0.7,1,0.3,160,100000,1,0.1,0.05,3.3,1,1,0,400000,1,1,0.05,3.3s,1,0.0001,1000,9.496924,0.3333333,0.003921569,0.01176471,0.007843138,0.1058824,0.0627451,0,0,0.1921569
0,23,9.81,500,0.7,1,0.3,160,100000,1,0.1,0.05,3.3,1,1,0,400000,1,1,0.05,3.3s,1,0.0001,1000,9.496924,0.3333333,0.003921569,0.01176471,0.007843138,0.0509804,0.06666667,0,0,0.1960784
0,24,9.81,500,0.7,1,0.3,160,100000,1,0.1,0.05,3.3,1,1,0,400000,1,1,0.05,3.3s,1,0.0001,1000,9.496924,0.3333333,0,0.01176471,0.007843138,0,0.07058824,0,0,0.1960784
0,25,9.81,500,0.7,1,0.3,160,100000,1,0.1,0.05,3.3,1,1,0,400000,1,1,0.05,3.3s,1,0.0001,1000,9.496924,0.3333333,0,0.01176471,0.007843138,0,0.06666667,0,0,0.1960784
0,26,9.81,500,0.7,1,0.3,160,100000,1,0.1,0.05,3.3,1,1,0,400000,1,1,0.05,3.3s,1,0.0001,1000,9.496924,0.3333333,0,0.01176471,0.007843138,0,0.05882353,0,0,0.1921569
0,27,9.81,500,0.7,1,0.3,160,100000,1,0.1,0.05,3.3,1,1,0,400000,1,1,0.05,3.3s,1,0.0001,1000,9.496924,0.3333333,0,0.007843138,0.003921569,0,0.05490196,0,0,0.1882353
0,28,9.81,500,0.7,1,0.3,160,100000,1,0.1,0.05,3.3,1,1,0,400000,1,1,0.05,3.3s,1,0.0001,1000,9.496924,0.3333333,0,0.003921569,0.003921569,0,0.0509804,0,0,0.1803922
0,29,9.81,500,0.7,1,0.3,160,100000,1,0.1,0.05,3.3,1,1,0,400000,1,1,0.05,3.3s,1,0.0001,1000,9.496924,0.3333333,0,0.003921569,0.003921569,0,0.04705883,0,0.003921569,0.172549
0,30,9.81,500,0.7,1,0.3,160,100000,1,0.1,0.05,3.3,1,1,0,400000,1,1,0.05,3.3s,1,0.0001,1000,9.496924,0.3333333,0,0,0.003921569,0,0.04705883,0,0.007843138,0.1686275
0,31,9.81,500,0.7,1,0.3,160,100000,1,0.1,0.05,3.3,1,1,0,400000,1,1,0.05,3.3s,1,0.0001,1000,9.496924,0.3333333,0,0,0.003921569,0,0.0509804,0.01568628,0.01176471,0.1607843
0,32,9.81,500,0.7,1,0.3,160,100000,1,0.1,0.05,3.3,1,1,0,400000,1,1,0.05,3.3s,1,0.0001,1000,9.496924,0.3333333,0,0,0.003921569,0,0.05882353,0.04705883,0.01568628,0.1568628
0,33,9.81,500,0.7,1,0.3,160,100000,1,0.1,0.05,3.3,1,1,0,400000,1,1,0.05,3.3s,1,0.0001,1000,9.496924,0.3333333,0,0,0.003921569,0,0.07058824,0.07058824,0.01960784,0.1529412
0,34,9.81,500,0.7,1,0.3,160,100000,1,0.1,0.05,3.3,1,1,0,400000,1,1,0.05,3.3s,1,0.0001,1000,9.496924,0.3333333,0,0,0.003921569,0,0.07843138,0.08627451,0.02352941,0.1490196
0,35,9.81,500,0.7,1,0.3,160,100000,1,0.1,0.05,3.3,1,1,0,400000,1,1,0.05,3.3s,1,0.0001,1000,9.496924,0.3333333,0,0,0.007843138,0,0.08627451,0.09803922,0.02745098,0.1490196
0,36,9.81,500,0.7,1,0.3,160,100000,1,0.1,0.05,3.3,1,1,0,400000,1,1,0.05,3.3s,1,0.0001,1000,9.496924,0.3333333,0,0,0.007843138,0,0.09019608,0.1019608,0.03137255,0.145098
0,37,9.81,500,0.7,1,0.3,160,100000,1,0.1,0.05,3.3,1,1,0,400000,1,1,0.05,3.3s,1,0.0001,1000,9.496924,0.3333333,0,0,0.003921569,0,0.09019608,0.1019608,0.03529412,0.145098
0,38,9.81,500,0.7,1,0.3,160,100000,1,0.1,0.05,3.3,1,1,0,400000,1,1,0.05,3.3s,1,0.0001,1000,9.496924,0.3333333,0,0,0.003921569,0,0.08627451,0.09803922,0.03921569,0.145098
0,39,9.81,500,0.7,1,0.3,160,100000,1,0.1,0.05,3.3,1,1,0,400000,1,1,0.05,3.3s,1,0.0001,1000,9.496924,0.3333333,0,0,0.003921569,0.01176471,0.07843138,0.09411766,0.04313726,0.145098
0,40,9.81,500,0.7,1,0.3,160,100000,1,0.1,0.05,3.3,1,1,0,400000,1,1,0.05,3.3s,1,0.0001,1000,9.496924,0.3333333,0.003921569,0,0.003921569,0.03529412,0.07058824,0.09411766,0.04313726,0.145098
0,41,9.81,500,0.7,1,0.3,160,100000,1,0.1,0.05,3.3,1,1,0,400000,1,1,0.05,3.3s,1,0.0001,1000,9.496924,0.3333333,0.003921569,0,0.003921569,0.05882353,0.05882353,0.09019608,0.04705883,0.145098
0,42,9.81,500,0.7,1,0.3,160,100000,1,0.1,0.05,3.3,1,1,0,400000,1,1,0.05,3.3s,1,0.0001,1000,9.496924,0.3333333,0.003921569,0,0.003921569,0.08627451,0.04313726,0.08235294,0.04705883,0.1490196
0,43,9.81,500,0.7,1,0.3,160,100000,1,0.1,0.05,3.3,1,1,0,400000,1,1,0.05,3.3s,1,0.0001,1000,9.496924,0.3333333,0.007843138,0,0.003921569,0.1098039,0.03137255,0.07450981,0.04705883,0.1490196
0,44,9.81,500,0.7,1,0.3,160,100000,1,0.1,0.05,3.3,1,1,0,400000,1,1,0.05,3.3s,1,0.0001,1000,9.496924,0.3333333,0.007843138,0,0.003921569,0.1372549,0.01568628,0.05882353,0.04313726,0.1490196
0,45,9.81,500,0.7,1,0.3,160,100000,1,0.1,0.05,3.3,1,1,0,400000,1,1,0.05,3.3s,1,0.0001,1000,9.496924,0.3333333,0.007843138,0,0.003921569,0.1568628,0,0.03921569,0.04313726,0.1529412
0,46,9.81,500,0.7,1,0.3,160,100000,1,0.1,0.05,3.3,1,1,0,400000,1,1,0.05,3.3s,1,0.0001,1000,9.496924,0.3333333,0.007843138,0,0,0.172549,0,0.01568628,0.03921569,0.1568628
0,47,9.81,500,0.7,1,0.3,160,100000,1,0.1,0.05,3.3,1,1,0,400000,1,1,0.05,3.3s,1,0.0001,1000,9.496924,0.3333333,0.007843138,0,0,0.1764706,0,0,0.03921569,0.1607843
0,48,9.81,500,0.7,1,0.3,160,100000,1,0.1,0.05,3.3,1,1,0,400000,1,1,0.05,3.3s,1,0.0001,1000,9.496924,0.3333333,0.007843138,0,0,0.1686275,0,0,0.03529412,0.1686275
0,49,9.81,500,0.7,1,0.3,160,100000,1,0.1,0.05,3.3,1,1,0,400000,1,1,0.05,3.3s,1,0.0001,1000,9.496924,0.3333333,0.007843138,0.003921569,0,0.1490196,0,0,0.03529412,0.172549
0,50,9.81,500,0.7,1,0.3,160,100000,1,0.1,0.05,3.3,1,1,0,400000,1,1,0.05,3.3s,1,0.0001,1000,9.496924,0.3333333,0.007843138,0.003921569,0,0.1215686,0,0,0.03529412,0.1764706
0,51,9.81,500,0.7,1,0.3,160,100000,1,0.1,0.05,3.3,1,1,0,400000,1,1,0.05,3.3s,1,0.0001,1000,9.496924,0.3333333,0.003921569,0.007843138,0,0.08235294,0,0,0.03137255,0.1764706
0,52,9.81,500,0.7,1,0.3,160,100000,1,0.1,0.05,3.3,1,1,0,400000,1,1,0.05,3.3s,1,0.0001,1000,9.496924,0.3333333,0.003921569,0.007843138,0,0.04313726,0,0,0.03529412,0.1803922
0,53,9.81,500,0.7,1,0.3,160,100000,1,0.1,0.05,3.3,1,1,0,400000,1,1,0.05,3.3s,1,0.0001,1000,9.496924,0.3333333,0.003921569,0.007843138,0,0.007843138,0,0,0.03529412,0.1764706
0,54,9.81,500,0.7,1,0.3,160,100000,1,0.1,0.05,3.3,1,1,0,400000,1,1,0.05,3.3s,1,0.0001,1000,9.496924,0.3333333,0,0.007843138,0,0,0,0,0.03529412,0.1764706
0,55,9.81,500,0.7,1,0.3,160,100000,1,0.1,0.05,3.3,1,1,0,400000,1,1,0.05,3.3s,1,0.0001,1000,9.496924,0.3333333,0,0.007843138,0,0,0,0,0.03529412,0.172549
0,56,9.81,500,0.7,1,0.3,160,100000,1,0.1,0.05,3.3,1,1,0,400000,1,1,0.05,3.3s,1,0.0001,1000,9.496924,0.3333333,0,0.007843138,0.003921569,0,0.01568628,0,0.03529412,0.1686275
0,57,9.81,500,0.7,1,0.3,160,100000,1,0.1,0.05,3.3,1,1,0,400000,1,1,0.05,3.3s,1,0.0001,1000,9.496924,0.3333333,0,0.007843138,0.003921569,0,0.03529412,0,0.03529412,0.1686275
0,58,9.81,500,0.7,1,0.3,160,100000,1,0.1,0.05,3.3,1,1,0,400000,1,1,0.05,3.3s,1,0.0001,1000,9.496924,0.3333333,0,0.007843138,0.003921569,0,0.05490196,0,0.03529412,0.1686275
0,59,9.81,500,0.7,1,0.3,160,100000,1,0.1,0.05,3.3,1,1,0,400000,1,1,0.05,3.3s,1,0.0001,1000,9.496924,0.3333333,0,0.003921569,0.003921569,0,0.07058824,0,0.03529412,0.1686275
0,60,9.81,500,0.7,1,0.3,160,100000,1,0.1,0.05,3.3,1,1,0,400000,1,1,0.05,3.3s,1,0.0001,1000,9.496924,0.3333333,0,0.003921569,0.003921569,0,0.08235294,0,0.03529412,0.1686275
0,61,9.81,500,0.7,1,0.3,160,100000,1,0.1,0.05,3.3,1,1,0,400000,1,1,0.05,3.3s,1,0.0001,1000,9.496924,0.3333333,0,0.003921569,0.003921569,0,0.08627451,0,0.03529412,0.1686275
0,62,9.81,500,0.7,1,0.3,160,100000,1,0.1,0.05,3.3,1,1,0,400000,1,1,0.05,3.3s,1,0.0001,1000,9.496924,0.3333333,0,0.003921569,0.003921569,0,0.08627451,0,0.03529412,0.1686275
0,63,9.81,500,0.7,1,0.3,160,100000,1,0.1,0.05,3.3,1,1,0,400000,1,1,0.05,3.3s,1,0.0001,1000,9.496924,0.3333333,0,0.003921569,0.003921569,0,0.08235294,0,0.03529412,0.1686275
1,0,9.81,500,0.7,1,0.3,160,100000,1,0.1,0.05,3.3,1,1,0,400000,1,1,0.05,3.3s,1,0.0001,1000,9.496924,0.3333333,0,0.003921569,0.003921569,0,0.09019608,0,0.02745098,0.1686275
1,1,9.81,500,0.7,1,0.3,160,100000,1,0.1,0.05,3.3,1,1,0,400000,1,1,0.05,3.3s,1,0.0001,1000,9.496924,0.3333333,0,0,0.003921569,0,0.08235294,0,0.02352941,0.1647059
1,2,9.81,500,0.7,1,0.3,160,100000,1,0.1,0.05,3.3,1,1,0,400000,1,1,0.05,3.3s,1,0.0001,1000,9.496924,0.3333333,0,0,0.003921569,0,0.07450981,0,0.02352941,0.1647059
1,3,9.81,500,0.7,1,0.3,160,100000,1,0.1,0.05,3.3,1,1,0,400000,1,1,0.05,3.3s,1,0.0001,1000,9.496924,0.3333333,0,0,0.003921569,0,0.06666667,0.01176471,0.02352941,0.1607843
1,4,9.81,500,0.7,1,0.3,160,100000,1,0.1,0.05,3.3,1,1,0,400000,1,1,0.05,3.3s,1,0.0001,1000,9.496924,0.3333333,0,0,0.003921569,0,0.05882353,0.02352941,0.01960784,0.1607843
1,5,9.81,500,0.7,1,0.3,160,100000,1,0.1,0.05,3.3,1,1,0,400000,1,1,0.05,3.3s,1,0.0001,1000,9.496924,0.3333333,0,0,0.003921569,0,0.05490196,0.03529412,0.01568628,0.1568628
1,6,9.81,500,0.7,1,0.3,160,100000,1,0.1,0.05,3.3,1,1,0,400000,1,1,0.05,3.3s,1,0.0001,1000,9.496924,0.3333333,0,0,0.003921569,0,0.0509804,0.04313726,0.01176471,0.1568628
1,7,9.81,500,0.7,1,0.3,160,100000,1,0.1,0.05,3.3,1,1,0,400000,1,1,0.05,3.3s,1,0.0001,1000,9.496924,0.3333333,0,0,0.003921569,0,0.05490196,0.0509804,0.007843138,0.1568628
1,8,9.81,500,0.7,1,0.3,160,100000,1,0.1,0.05,3.3,1,1,0,400000,1,1,0.05,3.3s,1,0.0001,1000,9.496924,0.3333333,0,0,0.003921569,0,0.05490196,0.05882353,0.003921569,0.1568628
1,9,9.81,500,0.7,1,0.3,160,100000,1,0.1,0.05,3.3,1,1,0,400000,1,1,0.05,3.3s,1,0.0001,1000,9.496924,0.3333333,0,0,0.003921569,0,0.05882353,0.06666667,0,0.1568628
1,10,9.81,500,0.7,1,0.3,160,100000,1,0.1,0.05,3.3,1,1,0,400000,1,1,0.05,3.3s,1,0.0001,1000,9.496924,0.3333333,0,0,0.003921569,0,0.05882353,0.07843138,0,0.1529412
1,11,9.81,500,0.7,1,0.3,160,100000,1,0.1,0.05,3.3,1,1,0,400000,1,1,0.05,3.3s,1,0.0001,1000,9.496924,0.3333333,0,0,0.003921569,0,0.05882353,0.08627451,0,0.1529412
1,12,9.81,500,0.7,1,0.3,160,100000,1,0.1,0.05,3.3,1,1,0,400000,1,1,0.05,3.3s,1,0.0001,1000,9.496924,0.3333333,0,0,0.003921569,0.007843138,0.05490196,0.09803922,0,0.1529412
1,13,9.81,500,0.7,1,0.3,160,100000,1,0.1,0.05,3.3,1,1,0,400000,1,1,0.05,3.3s,1,0.0001,1000,9.496924,0.3333333,0.003921569,0,0.003921569,0.03921569,0.0509804,0.1019608,0,0.1529412
1,14,9.81,500,0.7,1,0.3,160,100000,1,0.1,0.05,3.3,1,1,0,400000,1,1,0.05,3.3s,1,0.0001,1000,9.496924,0.3333333,0.003921569,0,0.003921569,0.07450981,0.03921569,0.1019608,0,0.1529412
1,15,9.81,500,0.7,1,0.3,160,100000,1,0.1,0.05,3.3,1,1,0,400000,1,1,0.05,3.3s,1,0.0001,1000,9.496924,0.3333333,0.003921569,0,0.003921569,0.1137255,0.03137255,0.09411766,0,0.1529412
1,16,9.81,500,0.7,1,0.3,160,100000,1,0.1,0.05,3.3,1,1,0,400000,1,1,0.05,3.3s,1,0.0001,1000,9.496924,0.3333333,0.007843138,0,0.003921569,0.1568628,0.02352941,0.07843138,0,0.1568628
1,17,9.81,500,0.7,1,0.3,160,100000,1,0.1,0.05,3.3,1,1,0,400000,1,1,0.05,3.3s,1,0.0001,1000,9.496924,0.3333333,0.007843138,0,0.003921569,0.1882353,0.01960784,0.0509804,0,0.1607843
1,18,9.81,500,0.7,1,0.3,160,100000,1,0.1,0.05,3.3,1,1,0,400000,1,1,0.05,3.3s,1,0.0001,1000,9.496924,0.3333333,0.007843138,0,0.003921569,0.2078432,0.02352941,0.01568628,0,0.1686275
1,19,9.81,500,0.7,1,0.3,160,100000,1,0.1,0.05,3.3,1,1,0,400000,1,1,0.05,3.3s,1,0.0001,1000,9.496924,0.3333333,0.007843138,0.003921569,0.003921569,0.2078432,0.02745098,0,0,0.1764706
1,20,9.81,500,0.7,1,0.3,160,100000,1,0.1,0.05,3.3,1,1,0,400000,1,1,0.05,3.3s,1,0.0001,1000,9.496924,0.3333333,0.007843138,0.007843138,0.003921569,0.1921569,0.03529412,0,0,0.1803922
1,21,9.81,500,0.7,1,0.3,160,100000,1,0.1,0.05,3.3,1,1,0,400000,1,1,0.05,3.3s,1,0.0001,1000,9.496924,0.3333333,0.007843138,0.007843138,0.003921569,0.1607843,0.04705883,0,0,0.1882353
1,22,9.81,500,0.7,1,0.3,160,100000,1,0.1,0.05,3.3,1,1,0,400000,1,1,0.05,3.3s,1,0.0001,1000,9.496924,0.3333333,0.003921569,0.01176471,0.003921569,0.1137255,0.05490196,0,0,0.1960784
1,23,9.81,500,0.7,1,0.3,160,100000,1,0.1,0.05,3.3,1,1,0,400000,1,1,0.05,3.3s,1,0.0001,1000,9.496924,0.3333333,0.003921569,0.01176471,0.007843138,0.05490196,0.05882353,0,0,0.2
1,24,9.81,500,0.7,1,0.3,160,100000,1,0.1,0.05,3.3,1,1,0,400000,1,1,0.05,3.3s,1,0.0001,1000,9.496924,0.3333333,0,0.01176471,0.007843138,0,0.0627451,0,0,0.2
1,25,9.81,500,0.7,1,0.3,160,100000,1,0.1,0.05,3.3,1,1,0,400000,1,1,0.05,3.3s,1,0.0001,1000,9.496924,0.3333333,0,0.01176471,0.007843138,0,0.0627451,0,0,0.1960784
1,26,9.81,500,0.7,1,0.3,160,100000,1,0.1,0.05,3.3,1,1,0,400000,1,1,0.05,3.3s,1,0.0001,1000,9.496924,0.3333333,0,0.01176471,0.003921569,0,0.05882353,0,0,0.1921569
1,27,9.81,500,0.7,1,0.3,160,100000,1,0.1,0.05,3.3,1,1,0,400000,1,1,0.05,3.3s,1,0.0001,1000,9.496924,0.3333333,0,0.007843138,0.003921569,0,0.05490196,0,0,0.1882353
1,28,9.81,500,0.7,1,0.3,160,100000,1,0.1,0.05,3.3,1,1,0,400000,1,1,0.05,3.3s,1,0.0001,1000,9.496924,0.3333333,0,0.007843138,0.003921569,0,0.0509804,0,0,0.1803922
1,29,9.81,500,0.7,1,0.3,160,100000,1,0.1,0.05,3.3,1,1,0,400000,1,1,0.05,3.3s,1,0.0001,1000,9.496924,0.3333333,0,0.003921569,0.003921569,0,0.04705883,0,0,0.1764706
1,30,9.81,500,0.7,1,0.3,160,100000,1,0.1,0.05,3.3,1,1,0,400000,1,1,0.05,3.3s,1,0.0001,1000,9.496924,0.3333333,0,0,0.003921569,0,0.0509804,0,0,0.1686275
1,31,9.81,500,0.7,1,0.3,160,100000,1,0.1,0.05,3.3,1,1,0,400000,1,1,0.05,3.3s,1,0.0001,1000,9.496924,0.3333333,0,0,0.003921569,0,0.05490196,0.01960784,0.003921569,0.1647059
1,32,9.81,500,0.7,1,0.3,160,100000,1,0.1,0.05,3.3,1,1,0,400000,1,1,0.05,3.3s,1,0.0001,1000,9.496924,0.3333333,0,0,0.003921569,0,0.0627451,0.04705883,0.003921569,0.1568628
1,33,9.81,500,0.7,1,0.3,160,100000,1,0.1,0.05,3.3,1,1,0,400000,1,1,0.05,3.3s,1,0.0001,1000,9.496924,0.3333333,0,0,0.007843138,0,0.07450981,0.07058824,0.007843138,0.1529412
1,34,9.81,500,0.7,1,0.3,160,100000,1,0.1,0.05,3.3,1,1,0,400000,1,1,0.05,3.3s,1,0.0001,1000,9.496924,0.3333333,0,0,0.007843138,0,0.08235294,0.08235294,0.01176471,0.1529412
1,35,9.81,500,0.7,1,0.3,160,100000,1,0.1,0.05,3.3,1,1,0,400000,1,1,0.05,3.3s,1,0.0001,1000,9.496924,0.3333333,0,0,0.007843138,0,0.09019608,0.09411766,0.01568628,0.1490196
1,36,9.81,500,0.7,1,0.3,160,100000,1,0.1,0.05,3.3,1,1,0,400000,1,1,0.05,3.3s,1,0.0001,1000,9.496924,0.3333333,0,0,0.007843138,0,0.09803922,0.09411766,0.01960784,0.1490196
1,37,9.81,500,0.7,1,0.3,160,100000,1,0.1,0.05,3.3,1,1,0,400000,1,1,0.05,3.3s,1,0.0001,1000,9.496924,0.3333333,0,0,0.007843138,0,0.09803922,0.09411766,0.02745098,0.1490196
1,38,9.81,500,0.7,1,0.3,160,100000,1,0.1,0.05,3.3,1,1,0,400000,1,1,0.05,3.3s,1,0.0001,1000,9.496924,0.3333333,0,0,0.007843138,0,0.09803922,0.09019608,0.03137255,0.1490196
1,39,9.81,500,0.7,1,0.3,160,100000,1,0.1,0.05,3.3,1,1,0,400000,1,1,0.05,3.3s,1,0.0001,1000,9.496924,0.3333333,0,0,0.007843138,0.003921569,0.09411766,0.09019608,0.03529412,0.1490196
1,40,9.81,500,0.7,1,0.3,160,100000,1,0.1,0.05,3.3,1,1,0,400000,1,1,0.05,3.3s,1,0.0001,1000,9.496924,0.3333333,0.003921569,0,0.003921569,0.02352941,0.08627451,0.08627451,0.03921569,0.1490196
1,41,9.81,500,0.7,1,0.3,160,100000,1,0.1,0.05,3.3,1,1,0,400000,1,1,0.05,3.3s,1,0.0001,1000,9.496924,0.3333333,0.003921569,0,0.003921569,0.04705883,0.07450981,0.08627451,0.03921569,0.1490196
1,42,9.81,500,0.7,1,0.3,160,100000,1,0.1,0.05,3.3,1,1,0,400000,1,1,0.05,3.3s,1,0.0001,1000,9.496924,0.3333333,0.003921569,0,0.003921569,0.07058824,0.0627451,0.08235294,0.04313726,0.1490196
1,43,9.81,500,0.7,1,0.3,160,100000,1,0.1,0.05,3.3,1,1,0,400000,1,1,0.05,3.3s,1,0.0001,1000,9.496924,0.3333333,0.007843138,0,0.003921569,0.09803922,0.04705883,0.07450981,0.04313726,0.1490196
1,44,9.81,500,0.7,1,0.3,160,100000,1,0.1,0.05,3.3,1,1,0,400000,1,1,0.05,3.3s,1,0.0001,1000,9.496924,0.3333333,0.007843138,0,0.003921569,0.1215686,0.03137255,0.05882353,0.04313726,0.1529412
1,45,9.81,500,0.7,1,0.3,160,100000,1,0.1,0.05,3.3,1,1,0,400000,1,1,0.05,3.3s,1,0.0001,1000,9.496924,0.3333333,0.007843138,0,0.003921569,0.1411765,0.01176471,0.04313726,0.03921569,0.1529412
1,46,9.81,500,0.7,1,0.3,160,100000,1,0.1,0.05,3.3,1,1,0,400000,1,1,0.05,3.3s,1,0.0001,1000,9.496924,0.3333333,0.007843138,0,0.003921569,0.1568628,0,0.02352941,0.03921569,0.1568628
1,47,9.81,500,0.7,1,0.3,160,100000,1,0.1,0.05,3.3,1,1,0,400000,1,1,0.05,3.3s,1,0.0001,1000,9.496924,0.3333333,0.007843138,0,0,0.1607843,0,0,0.03921569,0.1607843
1,48,9.81,500,0.7,1,0.3,160,100000,1,0.1,0.05,3.3,1,1,0,400000,1,1,0.05,3.3s,1,0.0001,1000,9.496924,0.3333333,0.007843138,0,0,0.1568628,0,0,0.03921569,0.1647059
1,49,9.81,500,0.7,1,0.3,160,100000,1,0.1,0.05,3.3,1,1,0,400000,1,1,0.05,3.3s,1,0.0001,1000,9.496924,0.3333333,0.007843138,0.003921569,0,0.1411765,0,0,0.03921569,0.1686275
1,50,9.81,500,0.7,1,0.3,160,100000,1,0.1,0.05,3.3,1,1,0,400000,1,1,0.05,3.3s,1,0.0001,1000,9.496924,0.3333333,0.007843138,0.003921569,0,0.1176471,0,0,0.03921569,0.172549
1,51,9.81,500,0.7,1,0.3,160,100000,1,0.1,0.05,3.3,1,1,0,400000,1,1,0.05,3.3s,1,0.0001,1000,9.496924,0.3333333,0.007843138,0.003921569,0,0.08235294,0,0,0.03921569,0.1764706
1,52,9.81,500,0.7,1,0.3,160,100000,1,0.1,0.05,3.3,1,1,0,400000,1,1,0.05,3.3s,1,0.0001,1000,9.496924,0.3333333,0.003921569,0.007843138,0,0.0509804,0,0,0.03921569,0.1764706
1,53,9.81,500,0.7,1,0.3,160,100000,1,0.1,0.05,3.3,1,1,0,400000,1,1,0.05,3.3s,1,0.0001,1000,9.496924,0.3333333,0.003921569,0.007843138,0,0.02352941,0,0,0.03529412,0.1764706
1,54,9.81,500,0.7,1,0.3,160,100000,1,0.1,0.05,3.3,1,1,0,400000,1,1,0.05,3.3s,1,0.0001,1000,9.496924,0.3333333,0.003921569,0.007843138,0,0.003921569,0,0,0.03529412,0.172549
1,55,9.81,500,0.7,1,0.3,160,100000,1,0.1,0.05,3.3,1,1,0,400000,1,1,0.05,3.3s,1,0.0001,1000,9.496924,0.3333333,0,0.007843138,0.003921569,0,0.007843138,0,0.03529412,0.172549
1,56,9.81,500,0.7,1,0.3,160,100000,1,0.1,0.05,3.3,1,1,0,400000,1,1,0.05,3.3s,1,0.0001,1000,9.496924,0.3333333,0,0.007843138,0.003921569,0,0.03137255,0,0.03137255,0.172549
1,57,9.81,500,0.7,1,0.3,160,100000,1,0.1,0.05,3.3,1,1,0,400000,1,1,0.05,3.3s,1,0.0001,1000,9.496924,0.3333333,0,0.007843138,0.003921569,0,0.0509804,0,0.03137255,0.172549
1,58,9.81,500,0.7,1,0.3,160,100000,1,0.1,0.05,3.3,1,1,0,400000,1,1,0.05,3.3s,1,0.0001,1000,9.496924,0.3333333,0,0.007843138,0.003921569,0,0.07058824,0,0.02745098,0.172549
1,59,9.81,500,0.7,1,0.3,160,100000,1,0.1,0.05,3.3,1,1,0,400000,1,1,0.05,3.3s,1,0.0001,1000,9.496924,0.3333333,0,0.007843138,0.003921569,0,0.08627451,0,0.02745098,0.172549
1,60,9.81,500,0.7,1,0.3,160,100000,1,0.1,0.05,3.3,1,1,0,400000,1,1,0.05,3.3s,1,0.0001,1000,9.496924,0.3333333,0,0.007843138,0.003921569,0,0.09411766,0,0.02745098,0.172549
1,61,9.81,500,0.7,1,0.3,160,100000,1,0.1,0.05,3.3,1,1,0,400000,1,1,0.05,3.3s,1,0.0001,1000,9.496924,0.3333333,0,0.007843138,0.003921569,0,0.1019608,0,0.02352941,0.172549
1,62,9.81,500,0.7,1,0.3,160,100000,1,0.1,0.05,3.3,1,1,0,400000,1,1,0.05,3.3s,1,0.0001,1000,9.496924,0.3333333,0,0.003921569,0.003921569,0,0.1019608,0,0.02352941,0.172549
1,63,9.81,500,0.7,1,0.3,160,100000,1,0.1,0.05,3.3,1,1,0,400000,1,1,0.05,3.3s,1,0.0001,1000,9.496924,0.3333333,0,0.003921569,0.003921569,0,0.09803922,0,0.02745098,0.1686275
2,0,9.81,500,0.7,1,0.3,160,100000,1,0.1,0.05,3.3,1,1,0,400000,1,1,0.05,3.3s,1,0.0001,1000,9.496924,0.3333333,0,0.003921569,0.007843138,0,0.1019608,0,0.01568628,0.172549
2,1,9.81,500,0.7,1,0.3,160,100000,1,0.1,0.05,3.3,1,1,0,400000,1,1,0.05,3.3s,1,0.0001,1000,9.496924,0.3333333,0,0.003921569,0.007843138,0,0.09411766,0,0.01568628,0.1686275
2,2,9.81,500,0.7,1,0.3,160,100000,1,0.1,0.05,3.3,1,1,0,400000,1,1,0.05,3.3s,1,0.0001,1000,9.496924,0.3333333,0,0,0.003921569,0,0.08627451,0,0.01568628,0.1647059
2,3,9.81,500,0.7,1,0.3,160,100000,1,0.1,0.05,3.3,1,1,0,400000,1,1,0.05,3.3s,1,0.0001,1000,9.496924,0.3333333,0,0,0.003921569,0,0.07843138,0.01176471,0.01568628,0.1607843
2,4,9.81,500,0.7,1,0.3,160,100000,1,0.1,0.05,3.3,1,1,0,400000,1,1,0.05,3.3s,1,0.0001,1000,9.496924,0.3333333,0,0,0.003921569,0,0.06666667,0.02745098,0.01176471,0.1607843
2,5,9.81,500,0.7,1,0.3,160,100000,1,0.1,0.05,3.3,1,1,0,400000,1,1,0.05,3.3s,1,0.0001,1000,9.496924,0.3333333,0,0,0.003921569,0,0.0627451,0.03921569,0.007843138,0.1607843
2,6,9.81,500,0.7,1,0.3,160,100000,1,0.1,0.05,3.3,1,1,0,400000,1,1,0.05,3.3s,1,0.0001,1000,9.496924,0.3333333,0,0,0.003921569,0,0.05490196,0.04705883,0.003921569,0.1568628
2,7,9.81,500,0.7,1,0.3,160,100000,1,0.1,0.05,3.3,1,1,0,400000,1,1,0.05,3.3s,1,0.0001,1000,9.496924,0.3333333,0,0,0.003921569,0,0.05490196,0.05490196,0,0.1568628
2,8,9.81,500,0.7,1,0.3,160,100000,1,0.1,0.05,3.3,1,1,0,400000,1,1,0.05,3.3s,1,0.0001,1000,9.496924,0.3333333,0,0,0.003921569,0,0.0509804,0.0627451,0,0.1568628
2,9,9.81,500,0.7,1,0.3,160,100000,1,0.1,0.05,3.3,1,1,0,400000,1,1,0.05,3.3s,1,0.0001,1000,9.496924,0.3333333,0,0,0.003921569,0,0.0509804,0.07058824,0,0.1568628
2,10,9.81,500,0.7,1,0.3,160,100000,1,0.1,0.05,3.3,1,1,0,400000,1,1,0.05,3.3s,1,0.0001,1000,9.496924,0.3333333,0,0,0.003921569,0,0.0509804,0.07843138,0,0.1568628
2,11,9.81,500,0.7,1,0.3,160,100000,1,0.1,0.05,3.3,1,1,0,400000,1,1,0.05,3.3s,1,0.0001,1000,9.496924,0.3333333,0,0,0.003921569,0,0.0509804,0.08627451,0,0.1568628
2,12,9.81,500,0.7,1,0.3,160,100000,1,0.1,0.05,3.3,1,1,0,400000,1,1,0.05,3.3s,1,0.0001,1000,9.496924,0.3333333,0,0,0.003921569,0.003921569,0.04705883,0.09411766,0,0.1529412
2,13,9.81,500,0.7,1,0.3,160,100000,1,0.1,0.05,3.3,1,1,0,400000,1,1,0.05,3.3s,1,0.0001,1000,9.496924,0.3333333,0.003921569,0,0.003921569,0.03137255,0.03921569,0.1019608,0,0.1529412
2,14,9.81,500,0.7,1,0.3,160,100000,1,0.1,0.05,3.3,1,1,0,400000,1,1,0.05,3.3s,1,0.0001,1000,9.496924,0.3333333,0.003921569,0,0.003921569,0.06666667,0.03137255,0.1019608,0,0.1529412
2,15,9.81,500,0.7,1,0.3,160,100000,1,0.1,0.05,3.3,1,1,0,400000,1,1,0.05,3.3s,1,0.0001,1000,9.496924,0.3333333,0.003921569,0,0.003921569,0.1058824,0.02352941,0.09803922,0,0.1529412
2,16,9.81,500,0.7,1,0.3,160,100000,1,0.1,0.05,3.3,1,1,0,400000,1,1,0.05,3.3s,1,0.0001,1000,9.496924,0.3333333,0.007843138,0,0.003921569,0.1490196,0.01568628,0.08235294,0,0.1568628
2,17,9.81,500,0.7,1,0.3,160,100000,1,0.1,0.05,3.3,1,1,0,400000,1,1,0.05,3.3s,1,0.0001,1000,9.496924,0.3333333,0.007843138,0,0.003921569,0.1843137,0.01176471,0.05490196,0,0.1607843
2,18,9.81,500,0.7,1,0.3,160,100000,1,0.1,0.05,3.3,1,1,0,400000,1,1,0.05,3.3s,1,0.0001,1000,9.496924,0.3333333,0.007843138,0,0.003921569,0.2078432,0.01568628,0.01960784,0,0.1647059
2,19,9.81,500,0.7,1,0.3,160,100000,1,0.1,0.05,3.3,1,1,0,400000,1,1,0.05,3.3s,1,0.0001,1000,9.496924,0.3333333,0.007843138,0.003921569,0.003921569,0.2156863,0.01960784,0,0,0.172549
2,20,9.81,500,0.7,1,0.3,160,100000,1,0.1,0.05,3.3,1,1,0,400000,1,1,0.05,3.3s,1,0.0001,1000,9.496924,0.3333333,0.007843138,0.007843138,0.003921569,0.2039216,0.02745098,0,0,0.1803922
2,21,9.81,500,0.7,1,0.3,160,100000,1,0.1,0.05,3.3,1,1,0,400000,1,1,0.05,3.3s,1,0.0001,1000,9.496924,0.3333333,0.007843138,0.007843138,0.003921569,0.1686275,0.03529412,0,0,0.1882353
2,22,9.81,500,0.7,1,0.3,160,100000,1,0.1,0.05,3.3,1,1,0,400000,1,1,0.05,3.3s,1,0.0001,1000,9.496924,0.3333333,0.003921569,0.01176471,0.003921569,0.1176471,0.04705883,0,0,0.1960784
2,23,9.81,500,0.7,1,0.3,160,100000,1,0.1,0.05,3.3,1,1,0,400000,1,1,0.05,3.3s,1,0.0001,1000,9.496924,0.3333333,0.003921569,0.01176471,0.003921569,0.05882353,0.0509804,0,0,0.2
2,24,9.81,500,0.7,1,0.3,160,100000,1,0.1,0.05,3.3,1,1,0,400000,1,1,0.05,3.3s,1,0.0001,1000,9.496924,0.3333333,0,0.01568628,0.003921569,0,0.05490196,0,0,0.2
2,25,9.81,500,0.7,1,0.3,160,100000,1,0.1,0.05,3.3,1,1,0,400000,1,1,0.05,3.3s,1,0.0001,1000,9.496924,0.3333333,0,0.01176471,0.003921569,0,0.05490196,0,0,0.2
2,26,9.81,500,0.7,1,0.3,160,100000,1,0.1,0.05,3.3,1,1,0,400000,1,1,0.05,3.3s,1,0.0001,1000,9.496924,0.3333333,0,0.01176471,0.003921569,0,0.05490196,0,0,0.1960784
2,27,9.81,500,0.7,1,0.3,160,100000,1,0.1,0.05,3.3,1,1,0,400000,1,1,0.05,3.3s,1,0.0001,1000,9.496924,0.3333333,0,0.01176471,0.003921569,0,0.0509804,0,0,0.1882353
2,28,9.81,500,0.7,1,0.3,160,100000,1,0.1,0.05,3.3,1,1,0,400000,1,1,0.05,3.3s,1,0.0001,1000,9.496924,0.3333333,0,0.007843138,0.003921569,0,0.04705883,0,0,0.1803922
2,29,9.81,500,0.7,1,0.3,160,100000,1,0.1,0.05,3.3,1,1,0,400000,1,1,0.05,3.3s,1,0.0001,1000,9.496924,0.3333333,0,0.003921569,0.003921569,0,0.04705883,0,0,0.1764706
2,30,9.81,500,0.7,1,0.3,160,100000,1,0.1,0.05,3.3,1,1,0,400000,1,1,0.05,3.3s,1,0.0001,1000,9.496924,0.3333333,0,0,0.003921569,0,0.04705883,0,0,0.1686275
2,31,9.81,500,0.7,1,0.3,160,100000,1,0.1,0.05,3.3,1,1,0,400000,1,1,0.05,3.3s,1,0.0001,1000,9.496924,0.3333333,0,0,0.003921569,0,0.05490196,0.02352941,0,0.1647059
2,32,9.81,500,0.7,1,0.3,160,100000,1,0.1,0.05,3.3,1,1,0,400000,1,1,0.05,3.3s,1,0.0001,1000,9.496924,0.3333333,0,0,0.003921569,0,0.0627451,0.0509804,0,0.1607843
2,33,9.81,500,0.7,1,0.3,160,100000,1,0.1,0.05,3.3,1,1,0,400000,1,1,0.05,3.3s,1,0.0001,1000,9.496924,0.3333333,0,0,0.007843138,0,0.07058824,0.07058824,0,0.1568628
2,34,9.81,500,0.7,1,0.3,160,100000,1,0.1,0.05,3.3,1,1,0,400000,1,1,0.05,3.3s,1,0.0001,1000,9.496924,0.3333333,0,0,0.007843138,0,0.08235294,0.08235294,0,0.1529412
2,35,9.81,500,0.7,1,0.3,160,100000,1,0.1,0.05,3.3,1,1,0,400000,1,1,0.05,3.3s,1,0.0001,1000,9.496924,0.3333333,0,0,0.007843138,0,0.09411766,0.08627451,0.003921569,0.1529412
2,36,9.81,500,0.7,1,0.3,160,100000,1,0.1,0.05,3.3,1,1,0,400000,1,1,0.05,3.3s,1,0.0001,1000,9.496924,0.3333333,0,0,0.007843138,0,0.1019608,0.09019608,0.01176471,0.1529412
2,37,9.81,500,0.7,1,0.3,160,100000,1,0.1,0.05,3.3,1,1,0,400000,1,1,0.05,3.3s,1,0.0001,1000,9.496924,0.3333333,0,0,0.007843138,0,0.1058824,0.08627451,0.01568628,0.1529412
2,38,9.81,500,0.7,1,0.3,160,100000,1,0.1,0.05,3.3,1,1,0,400000,1,1,0.05,3.3s,1,0.0001,1000,9.496924,0.3333333,0,0,0.007843138,0,0.1098039,0.08235294,0.01960784,0.1490196
2,39,9.81,500,0.7,1,0.3,160,100000,1,0.1,0.05,3.3,1,1,0,400000,1,1,0.05,3.3s,1,0.0001,1000,9.496924,0.3333333,0,0,0.007843138,0,0.1058824,0.08235294,0.02745098,0.1490196
2,40,9.81,500,0.7,1,0.3,160,100000,1,0.1,0.05,3.3,1,1,0,400000,1,1,0.05,3.3s,1,0.0001,1000,9.496924,0.3333333,0.003921569,0,0.007843138,0.01568628,0.09803922,0.07843138,0.03137255,0.1490196
2,41,9.81,500,0.7,1,0.3,160,100000,1,0.1,0.05,3.3,1,1,0,400000,1,1,0.05,3.3s,1,0.0001,1000,9.496924,0.3333333,0.003921569,0,0.003921569,0.03529412,0.08627451,0.07843138,0.03137255,0.1490196
2,42,9.81,500,0.7,1,0.3,160,100000,1,0.1,0.05,3.3,1,1,0,400000,1,1,0.05,3.3s,1,0.0001,1000,9.496924,0.3333333,0.003921569,0,0.003921569,0.05490196,0.07450981,0.07843138,0.03529412,0.1490196
2,43,9.81,500,0.7,1,0.3,160,100000,1,0.1,0.05,3.3,1,1,0,400000,1,1,0.05,3.3s,1,0.0001,1000,9.496924,0.3333333,0.003921569,0,0.003921569,0.07843138,0.05882353,0.07058824,0.03529412,0.1490196
2,44,9.81,500,0.7,1,0.3,160,100000,1,0.1,0.05,3.3,1,1,0,400000,1,1,0.05,3.3s,1,0.0001,1000,9.496924,0.3333333,0.007843138,0,0.003921569,0.1058824,0.04313726,0.0627451,0.03529412,0.1529412
2,45,9.81,500,0.7,1,0.3,160,100000,1,0.1,0.05,3.3,1,1,0,400000,1,1,0.05,3.3s,1,0.0001,1000,9.496924,0.3333333,0.007843138,0,0.003921569,0.1254902,0.02745098,0.04705883,0.03529412,0.1529412
2,46,9.81,500,0.7,1,0.3,160,100000,1,0.1,0.05,3.3,1,1,0,400000,1,1,0.05,3.3s,1,0.0001,1000,9.496924,0.3333333,0.007843138,0,0.003921569,0.1411765,0.01176471,0.02745098,0.03529412,0.1568628
2,47,9.81,500,0.7,1,0.3,160,100000,1,0.1,0.05,3.3,1,1,0,400000,1,1,0.05,3.3s,1,0.0001,1000,9.496924,0.3333333,0.007843138,0,0.003921569,0.1490196,0,0.003921569,0.03921569,0.1607843
2,48,9.81,500,0.7,1,0.3,160,100000,1,0.1,0.05,3.3,1,1,0,400000,1,1,0.05,3.3s,1,0.0001,1000,9.496924,0.3333333,0.007843138,0,0,0.1490196,0,0,0.03921569,0.1647059
2,49,9.81,500,0.7,1,0.3,160,100000,1,0.1,0.05,3.3,1,1,0,400000,1,1,0.05,3.3s,1,0.0001,1000,9.496924,0.3333333,0.007843138,0,0,0.1372549,0,0,0.03921569,0.1686275
2,50,9.81,500,0.7,1,0.3,160,100000,1,0.1,0.05,3.3,1,1,0,400000,1,1,0.05,3.3s,1,0.0001,1000,9.496924,0.3333333,0.007843138,0.003921569,0,0.1137255,0,0,0.03921569,0.172549
2,51,9.81,500,0.7,1,0.3,160,100000,1,0.1,0.05,3.3,1,1,0,400000,1,1,0.05,3.3s,1,0.0001,1000,9.496924,0.3333333,0.007843138,0.003921569,0,0.08627451,0,0,0.03921569,0.172549
2,52,9.81,500,0.7,1,0.3,160,100000,1,0.1,0.05,3.3,1,1,0,400000,1,1,0.05,3.3s,1,0.0001,1000,9.496924,0.3333333,0.003921569,0.007843138,0,0.05882353,0,0,0.03921569,0.172549
2,53,9.81,500,0.7,1,0.3,160,100000,1,0.1,0.05,3.3,1,1,0,400000,1,1,0.05,3.3s,1,0.0001,1000,9.496924,0.3333333,0.003921569,0.007843138,0,0.03529412,0,0,0.03529412,0.172549
2,54,9.81,500,0.7,1,0.3,160,100000,1,0.1,0.05,3.3,1,1,0,400000,1,1,0.05,3.3s,1,0.0001,1000,9.496924,0.3333333,0.003921569,0.007843138,0.003921569,0.01960784,0.007843138,0,0.03137255,0.172549
2,55,9.81,500,0.7,1,0.3,160,100000,1,0.1,0.05,3.3,1,1,0,400000,1,1,0.05,3.3s,1,0.0001,1000,9.496924,0.3333333,0,0.007843138,0.003921569,0.01176471,0.02745098,0,0.03137255,0.172549
2,56,9.81,500,0.7,1,0.3,160,100000,1,0.1,0.05,3.3,1,1,0,400000,1,1,0.05,3.3s,1,0.0001,1000,9.496924,0.3333333,0,0.007843138,0.003921569,0.01176471,0.04705883,0,0.02745098,0.172549
2,57,9.81,500,0.7,1,0.3,160,100000,1,0.1,0.05,3.3,1,1,0,400000,1,1,0.05,3.3s,1,0.0001,1000,9.496924,0.3333333,0,0.007843138,0.003921569,0.01176471,0.0627451,0,0.02352941,0.172549
2,58,9.81,500,0.7,1,0.3,160,100000,1,0.1,0.05,3.3,1,1,0,400000,1,1,0.05,3.3s,1,0.0001,1000,9.496924,0.3333333,0,0.007843138,0.003921569,0.007843138,0.08235294,0,0.01960784,0.172549
2,59,9.81,500,0.7,1,0.3,160,100000,1,0.1,0.05,3.3,1,1,0,400000,1,1,0.05,3.3s,1,0.0001,1000,9.496924,0.3333333,0,0.007843138,0.003921569,0,0.09411766,0,0.01568628,0.1764706
2,60,9.81,500,0.7,1,0.3,160,100000,1,0.1,0.05,3.3,1,1,0,400000,1,1,0.05,3.3s,1,0.0001,1000,9.496924,0.3333333,0,0.007843138,0.003921569,0,0.1058824,0,0.01568628,0.1764706
2,61,9.81,500,0.7,1,0.3,160,100000,1,0.1,0.05,3.3,1,1,0,400000,1,1,0.05,3.3s,1,0.0001,1000,9.496924,0.3333333,0,0.007843138,0.007843138,0,0.1098039,0,0.01176471,0.1764706
2,62,9.81,500,0.7,1,0.3,160,100000,1,0.1,0.05,3.3,1,1,0,400000,1,1,0.05,3.3s,1,0.0001,1000,9.496924,0.3333333,0,0.007843138,0.007843138,0,0.1098039,0,0.01568628,0.1764706
2,63,9.81,500,0.7,1,0.3,160,100000,1,0.1,0.05,3.3,1,1,0,400000,1,1,0.05,3.3s,1,0.0001,1000,9.496924,0.3333333,0,0.003921569,0.007843138,0,0.1058824,0,0.01568628,0.172549
3,0,9.81,500,0.7,1,0.3,160,100000,1,0.1,0.05,3.3,1,1,0,400000,1,1,0.05,3.3s,1,0.0001,1000,9.496924,0.3333333,0,0.003921569,0.007843138,0,0.1098039,0,0.003921569,0.172549
3,1,9.81,500,0.7,1,0.3,160,100000,1,0.1,0.05,3.3,1,1,0,400000,1,1,0.05,3.3s,1,0.0001,1000,9.496924,0.3333333,0,0.003921569,0.007843138,0,0.1019608,0,0.003921569,0.1686275
3,2,9.81,500,0.7,1,0.3,160,100000,1,0.1,0.05,3.3,1,1,0,400000,1,1,0.05,3.3s,1,0.0001,1000,9.496924,0.3333333,0,0,0.003921569,0,0.09411766,0,0.003921569,0.1686275
3,3,9.81,500,0.7,1,0.3,160,100000,1,0.1,0.05,3.3,1,1,0,400000,1,1,0.05,3.3s,1,0.0001,1000,9.496924,0.3333333,0,0,0.003921569,0,0.08627451,0.01176471,0.003921569,0.1647059
3,4,9.81,500,0.7,1,0.3,160,100000,1,0.1,0.05,3.3,1,1,0,400000,1,1,0.05,3.3s,1,0.0001,1000,9.496924,0.3333333,0,0,0.003921569,0,0.07450981,0.02745098,0,0.1607843
3,5,9.81,500,0.7,1,0.3,160,100000,1,0.1,0.05,3.3,1,1,0,400000,1,1,0.05,3.3s,1,0.0001,1000,9.496924,0.3333333,0,0,0.003921569,0,0.0627451,0.03921569,0,0.1607843
3,6,9.81,500,0.7,1,0.3,160,100000,1,0.1,0.05,3.3,1,1,0,400000,1,1,0.05,3.3s,1,0.0001,1000,9.496924,0.3333333,0,0,0.003921569,0,0.05490196,0.0509804,0,0.1607843
3,7,9.81,500,0.7,1,0.3,160,100000,1,0.1,0.05,3.3,1,1,0,400000,1,1,0.05,3.3s,1,0.0001,1000,9.496924,0.3333333,0,0,0.003921569,0,0.0509804,0.05882353,0,0.1607843
3,8,9.81,500,0.7,1,0.3,160,100000,1,0.1,0.05,3.3,1,1,0,400000,1,1,0.05,3.3s,1,0.0001,1000,9.496924,0.3333333,0,0,0.003921569,0,0.04313726,0.06666667,0,0.1607843
3,9,9.81,500,0.7,1,0.3,160,100000,1,0.1,0.05,3.3,1,1,0,400000,1,1,0.05,3.3s,1,0.0001,1000,9.496924,0.3333333,0,0,0.003921569,0,0.04313726,0.07058824,0,0.1568628
3,10,9.81,500,0.7,1,0.3,160,100000,1,0.1,0.05,3.3,1,1,0,400000,1,1,0.05,3.3s,1,0.0001,1000,9.496924,0.3333333,0,0,0.003921569,0,0.03921569,0.07843138,0,0.1568628
3,11,9.81,500,0.7,1,0.3,160,100000,1,0.1,0.05,3.3,1,1,0,400000,1,1,0.05,3.3s,1,0.0001,1000,9.496924,0.3333333,0,0,0.003921569,0,0.03921569,0.08627451,0,0.1568628
3,12,9.81,500,0.7,1,0.3,160,100000,1,0.1,0.05,3.3,1,1,0,400000,1,1,0.05,3.3s,1,0.0001,1000,9.496924,0.3333333,0,0,0.003921569,0,0.03529412,0.09411766,0,0.1568628
3,13,9.81,500,0.7,1,0.3,160,100000,1,0.1,0.05,3.3,1,1,0,400000,1,1,0.05,3.3s,1,0.0001,1000,9.496924,0.3333333,0.003921569,0,0.003921569,0.02352941,0.02745098,0.1019608,0,0.1529412
3,14,9.81,500,0.7,1,0.3,160,100000,1,0.1,0.05,3.3,1,1,0,400000,1,1,0.05,3.3s,1,0.0001,1000,9.496924,0.3333333,0.003921569,0,0.003921569,0.05882353,0.02352941,0.1058824,0,0.1529412
3,15,9.81,500,0.7,1,0.3,160,100000,1,0.1,0.05,3.3,1,1,0,400000,1,1,0.05,3.3s,1,0.0001,1000,9.496924,0.3333333,0.003921569,0,0.003921569,0.09803922,0.01568628,0.1019608,0,0.1529412
3,16,9.81,500,0.7,1,0.3,160,100000,1,0.1,0.05,3.3,1,1,0,400000,1,1,0.05,3.3s,1,0.0001,1000,9.496924,0.3333333,0.007843138,0,0.003921569,0.145098,0.01176471,0.08627451,0,0.1568628
3,17,9.81,500,0.7,1,0.3,160,100000,1,0.1,0.05,3.3,1,1,0,400000,1,1,0.05,3.3s,1,0.0001,1000,9.496924,0.3333333,0.007843138,0,0.003921569,0.1843137,0.007843138,0.05882353,0,0.1607843
3,18,9.81,500,0.7,1,0.3,160,100000,1,0.1,0.05,3.3,1,1,0,400000,1,1,0.05,3.3s,1,0.0001,1000,9.496924,0.3333333,0.007843138,0,0.003921569,0.2117647,0.007843138,0.02352941,0,0.1647059
3,19,9.81,500,0.7,1,0.3,160,100000,1,0.1,0.05,3.3,1,1,0,400000,1,1,0.05,3.3s,1,0.0001,1000,9.496924,0.3333333,0.007843138,0.003921569,0.003921569,0.2235294,0.01176471,0,0,0.172549
3,20,9.81,500,0.7,1,0.3,160,100000,1,0.1,0.05,3.3,1,1,0,400000,1,1,0.05,3.3s,1,0.0001,1000,9.496924,0.3333333,0.007843138,0.007843138,0.003921569,0.2117647,0.01960784,0,0,0.1803922
3,21,9.81,500,0.7,1,0.3,160,100000,1,0.1,0.05,3.3,1,1,0,400000,1,1,0.05,3.3s,1,0.0001,1000,9.496924,0.3333333,0.007843138,0.01176471,0.003921569,0.1764706,0.03137255,0,0,0.1882353
3,22,9.81,500,0.7,1,0.3,160,100000,1,0.1,0.05,3.3,1,1,0,400000,1,1,0.05,3.3s,1,0.0001,1000,9.496924,0.3333333,0.003921569,0.01176471,0.003921569,0.1294118,0.03921569,0,0,0.1960784
3,23,9.81,500,0.7,1,0.3,160,100000,1,0.1,0.05,3.3,1,1,0,400000,1,1,0.05,3.3s,1,0.0001,1000,9.496924,0.3333333,0.003921569,0.01568628,0.003921569,0.06666667,0.04705883,0,0,0.2
3,24,9.81,500,0.7,1,0.3,160,100000,1,0.1,0.05,3.3,1,1,0,400000,1,1,0.05,3.3s,1,0.0001,1000,9.496924,0.3333333,0,0.01568628,0.003921569,0,0.0509804,0,0,0.2039216
3,25,9.81,500,0.7,1,0.3,160,100000,1,0.1,0.05,3.3,1,1,0,400000,1,1,0.05,3.3s,1,0.0001,1000,9.496924,0.3333333,0,0.01568628,0.003921569,0,0.0509804,0,0,0.2
3,26,9.81,500,0.7,1,0.3,160,100000,1,0.1,0.05,3.3,1,1,0,400000,1,1,0.05,3.3s,1,0.0001,1000,9.496924,0.3333333,0,0.01176471,0.003921569,0,0.04705883,0,0,0.1960784
3,27,9.81,500,0.7,1,0.3,160,100000,1,0.1,0.05,3.3,1,1,0,400000,1,1,0.05,3.3s,1,0.0001,1000,9.496924,0.3333333,0,0.01176471,0.003921569,0,0.04313726,0,0,0.1882353
3,28,9.81,500,0.7,1,0.3,160,100000,1,0.1,0.05,3.3,1,1,0,400000,1,1,0.05,3.3s,1,0.0001,1000,9.496924,0.3333333,0,0.007843138,0.003921569,0,0.04313726,0,0,0.1803922
3,29,9.81,500,0.7,1,0.3,160,100000,1,0.1,0.05,3.3,1,1,0,400000,1,1,0.05,3.3s,1,0.0001,1000,9.496924,0.3333333,0,0.003921569,0.003921569,0,0.03921569,0,0,0.1764706
3,30,9.81,500,0.7,1,0.3,160,100000,1,0.1,0.05,3.3,1,1,0,400000,1,1,0.05,3.3s,1,0.0001,1000,9.496924,0.3333333,0,0.003921569,0.003921569,0,0.04313726,0,0,0.1686275
3,31,9.81,500,0.7,1,0.3,160,100000,1,0.1,0.05,3.3,1,1,0,400000,1,1,0.05,3.3s,1,0.0001,1000,9.496924,0.3333333,0,0,0.003921569,0,0.04705883,0.03137255,0,0.1647059
3,32,9.81,500,0.7,1,0.3,160,100000,1,0.1,0.05,3.3,1,1,0,400000,1,1,0.05,3.3s,1,0.0001,1000,9.496924,0.3333333,0,0,0.003921569,0,0.05490196,0.05490196,0,0.1607843
3,33,9.81,500,0.7,1,0.3,160,100000,1,0.1,0.05,3.3,1,1,0,400000,1,1,0.05,3.3s,1,0.0001,1000,9.496924,0.3333333,0,0,0.003921569,0,0.06666667,0.07058824,0,0.1568628
3,34,9.81,500,0.7,1,0.3,160,100000,1,0.1,0.05,3.3,1,1,0,400000,1,1,0.05,3.3s,1,0.0001,1000,9.496924,0.3333333,0,0,0.007843138,0,0.07843138,0.08235294,0,0.1568628
3,35,9.81,500,0.7,1,0.3,160,100000,1,0.1,0.05,3.3,1,1,0,400000,1,1,0.05,3.3s,1,0.0001,1000,9.496924,0.3333333,0,0,0.007843138,0,0.09019608,0.08627451,0,0.1529412
3,36,9.81,500,0.7,1,0.3,160,100000,1,0.1,0.05,3.3,1,1,0,400000,1,1,0.05,3.3s,1,0.0001,1000,9.496924,0.3333333,0,0,0.007843138,0,0.09803922,0.08235294,0,0.1529412
3,37,9.81,500,0.7,1,0.3,160,100000,1,0.1,0.05,3.3,1,1,0,400000,1,1,0.05,3.3s,1,0.0001,1000,9.496924,0.3333333,0,0,0.007843138,0,0.1098039,0.07843138,0.003921569,0.1529412
3,38,9.81,500,0.7,1,0.3,160,100000,1,0.1,0.05,3.3,1,1,0,400000,1,1,0.05,3.3s,1,0.0001,1000,9.496924,0.3333333,0,0,0.007843138,0,0.1137255,0.07450981,0.007843138,0.1529412
3,39,9.81,500,0.7,1,0.3,160,100000,1,0.1,0.05,3.3,1,1,0,400000,1,1,0.05,3.3s,1,0.0001,1000,9.496924,0.3333333,0,0,0.007843138,0,0.1137255,0.07058824,0.01568628,0.1529412
3,40,9.81,500,0.7,1,0.3,160,100000,1,0.1,0.05,3.3,1,1,0,400000,1,1,0.05,3.3s,1,0.0001,1000,9.496924,0.3333333,0,0,0.007843138,0.007843138,0.1058824,0.07058824,0.01960784,0.1529412
3,41,9.81,500,0.7,1,0.3,160,100000,1,0.1,0.05,3.3,1,1,0,400000,1,1,0.05,3.3s,1,0.0001,1000,9.496924,0.3333333,0.003921569,0,0.007843138,0.02352941,0.09803922,0.07058824,0.02352941,0.1529412
3,42,9.81,500,0.7,1,0.3,160,100000,1,0.1,0.05,3.3,1,1,0,400000,1,1,0.05,3.3s,1,0.0001,1000,9.496924,0.3333333,0.003921569,0,0.003921569,0.04313726,0.08627451,0.07058824,0.02745098,0.1529412
3,43,9.81,500,0.7,1,0.3,160,100000,1,0.1,0.05,3.3,1,1,0,400000,1,1,0.05,3.3s,1,0.0001,1000,9.496924,0.3333333,0.003921569,0,0.003921569,0.0627451,0.07058824,0.07058824,0.02745098,0.1529412
3,44,9.81,500,0.7,1,0.3,160,100000,1,0.1,0.05,3.3,1,1,0,400000,1,1,0.05,3.3s,1,0.0001,1000,9.496924,0.3333333,0.007843138,0,0.003921569,0.08627451,0.05490196,0.0627451,0.03137255,0.1529412
3,45,9.81,500,0.7,1,0.3,160,100000,1,0.1,0.05,3.3,1,1,0,400000,1,1,0.05,3.3s,1,0.0001,1000,9.496924,0.3333333,0.007843138,0,0.003921569,0.1098039,0.03921569,0.04705883,0.03137255,0.1529412
3,46,9.81,500,0.7,1,0.3,160,100000,1,0.1,0.05,3.3,1,1,0,400000,1,1,0.05,3.3s,1,0.0001,1000,9.496924,0.3333333,0.007843138,0,0.003921569,0.1294118,0.02352941,0.03137255,0.03137255,0.1568628
3,47,9.81,500,0.7,1,0.3,160,100000,1,0.1,0.05,3.3,1,1,0,400000,1,1,0.05,3.3s,1,0.0001,1000,9.496924,0.3333333,0.007843138,0,0.003921569,0.1372549,0.01176471,0.01176471,0.03529412,0.1607843
3,48,9.81,500,0.7,1,0.3,160,100000,1,0.1,0.05,3.3,1,1,0,400000,1,1,0.05,3.3s,1,0.0001,1000,9.496924,0.3333333,0.007843138,0,0.003921569,0.1411765,0.003921569,0,0.03529412,0.1647059
3,49,9.81,500,0.7,1,0.3,160,100000,1,0.1,0.05,3.3,1,1,0,400000,1,1,0.05,3.3s,1,0.0001,1000,9.496924,0.3333333,0.007843138,0,0.003921569,0.1333333,0,0,0.03529412,0.1686275
3,50,9.81,500,0.7,1,0.3,160,100000,1,0.1,0.05,3.3,1,1,0,400000,1,1,0.05,3.3s,1,0.0001,1000,9.496924,0.3333333,0.007843138,0.003921569,0,0.1137255,0,0,0.03529412,0.1686275
3,51,9.81,500,0.7,1,0.3,160,100000,1,0.1,0.05,3.3,1,1,0,400000,1,1,0.05,3.3s,1,0.0001,1000,9.496924,0.3333333,0.007843138,0.003921569,0,0.09019608,0,0,0.03529412,0.172549
3,52,9.81,500,0.7,1,0.3,160,100000,1,0.1,0.05,3.3,1,1,0,400000,1,1,0.05,3.3s,1,0.0001,1000,9.496924,0.3333333,0.003921569,0.007843138,0.003921569,0.06666667,0,0,0.03137255,0.172549
3,53,9.81,500,0.7,1,0.3,160,100000,1,0.1,0.05,3.3,1,1,0,400000,1,1,0.05,3.3s,1,0.0001,1000,9.496924,0.3333333,0.003921569,0.007843138,0.003921569,0.04705883,0.01176471,0,0.03137255,0.172549
3,54,9.81,500,0.7,1,0.3,160,100000,1,0.1,0.05,3.3,1,1,0,400000,1,1,0.05,3.3s,1,0.0001,1000,9.496924,0.3333333,0.003921569,0.007843138,0.003921569,0.03529412,0.02352941,0,0.02745098,0.172549
3,55,9.81,500,0.7,1,0.3,160,100000,1,0.1,0.05,3.3,1,1,0,400000,1,1,0.05,3.3s,1,0.0001,1000,9.496924,0.3333333,0.003921569,0.007843138,0.003921569,0.03137255,0.03921569,0,0.01960784,0.172549
3,56,9.81,500,0.7,1,0.3,160,100000,1,0.1,0.05,3.3,1,1,0,400000,1,1,0.05,3.3s,1,0.0001,1000,9.496924,0.3333333,0,0.007843138,0.003921569,0.03137255,0.05490196,0,0.01568628,0.172549
3,57,9.81,500,0.7,1,0.3,160,100000,1,0.1,0.05,3.3,1,1,0,400000,1,1,0.05,3.3s,1,0.0001,1000,9.496924,0.3333333,0,0.007843138,0.003921569,0.02745098,0.07058824,0,0.01176471,0.1764706
3,58,9.81,500,0.7,1,0.3,160,100000,1,0.1,0.05,3.3,1,1,0,400000,1,1,0.05,3.3s,1,0.0001,1000,9.496924,0.3333333,0,0.007843138,0.003921569,0.01960784,0.08627451,0,0.003921569,0.1764706
3,59,9.81,500,0.7,1,0.3,160,100000,1,0.1,0.05,3.3,1,1,0,400000,1,1,0.05,3.3s,1,0.0001,1000,9.496924,0.3333333,0,0.01176471,0.003921569,0.007843138,0.09803922,0,0.003921569,0.1803922
3,60,9.81,500,0.7,1,0.3,160,100000,1,0.1,0.05,3.3,1,1,0,400000,1,1,0.05,3.3s,1,0.0001,1000,9.496924,0.3333333,0,0.007843138,0.003921569,0,0.1058824,0,0,0.1803922
3,61,9.81,500,0.7,1,0.3,160,100000,1,0.1,0.05,3.3,1,1,0,400000,1,1,0.05,3.3s,1,0.0001,1000,9.496924,0.3333333,0,0.007843138,0.007843138,0,0.1137255,0,0,0.1803922
3,62,9.81,500,0.7,1,0.3,160,100000,1,0.1,0.05,3.3,1,1,0,400000,1,1,0.05,3.3s,1,0.0001,1000,9.496924,0.3333333,0,0.007843138,0.007843138,0,0.1137255,0,0,0.1803922
3,63,9.81,500,0.7,1,0.3,160,100000,1,0.1,0.05,3.3,1,1,0,400000,1,1,0.05,3.3s,1,0.0001,1000,9.496924,0.3333333,0,0.007843138,0.007843138,0,0.1137255,0,0,0.1764706
4,0,9.81,500,0.7,1,0.3,160,100000,1,0.1,0.05,3.3,1,1,0,400000,1,1,0.05,3.3s,1,0.0001,1000,9.496924,0.3333333,0,0.007843138,0.007843138,0,0.1098039,0,0,0.1764706
4,1,9.81,500,0.7,1,0.3,160,100000,1,0.1,0.05,3.3,1,1,0,400000,1,1,0.05,3.3s,1,0.0001,1000,9.496924,0.3333333,0,0.003921569,0.007843138,0,0.1058824,0,0,0.172549
4,2,9.81,500,0.7,1,0.3,160,100000,1,0.1,0.05,3.3,1,1,0,400000,1,1,0.05,3.3s,1,0.0001,1000,9.496924,0.3333333,0,0.003921569,0.003921569,0,0.09803922,0,0,0.1686275
4,3,9.81,500,0.7,1,0.3,160,100000,1,0.1,0.05,3.3,1,1,0,400000,1,1,0.05,3.3s,1,0.0001,1000,9.496924,0.3333333,0,0,0.003921569,0,0.09019608,0.007843138,0,0.1686275
4,4,9.81,500,0.7,1,0.3,160,100000,1,0.1,0.05,3.3,1,1,0,400000,1,1,0.05,3.3s,1,0.0001,1000,9.496924,0.3333333,0,0,0.003921569,0,0.07450981,0.02745098,0,0.1647059
4,5,9.81,500,0.7,1,0.3,160,100000,1,0.1,0.05,3.3,1,1,0,400000,1,1,0.05,3.3s,1,0.0001,1000,9.496924,0.3333333,0,0,0.003921569,0,0.0627451,0.04313726,0,0.1607843
4,6,9.81,500,0.7,1,0.3,160,100000,1,0.1,0.05,3.3,1,1,0,400000,1,1,0.05,3.3s,1,0.0001,1000,9.496924,0.3333333,0,0,0.003921569,0,0.0509804,0.05490196,0,0.1607843
4,7,9.81,500,0.7,1,0.3,160,100000,1,0.1,0.05,3.3,1,1,0,400000,1,1,0.05,3.3s,1,0.0001,1000,9.496924,0.3333333,0,0,0.003921569,0,0.04313726,0.0627451,0,0.1607843
4,8,9.81,500,0.7,1,0.3,160,100000,1,0.1,0.05,3.3,1,1,0,400000,1,1,0.05,3.3s,1,0.0001,1000,9.496924,0.3333333,0,0,0.003921569,0,0.03529412,0.07058824,0,0.1607843
4,9,9.81,500,0.7,1,0.3,160,100000,1,0.1,0.05,3.3,1,1,0,400000,1,1,0.05,3.3s,1,0.0001,1000,9.496924,0.3333333,0,0,0.003921569,0,0.03137255,0.07450981,0,0.1607843
4,10,9.81,500,0.7,1,0.3,160,100000,1,0.1,0.05,3.3,1,1,0,400000,1,1,0.05,3.3s,1,0.0001,1000,9.496924,0.3333333,0,0,0.003921569,0,0.02745098,0.07843138,0,0.1568628
4,11,9.81,500,0.7,1,0.3,160,100000,1,0.1,0.05,3.3,1,1,0,400000,1,1,0.05,3.3s,1,0.0001,1000,9.496924,0.3333333,0,0,0.003921569,0,0.02352941,0.08627451,0,0.1568628
4,12,9.81,500,0.7,1,0.3,160,100000,1,0.1,0.05,3.3,1,1,0,400000,1,1,0.05,3.3s,1,0.0001,1000,9.496924,0.3333333,0,0,0.003921569,0,0.01960784,0.09411766,0,0.1568628
4,13,9.81,500,0.7,1,0.3,160,100000,1,0.1,0.05,3.3,1,1,0,400000,1,1,0.05,3.3s,1,0.0001,1000,9.496924,0.3333333,0.003921569,0,0.003921569,0.01960784,0.01960784,0.1019608,0,0.1529412
4,14,9.81,500,0.7,1,0.3,160,100000,1,0.1,0.05,3.3,1,1,0,400000,1,1,0.05,3.3s,1,0.0001,1000,9.496924,0.3333333,0.003921569,0,0.003921569,0.0509804,0.01568628,0.1058824,0,0.1529412
4,15,9.81,500,0.7,1,0.3,160,100000,1,0.1,0.05,3.3,1,1,0,400000,1,1,0.05,3.3s,1,0.0001,1000,9.496924,0.3333333,0.003921569,0,0.003921569,0.09411766,0.007843138,0.1019608,0,0.1529412
4,16,9.81,500,0.7,1,0.3,160,100000,1,0.1,0.05,3.3,1,1,0,400000,1,1,0.05,3.3s,1,0.0001,1000,9.496924,0.3333333,0.007843138,0,0.003921569,0.1411765,0.007843138,0.09019608,0,0.1529412
4,17,9.81,500,0.7,1,0.3,160,100000,1,0.1,0.05,3.3,1,1,0,400000,1,1,0.05,3.3s,1,0.0001,1000,9.496924,0.3333333,0.007843138,0,0.003921569,0.1843137,0.003921569,0.0627451,0,0.1568628
4,18,9.81,500,0.7,1,0.3,160,100000,1,0.1,0.05,3.3,1,1,0,400000,1,1,0.05,3.3s,1,0.0001,1000,9.496924,0.3333333,0.007843138,0,0.003921569,0.2156863,0.007843138,0.02745098,0,0.1647059
4,19,9.81,500,0.7,1,0.3,160,100000,1,0.1,0.05,3.3,1,1,0,400000,1,1,0.05,3.3s,1,0.0001,1000,9.496924,0.3333333,0.007843138,0.003921569,0.003921569,0.2313726,0.01176471,0,0,0.172549
4,20,9.81,500,0.7,1,0.3,160,100000,1,0.1,0.05,3.3,1,1,0,400000,1,1,0.05,3.3s,1,0.0001,1000,9.496924,0.3333333,0.007843138,0.007843138,0.003921569,0.2196079,0.01960784,0,0,0.1803922
4,21,9.81,500,0.7,1,0.3,160,100000,1,0.1,0.05,3.3,1,1,0,400000,1,1,0.05,3.3s,1,0.0001,1000,9.496924,0.3333333,0.007843138,0.01176471,0.003921569,0.1882353,0.02745098,0,0,0.1882353
4,22,9.81,500,0.7,1,0.3,160,100000,1,0.1,0.05,3.3,1,1,0,400000,1,1,0.05,3.3s,1,0.0001,1000,9.496924,0.3333333,0.003921569,0.01176471,0.003921569,0.1372549,0.03529412,0,0,0.1960784
4,23,9.81,500,0.7,1,0.3,160,100000,1,0.1,0.05,3.3,1,1,0,400000,1,1,0.05,3.3s,1,0.0001,1000,9.496924,0.3333333,0.003921569,0.01568628,0.003921569,0.07058824,0.03921569,0,0,0.2
4,24,9.81,500,0.7,1,0.3,160,100000,1,0.1,0.05,3.3,1,1,0,400000,1,1,0.05,3.3s,1,0.0001,1000,9.496924,0.3333333,0,0.01568628,0.003921569,0,0.04313726,0,0,0.2039216
4,25,9.81,500,0.7,1,0.3,160,100000,1,0.1,0.05,3.3,1,1,0,400000,1,1,0.05,3.3s,1,0.0001,1000,9.496924,0.3333333,0,0.01568628,0.003921569,0,0.04313726,0,0,0.2
4,26,9.81,500,0.7,1,0.3,160,100000,1,0.1,0.05,3.3,1,1,0,400000,1,1,0.05,3.3s,1,0.0001,1000,9.496924,0.3333333,0,0.01176471,0.003921569,0,0.04313726,0,0,0.1960784
4,27,9.81,500,0.7,1,0.3,160,100000,1,0.1,0.05,3.3,1,1,0,400000,1,1,0.05,3.3s,1,0.0001,1000,9.496924,0.3333333,0,0.01176471,0.003921569,0,0.03921569,0,0,0.1882353
4,28,9.81,500,0.7,1,0.3,160,100000,1,0.1,0.05,3.3,1,1,0,400000,1,1,0.05,3.3s,1,0.0001,1000,9.496924,0.3333333,0,0.007843138,0.003921569,0,0.03529412,0,0,0.1803922
4,29,9.81,500,0.7,1,0.3,160,100000,1,0.1,0.05,3.3,1,1,0,400000,1,1,0.05,3.3s,1,0.0001,1000,9.496924,0.3333333,0,0.003921569,0.003921569,0,0.03137255,0,0,0.1764706
4,30,9.81,500,0.7,1,0.3,160,100000,1,0.1,0.05,3.3,1,1,0,400000,1,1,0.05,3.3s,1,0.0001,1000,9.496924,0.3333333,0,0.003921569,0.003921569,0,0.03529412,0.003921569,0,0.1686275
4,31,9.81,500,0.7,1,0.3,160,100000,1,0.1,0.05,3.3,1,1,0,400000,1,1,0.05,3.3s,1,0.0001,1000,9.496924,0.3333333,0,0,0.003921569,0,0.03921569,0.03529412,0,0.1647059
4,32,9.81,500,0.7,1,0.3,160,100000,1,0.1,0.05,3.3,1,1,0,400000,1,1,0.05,3.3s,1,0.0001,1000,9.496924,0.3333333,0,0,0.003921569,0,0.04313726,0.05882353,0,0.1607843
4,33,9.81,500,0.7,1,0.3,160,100000,1,0.1,0.05,3.3,1,1,0,400000,1,1,0.05,3.3s,1,0.0001,1000,9.496924,0.3333333,0,0,0.003921569,0,0.05490196,0.07450981,0,0.1568628
4,34,9.81,500,0.7,1,0.3,160,100000,1,0.1,0.05,3.3,1,1,0,400000,1,1,0.05,3.3s,1,0.0001,1000,9.496924,0.3333333,0,0,0.007843138,0,0.06666667,0.08235294,0,0.1568628
4,35,9.81,500,0.7,1,0.3,160,100000,1,0.1,0.05,3.3,1,1,0,400000,1,1,0.05,3.3s,1,0.0001,1000,9.496924,0.3333333,0,0,0.007843138,0,0.08235294,0.08235294,0,0.1568628
4,36,9.81,500,0.7,1,0.3,160,100000,1,0.1,0.05,3.3,1,1,0,400000,1,1,0.05,3.3s,1,0.0001,1000,9.496924,0.3333333,0,0,0.007843138,0,0.09411766,0.07843138,0,0.1568628
4,37,9.81,500,0.7,1,0.3,160,100000,1,0.1,0.05,3.3,1,1,0,400000,1,1,0.05,3.3s,1,0.0001,1000,9.496924,0.3333333,0,0,0.007843138,0,0.1058824,0.07058824,0,0.1568628
4,38,9.81,500,0.7,1,0.3,160,100000,1,0.1,0.05,3.3,1,1,0,400000,1,1,0.05,3.3s,1,0.0001,1000,9.496924,0.3333333,0,0,0.007843138,0,0.1098039,0.06666667,0,0.1568628
4,39,9.81,500,0.7,1,0.3,160,100000,1,0.1,0.05,3.3,1,1,0,400000,1,1,0.05,3.3s,1,0.0001,1000,9.496924,0.3333333,0,0,0.007843138,0,0.1137255,0.0627451,0.003921569,0.1568628
4,40,9.81,500,0.7,1,0.3,160,100000,1,0.1,0.05,3.3,1,1,0,400000,1,1,0.05,3.3s,1,0.0001,1000,9.496924,0.3333333,0,0,0.007843138,0,0.1098039,0.0627451,0.007843138,0.1568628
4,41,9.81,500,0.7,1,0.3,160,100000,1,0.1,0.05,3.3,1,1,0,400000,1,1,0.05,3.3s,1,0.0001,1000,9.496924,0.3333333,0.003921569,0,0.007843138,0.01176471,0.1019608,0.0627451,0.01176471,0.1529412
4,42,9.81,500,0.7,1,0.3,160,100000,1,0.1,0.05,3.3,1,1,0,400000,1,1,0.05,3.3s,1,0.0001,1000,9.496924,0.3333333,0.003921569,0,0.007843138,0.02745098,0.09019608,0.06666667,0.01568628,0.1529412
4,43,9.81,500,0.7,1,0.3,160,100000,1,0.1,0.05,3.3,1,1,0,400000,1,1,0.05,3.3s,1,0.0001,1000,9.496924,0.3333333,0.003921569,0,0.003921569,0.04705883,0.07843138,0.06666667,0.01960784,0.1529412
4,44,9.81,500,0.7,1,0.3,160,100000,1,0.1,0.05,3.3,1,1,0,400000,1,1,0.05,3.3s,1,0.0001,1000,9.496924,0.3333333,0.003921569,0,0.003921569,0.07058824,0.0627451,0.0627451,0.02352941,0.1529412
4,45,9.81,500,0.7,1,0.3,160,100000,1,0.1,0.05,3.3,1,1,0,400000,1,1,0.05,3.3s,1,0.0001,1000,9.496924,0.3333333,0.007843138,0,0.003921569,0.09411766,0.04705883,0.0509804,0.02352941,0.1529412
4,46,9.81,500,0.7,1,0.3,160,100000,1,0.1,0.05,3.3,1,1,0,400000,1,1,0.05,3.3s,1,0.0001,1000,9.496924,0.3333333,0.007843138,0,0.003921569,0.1137255,0.03529412,0.03529412,0.02745098,0.1568628
4,47,9.81,500,0.7,1,0.3,160,100000,1,0.1,0.05,3.3,1,1,0,400000,1,1,0.05,3.3s,1,0.0001,1000,9.496924,0.3333333,0.007843138,0,0.003921569,0.1294118,0.02352941,0.01568628,0.02745098,0.1607843
4,48,9.81,500,0.7,1,0.3,160,100000,1,0.1,0.05,3.3,1,1,0,400000,1,1,0.05,3.3s,1,0.0001,1000,9.496924,0.3333333,0.007843138,0,0.003921569,0.1333333,0.01568628,0,0.02745098,0.1647059
4,49,9.81,500,0.7,1,0.3,160,100000,1,0.1,0.05,3.3,1,1,0,400000,1,1,0.05,3.3s,1,0.0001,1000,9.496924,0.3333333,0.007843138,0,0.003921569,0.1294118,0.01176471,0,0.02745098,0.1647059
4,50,9.81,500,0.7,1,0.3,160,100000,1,0.1,0.05,3.3,1,1,0,400000,1,1,0.05,3.3s,1,0.0001,1000,9.496924,0.3333333,0.007843138,0.003921569,0.003921569,0.1137255,0.007843138,0,0.02745098,0.1686275
4,51,9.81,500,0.7,1,0.3,160,100000,1,0.1,0.05,3.3,1,1,0,400000,1,1,0.05,3.3s,1,0.0001,1000,9.496924,0.3333333,0.007843138,0.003921569,0.003921569,0.09411766,0.01176471,0,0.02745098,0.172549
4,52,9.81,500,0.7,1,0.3,160,100000,1,0.1,0.05,3.3,1,1,0,400000,1,1,0.05,3.3s,1,0.0001,1000,9.496924,0.3333333,0.003921569,0.007843138,0.003921569,0.07450981,0.01568628,0,0.02352941,0.172549
4,53,9.81,500,0.7,1,0.3,160,100000,1,0.1,0.05,3.3,1,1,0,400000,1,1,0.05,3.3s,1,0.0001,1000,9.496924,0.3333333,0.003921569,0.007843138,0.003921569,0.05882353,0.02352941,0,0.01960784,0.172549
4,54,9.81,500,0.7,1,0.3,160,100000,1,0.1,0.05,3.3,1,1,0,400000,1,1,0.05,3.3s,1,0.0001,1000,9.496924,0.3333333,0.003921569,0.007843138,0.003921569,0.04705883,0.03529412,0,0.01568628,0.172549
4,55,9.81,500,0.7,1,0.3,160,100000,1,0.1,0.05,3.3,1,1,0,400000,1,1,0.05,3.3s,1,0.0001,1000,9.496924,0.3333333,0.003921569,0.007843138,0.003921569,0.04705883,0.04705883,0,0.01176471,0.172549
4,56,9.81,500,0.7,1,0.3,160,100000,1,0.1,0.05,3.3,1,1,0,400000,1,1,0.05,3.3s,1,0.0001,1000,9.496924,0.3333333,0,0.007843138,0.003921569,0.04705883,0.0627451,0,0.003921569,0.1764706
4,57,9.81,500,0.7,1,0.3,160,100000,1,0.1,0.05,3.3,1,1,0,400000,1,1,0.05,3.3s,1,0.0001,1000,9.496924,0.3333333,0,0.01176471,0.003921569,0.04313726,0.07450981,0,0,0.1764706
4,58,9.81,500,0.7,1,0.3,160,100000,1,0.1,0.05,3.3,1,1,0,400000,1,1,0.05,3.3s,1,0.0001,1000,9.496924,0.3333333,0,0.01176471,0.003921569,0.03137255,0.08627451,0,0,0.1803922
4,59,9.81,500,0.7,1,0.3,160,100000,1,0.1,0.05,3.3,1,1,0,400000,1,1,0.05,3.3s,1,0.0001,1000,9.496924,0.3333333,0,0.01176471,0.003921569,0.01568628,0.09411766,0,0,0.1843137
4,60,9.81,500,0.7,1,0.3,160,100000,1,0.1,0.05,3.3,1,1,0,400000,1,1,0.05,3.3s,1,0.0001,1000,9.496924,0.3333333,0,0.01176471,0.003921569,0,0.1019608,0,0,0.1843137
4,61,9.81,500,0.7,1,0.3,160,100000,1,0.1,0.05,3.3,1,1,0,400000,1,1,0.05,3.3s,1,0.0001,1000,9.496924,0.3333333,0,0.01176471,0.007843138,0,0.1098039,0,0,0.1843137
4,62,9.81,500,0.7,1,0.3,160,100000,1,0.1,0.05,3.3,1,1,0,400000,1,1,0.05,3.3s,1,0.0001,1000,9.496924,0.3333333,0,0.01176471,0.007843138,0,0.1137255,0,0,0.1843137
4,63,9.81,500,0.7,1,0.3,160,100000,1,0.1,0.05,3.3,1,1,0,400000,1,1,0.05,3.3s,1,0.0001,1000,9.496924,0.3333333,0,0.007843138,0.007843138,0,0.1137255,0,0,0.1803922
5,0,9.81,500,0.7,1,0.3,160,100000,1,0.1,0.05,3.3,1,1,0,400000,1,1,0.05,3.3s,1,0.0001,1000,9.496924,0.3333333,0,0.007843138,0.007843138,0,0.1058824,0,0,0.1803922
5,1,9.81,500,0.7,1,0.3,160,100000,1,0.1,0.05,3.3,1,1,0,400000,1,1,0.05,3.3s,1,0.0001,1000,9.496924,0.3333333,0,0.007843138,0.003921569,0,0.1058824,0,0,0.1764706
5,2,9.81,500,0.7,1,0.3,160,100000,1,0.1,0.05,3.3,1,1,0,400000,1,1,0.05,3.3s,1,0.0001,1000,9.496924,0.3333333,0,0.003921569,0.003921569,0,0.09803922,0,0,0.172549
5,3,9.81,500,0.7,1,0.3,160,100000,1,0.1,0.05,3.3,1,1,0,400000,1,1,0.05,3.3s,1,0.0001,1000,9.496924,0.3333333,0,0.003921569,0.003921569,0,0.08627451,0.003921569,0,0.1686275
5,4,9.81,500,0.7,1,0.3,160,100000,1,0.1,0.05,3.3,1,1,0,400000,1,1,0.05,3.3s,1,0.0001,1000,9.496924,0.3333333,0,0,0.003921569,0,0.07450981,0.02352941,0,0.1647059
5,5,9.81,500,0.7,1,0.3,160,100000,1,0.1,0.05,3.3,1,1,0,400000,1,1,0.05,3.3s,1,0.0001,1000,9.496924,0.3333333,0,0,0.003921569,0,0.05882353,0.04313726,0,0.1647059
5,6,9.81,500,0.7,1,0.3,160,100000,1,0.1,0.05,3.3,1,1,0,400000,1,1,0.05,3.3s,1,0.0001,1000,9.496924,0.3333333,0,0,0.003921569,0,0.04313726,0.05490196,0,0.1607843
5,7,9.81,500,0.7,1,0.3,160,100000,1,0.1,0.05,3.3,1,1,0,400000,1,1,0.05,3.3s,1,0.0001,1000,9.496924,0.3333333,0,0,0.003921569,0,0.03137255,0.06666667,0,0.1607843
5,8,9.81,500,0.7,1,0.3,160,100000,1,0.1,0.05,3.3,1,1,0,400000,1,1,0.05,3.3s,1,0.0001,1000,9.496924,0.3333333,0,0,0.003921569,0,0.02352941,0.07450981,0,0.1607843
5,9,9.81,500,0.7,1,0.3,160,100000,1,0.1,0.05,3.3,1,1,0,400000,1,1,0.05,3.3s,1,0.0001,1000,9.496924,0.3333333,0,0,0.003921569,0,0.01568628,0.07843138,0,0.1568628
5,10,9.81,500,0.7,1,0.3,160,100000,1,0.1,0.05,3.3,1,1,0,400000,1,1,0.05,3.3s,1,0.0001,1000,9.496924,0.3333333,0,0,0.003921569,0,0.01176471,0.08235294,0,0.1568628
5,11,9.81,500,0.7,1,0.3,160,100000,1,0.1,0.05,3.3,1,1,0,400000,1,1,0.05,3.3s,1,0.0001,1000,9.496924,0.3333333,0,0,0.003921569,0,0.01176471,0.09019608,0,0.1568628
5,12,9.81,500,0.7,1,0.3,160,100000,1,0.1,0.05,3.3,1,1,0,400000,1,1,0.05,3.3s,1,0.0001,1000,9.496924,0.3333333,0,0,0.003921569,0,0.01176471,0.09411766,0,0.1568628
5,13,9.81,500,0.7,1,0.3,160,100000,1,0.1,0.05,3.3,1,1,0,400000,1,1,0.05,3.3s,1,0.0001,1000,9.496924,0.3333333,0.003921569,0,0.003921569,0.01568628,0.01176471,0.1019608,0,0.1529412
5,14,9.81,500,0.7,1,0.3,160,100000,1,0.1,0.05,3.3,1,1,0,400000,1,1,0.05,3.3s,1,0.0001,1000,9.496924,0.3333333,0.003921569,0,0.003921569,0.0509804,0.007843138,0.1058824,0,0.1529412
5,15,9.81,500,0.7,1,0.3,160,100000,1,0.1,0.05,3.3,1,1,0,400000,1,1,0.05,3.3s,1,0.0001,1000,9.496924,0.3333333,0.003921569,0,0.003921569,0.09019608,0.007843138,0.1019608,0,0.1529412
5,16,9.81,500,0.7,1,0.3,160,100000,1,0.1,0.05,3.3,1,1,0,400000,1,1,0.05,3.3s,1,0.0001,1000,9.496924,0.3333333,0.007843138,0,0.003921569,0.1372549,0.007843138,0.09019608,0,0.1529412
5,17,9.81,500,0.7,1,0.3,160,100000,1,0.1,0.05,3.3,1,1,0,400000,1,1,0.05,3.3s,1,0.0001,1000,9.496924,0.3333333,0.007843138,0,0.003921569,0.1843137,0.007843138,0.06666667,0,0.1568628
5,18,9.81,500,0.7,1,0.3,160,100000,1,0.1,0.05,3.3,1,1,0,400000,1,1,0.05,3.3s,1,0.0001,1000,9.496924,0.3333333,0.007843138,0,0.003921569,0.2196079,0.007843138,0.03137255,0,0.1607843
5,19,9.81,500,0.7,1,0.3,160,100000,1,0.1,0.05,3.3,1,1,0,400000,1,1,0.05,3.3s,1,0.0001,1000,9.496924,0.3333333,0.007843138,0.003921569,0.003921569,0.2352941,0.01176471,0,0,0.1686275
5,20,9.81,500,0.7,1,0.3,160,100000,1,0.1,0.05,3.3,1,1,0,400000,1,1,0.05,3.3s,1,0.0001,1000,9.496924,0.3333333,0.007843138,0.007843138,0.003921569,0.227451,0.01960784,0,0,0.1803922
5,21,9.81,500,0.7,1,0.3,160,100000,1,0.1,0.05,3.3,1,1,0,400000,1,1,0.05,3.3s,1,0.0001,1000,9.496924,0.3333333,0.007843138,0.01176471,0.003921569,0.1960784,0.02352941,0,0,0.1882353
5,22,9.81,500,0.7,1,0.3,160,100000,1,0.1,0.05,3.3,1,1,0,400000,1,1,0.05,3.3s,1,0.0001,1000,9.496924,0.3333333,0.003921569,0.01568628,0.003921569,0.1411765,0.03137255,0,0,0.1960784
5,23,9.81,500,0.7,1,0.3,160,100000,1,0.1,0.05,3.3,1,1,0,400000,1,1,0.05,3.3s,1,0.0001,1000,9.496924,0.3333333,0.003921569,0.01568628,0.003921569,0.07450981,0.03529412,0,0,0.2039216
5,24,9.81,500,0.7,1,0.3,160,100000,1,0.1,0.05,3.3,1,1,0,400000,1,1,0.05,3.3s,1,0.0001,1000,9.496924,0.3333333,0,0.01568628,0.003921569,0.003921569,0.03921569,0,0,0.2039216
5,25,9.81,500,0.7,1,0.3,160,100000,1,0.1,0.05,3.3,1,1,0,400000,1,1,0.05,3.3s,1,0.0001,1000,9.496924,0.3333333,0,0.01568628,0.003921569,0,0.03921569,0,0,0.2
5,26,9.81,500,0.7,1,0.3,160,100000,1,0.1,0.05,3.3,1,1,0,400000,1,1,0.05,3.3s,1,0.0001,1000,9.496924,0.3333333,0,0.01568628,0.003921569,0,0.03529412,0,0,0.1960784
5,27,9.81,500,0.7,1,0.3,160,100000,1,0.1,0.05,3.3,1,1,0,400000,1,1,0.05,3.3s,1,0.0001,1000,9.496924,0.3333333,0,0.01176471,0.003921569,0,0.03137255,0,0,0.1882353
5,28,9.81,500,0.7,1,0.3,160,100000,1,0.1,0.05,3.3,1,1,0,400000,1,1,0.05,3.3s,1,0.0001,1000,9.496924,0.3333333,0,0.007843138,0.003921569,0,0.02745098,0,0,0.1803922
5,29,9.81,500,0.7,1,0.3,160,100000,1,0.1,0.05,3.3,1,1,0,400000,1,1,0.05,3.3s,1,0.0001,1000,9.496924,0.3333333,0,0.007843138,0.003921569,0,0.02352941,0,0,0.1764706
5,30,9.81,500,0.7,1,0.3,160,100000,1,0.1,0.05,3.3,1,1,0,400000,1,1,0.05,3.3s,1,0.0001,1000,9.496924,0.3333333,0,0.003921569,0.003921569,0,0.02352941,0.01176471,0,0.1686275
5,31,9.81,500,0.7,1,0.3,160,100000,1,0.1,0.05,3.3,1,1,0,400000,1,1,0.05,3.3s,1,0.0001,1000,9.496924,0.3333333,0,0,0.003921569,0,0.02745098,0.03921569,0,0.1647059
5,32,9.81,500,0.7,1,0.3,160,100000,1,0.1,0.05,3.3,1,1,0,400000,1,1,0.05,3.3s,1,0.0001,1000,9.496924,0.3333333,0,0,0.003921569,0,0.03137255,0.0627451,0,0.1607843
5,33,9.81,500,0.7,1,0.3,160,100000,1,0.1,0.05,3.3,1,1,0,400000,1,1,0.05,3.3s,1,0.0001,1000,9.496924,0.3333333,0,0,0.003921569,0,0.04313726,0.07843138,0,0.1568628
5,34,9.81,500,0.7,1,0.3,160,100000,1,0.1,0.05,3.3,1,1,0,400000,1,1,0.05,3.3s,1,0.0001,1000,9.496924,0.3333333,0,0,0.003921569,0,0.05490196,0.08235294,0,0.1568628
5,35,9.81,500,0.7,1,0.3,160,100000,1,0.1,0.05,3.3,1,1,0,400000,1,1,0.05,3.3s,1,0.0001,1000,9.496924,0.3333333,0,0,0.007843138,0,0.07058824,0.07843138,0,0.1568628
5,36,9.81,500,0.7,1,0.3,160,100000,1,0.1,0.05,3.3,1,1,0,400000,1,1,0.05,3.3s,1,0.0001,1000,9.496924,0.3333333,0,0,0.007843138,0,0.08235294,0.07450981,0,0.1568628
5,37,9.81,500,0.7,1,0.3,160,100000,1,0.1,0.05,3.3,1,1,0,400000,1,1,0.05,3.3s,1,0.0001,1000,9.496924,0.3333333,0,0,0.007843138,0,0.09803922,0.0627451,0,0.1607843
5,38,9.81,500,0.7,1,0.3,160,100000,1,0.1,0.05,3.3,1,1,0,400000,1,1,0.05,3.3s,1,0.0001,1000,9.496924,0.3333333,0,0,0.007843138,0,0.1058824,0.05490196,0,0.1607843
5,39,9.81,500,0.7,1,0.3,160,100000,1,0.1,0.05,3.3,1,1,0,400000,1,1,0.05,3.3s,1,0.0001,1000,9.496924,0.3333333,0,0,0.007843138,0,0.1098039,0.0509804,0,0.1607843
5,40,9.81,500,0.7,1,0.3,160,100000,1,0.1,0.05,3.3,1,1,0,400000,1,1,0.05,3.3s,1,0.0001,1000,9.496924,0.3333333,0,0,0.007843138,0,0.1098039,0.0509804,0,0.1568628
5,41,9.81,500,0.7,1,0.3,160,100000,1,0.1,0.05,3.3,1,1,0,400000,1,1,0.05,3.3s,1,0.0001,1000,9.496924,0.3333333,0.003921569,0,0.007843138,0.003921569,0.1058824,0.05490196,0.003921569,0.1568628
5,42,9.81,500,0.7,1,0.3,160,100000,1,0.1,0.05,3.3,1,1,0,400000,1,1,0.05,3.3s,1,0.0001,1000,9.496924,0.3333333,0.003921569,0,0.007843138,0.01568628,0.09411766,0.05882353,0.007843138,0.1568628
5,43,9.81,500,0.7,1,0.3,160,100000,1,0.1,0.05,3.3,1,1,0,400000,1,1,0.05,3.3s,1,0.0001,1000,9.496924,0.3333333,0.003921569,0,0.003921569,0.03529412,0.08235294,0.0627451,0.01176471,0.1568628
5,44,9.81,500,0.7,1,0.3,160,100000,1,0.1,0.05,3.3,1,1,0,400000,1,1,0.05,3.3s,1,0.0001,1000,9.496924,0.3333333,0.003921569,0,0.003921569,0.05882353,0.06666667,0.05882353,0.01568628,0.1568628
5,45,9.81,500,0.7,1,0.3,160,100000,1,0.1,0.05,3.3,1,1,0,400000,1,1,0.05,3.3s,1,0.0001,1000,9.496924,0.3333333,0.007843138,0,0.003921569,0.08235294,0.05490196,0.05490196,0.01960784,0.1568628
5,46,9.81,500,0.7,1,0.3,160,100000,1,0.1,0.05,3.3,1,1,0,400000,1,1,0.05,3.3s,1,0.0001,1000,9.496924,0.3333333,0.007843138,0,0.003921569,0.1058824,0.04313726,0.03921569,0.01960784,0.1568628
5,47,9.81,500,0.7,1,0.3,160,100000,1,0.1,0.05,3.3,1,1,0,400000,1,1,0.05,3.3s,1,0.0001,1000,9.496924,0.3333333,0.007843138,0,0.003921569,0.1215686,0.03529412,0.02352941,0.01960784,0.1607843
5,48,9.81,500,0.7,1,0.3,160,100000,1,0.1,0.05,3.3,1,1,0,400000,1,1,0.05,3.3s,1,0.0001,1000,9.496924,0.3333333,0.007843138,0,0.003921569,0.1294118,0.02745098,0.003921569,0.01960784,0.1647059
5,49,9.81,500,0.7,1,0.3,160,100000,1,0.1,0.05,3.3,1,1,0,400000,1,1,0.05,3.3s,1,0.0001,1000,9.496924,0.3333333,0.007843138,0,0.003921569,0.1254902,0.02352941,0,0.01960784,0.1647059
5,50,9.81,500,0.7,1,0.3,160,100000,1,0.1,0.05,3.3,1,1,0,400000,1,1,0.05,3.3s,1,0.0001,1000,9.496924,0.3333333,0.007843138,0.003921569,0.003921569,0.1137255,0.02352941,0,0.01960784,0.1686275
5,51,9.81,500,0.7,1,0.3,160,100000,1,0.1,0.05,3.3,1,1,0,400000,1,1,0.05,3.3s,1,0.0001,1000,9.496924,0.3333333,0.007843138,0.003921569,0.003921569,0.09803922,0.02352941,0,0.01568628,0.172549
5,52,9.81,500,0.7,1,0.3,160,100000,1,0.1,0.05,3.3,1,1,0,400000,1,1,0.05,3.3s,1,0.0001,1000,9.496924,0.3333333,0.003921569,0.007843138,0.003921569,0.07843138,0.02745098,0,0.01568628,0.172549
5,53,9.81,500,0.7,1,0.3,160,100000,1,0.1,0.05,3.3,1,1,0,400000,1,1,0.05,3.3s,1,0.0001,1000,9.496924,0.3333333,0.003921569,0.007843138,0.003921569,0.06666667,0.03529412,0,0.01176471,0.172549
5,54,9.81,500,0.7,1,0.3,160,100000,1,0.1,0.05,3.3,1,1,0,400000,1,1,0.05,3.3s,1,0.0001,1000,9.496924,0.3333333,0.003921569,0.007843138,0.003921569,0.05882353,0.04313726,0,0.003921569,0.172549
5,55,9.81,500,0.7,1,0.3,160,100000,1,0.1,0.05,3.3,1,1,0,400000,1,1,0.05,3.3s,1,0.0001,1000,9.496924,0.3333333,0.003921569,0.007843138,0.003921569,0.05490196,0.0509804,0,0,0.1764706
5,56,9.81,500,0.7,1,0.3,160,100000,1,0.1,0.05,3.3,1,1,0,400000,1,1,0.05,3.3s,1,0.0001,1000,9.496924,0.3333333,0.003921569,0.01176471,0.003921569,0.05490196,0.0627451,0,0,0.1764706
5,57,9.81,500,0.7,1,0.3,160,100000,1,0.1,0.05,3.3,1,1,0,400000,1,1,0.05,3.3s,1,0.0001,1000,9.496924,0.3333333,0,0.01176471,0.003921569,0.05490196,0.07058824,0,0,0.1803922
5,58,9.81,500,0.7,1,0.3,160,100000,1,0.1,0.05,3.3,1,1,0,400000,1,1,0.05,3.3s,1,0.0001,1000,9.496924,0.3333333,0,0.01176471,0.003921569,0.04313726,0.07843138,0,0,0.1843137
5,59,9.81,500,0.7,1,0.3,160,100000,1,0.1,0.05,3.3,1,1,0,400000,1,1,0.05,3.3s,1,0.0001,1000,9.496924,0.3333333,0,0.01176471,0.003921569,0.02352941,0.08627451,0,0,0.1843137
5,60,9.81,500,0.7,1,0.3,160,100000,1,0.1,0.05,3.3,1,1,0,400000,1,1,0.05,3.3s,1,0.0001,1000,9.496924,0.3333333,0,0.01176471,0.003921569,0,0.09411766,0,0,0.1882353
5,61,9.81,500,0.7,1,0.3,160,100000,1,0.1,0.05,3.3,1,1,0,400000,1,1,0.05,3.3s,1,0.0001,1000,9.496924,0.3333333,0,0.01176471,0.003921569,0,0.09803922,0,0,0.1882353
5,62,9.81,500,0.7,1,0.3,160,100000,1,0.1,0.05,3.3,1,1,0,400000,1,1,0.05,3.3s,1,0.0001,1000,9.496924,0.3333333,0,0.01176471,0.003921569,0,0.1058824,0,0,0.1882353
5,63,9.81,500,0.7,1,0.3,160,100000,1,0.1,0.05,3.3,1,1,0,400000,1,1,0.05,3.3s,1,0.0001,1000,9.496924,0.3333333,0,0.01176471,0.003921569,0,0.1058824,0,0,0.1843137
6,0,9.81,500,0.7,1,0.3,160,100000,1,0.1,0.05,3.3,1,1,0,400000,1,1,0.05,3.3s,1,0.0001,1000,9.496924,0.3333333,0,0.01176471,0.003921569,0,0.09803922,0,0,0.1843137
6,1,9.81,500,0.7,1,0.3,160,100000,1,0.1,0.05,3.3,1,1,0,400000,1,1,0.05,3.3s,1,0.0001,1000,9.496924,0.3333333,0,0.007843138,0.003921569,0,0.09411766,0,0,0.1803922
6,2,9.81,500,0.7,1,0.3,160,100000,1,0.1,0.05,3.3,1,1,0,400000,1,1,0.05,3.3s,1,0.0001,1000,9.496924,0.3333333,0,0.007843138,0.003921569,0,0.09019608,0,0,0.1764706
6,3,9.81,500,0.7,1,0.3,160,100000,1,0.1,0.05,3.3,1,1,0,400000,1,1,0.05,3.3s,1,0.0001,1000,9.496924,0.3333333,0,0.003921569,0.003921569,0,0.07843138,0,0,0.172549
6,4,9.81,500,0.7,1,0.3,160,100000,1,0.1,0.05,3.3,1,1,0,400000,1,1,0.05,3.3s,1,0.0001,1000,9.496924,0.3333333,0,0,0.003921569,0,0.0627451,0.02352941,0,0.1686275
6,5,9.81,500,0.7,1,0.3,160,100000,1,0.1,0.05,3.3,1,1,0,400000,1,1,0.05,3.3s,1,0.0001,1000,9.496924,0.3333333,0,0,0.003921569,0,0.0509804,0.04313726,0,0.1647059
6,6,9.81,500,0.7,1,0.3,160,100000,1,0.1,0.05,3.3,1,1,0,400000,1,1,0.05,3.3s,1,0.0001,1000,9.496924,0.3333333,0,0,0.003921569,0,0.03529412,0.05882353,0,0.1607843
6,7,9.81,500,0.7,1,0.3,160,100000,1,0.1,0.05,3.3,1,1,0,400000,1,1,0.05,3.3s,1,0.0001,1000,9.496924,0.3333333,0,0,0.003921569,0,0.01960784,0.07058824,0,0.1607843
6,8,9.81,500,0.7,1,0.3,160,100000,1,0.1,0.05,3.3,1,1,0,400000,1,1,0.05,3.3s,1,0.0001,1000,9.496924,0.3333333,0,0,0.003921569,0,0.01176471,0.07843138,0,0.1568628
6,9,9.81,500,0.7,1,0.3,160,100000,1,0.1,0.05,3.3,1,1,0,400000,1,1,0.05,3.3s,1,0.0001,1000,9.496924,0.3333333,0,0,0.003921569,0,0.003921569,0.08235294,0,0.1568628
6,10,9.81,500,0.7,1,0.3,160,100000,1,0.1,0.05,3.3,1,1,0,400000,1,1,0.05,3.3s,1,0.0001,1000,9.496924,0.3333333,0,0,0.003921569,0,0.003921569,0.08627451,0,0.1568628
6,11,9.81,500,0.7,1,0.3,160,100000,1,0.1,0.05,3.3,1,1,0,400000,1,1,0.05,3.3s,1,0.0001,1000,9.496924,0.3333333,0,0,0.003921569,0,0.003921569,0.09019608,0,0.1568628
6,12,9.81,500,0.7,1,0.3,160,100000,1,0.1,0.05,3.3,1,1,0,400000,1,1,0.05,3.3s,1,0.0001,1000,9.496924,0.3333333,0,0,0.003921569,0,0.003921569,0.09803922,0,0.1529412
6,13,9.81,500,0.7,1,0.3,160,100000,1,0.1,0.05,3.3,1,1,0,400000,1,1,0.05,3.3s,1,0.0001,1000,9.496924,0.3333333,0.003921569,0,0.003921569,0.01568628,0.007843138,0.1019608,0,0.1529412
6,14,9.81,500,0.7,1,0.3,160,100000,1,0.1,0.05,3.3,1,1,0,400000,1,1,0.05,3.3s,1,0.0001,1000,9.496924,0.3333333,0.003921569,0,0.003921569,0.0509804,0.007843138,0.1058824,0,0.1529412
6,15,9.81,500,0.7,1,0.3,160,100000,1,0.1,0.05,3.3,1,1,0,400000,1,1,0.05,3.3s,1,0.0001,1000,9.496924,0.3333333,0.003921569,0,0.003921569,0.09019608,0.01176471,0.1058824,0,0.1490196
6,16,9.81,500,0.7,1,0.3,160,100000,1,0.1,0.05,3.3,1,1,0,400000,1,1,0.05,3.3s,1,0.0001,1000,9.496924,0.3333333,0.007843138,0,0.003921569,0.1372549,0.01176471,0.09019608,0.003921569,0.1529412
6,17,9.81,500,0.7,1,0.3,160,100000,1,0.1,0.05,3.3,1,1,0,400000,1,1,0.05,3.3s,1,0.0001,1000,9.496924,0.3333333,0.007843138,0,0.003921569,0.1843137,0.01176471,0.06666667,0.003921569,0.1568628
6,18,9.81,500,0.7,1,0.3,160,100000,1,0.1,0.05,3.3,1,1,0,400000,1,1,0.05,3.3s,1,0.0001,1000,9.496924,0.3333333,0.007843138,0,0.003921569,0.2196079,0.01568628,0.03137255,0.003921569,0.1607843
6,19,9.81,500,0.7,1,0.3,160,100000,1,0.1,0.05,3.3,1,1,0,400000,1,1,0.05,3.3s,1,0.0001,1000,9.496924,0.3333333,0.007843138,0.003921569,0.003921569,0.2392157,0.01960784,0,0,0.1686275
6,20,9.81,500,0.7,1,0.3,160,100000,1,0.1,0.05,3.3,1,1,0,400000,1,1,0.05,3.3s,1,0.0001,1000,9.496924,0.3333333,0.007843138,0.007843138,0.003921569,0.2313726,0.02352941,0,0,0.1764706
6,21,9.81,500,0.7,1,0.3,160,100000,1,0.1,0.05,3.3,1,1,0,400000,1,1,0.05,3.3s,1,0.0001,1000,9.496924,0.3333333,0.007843138,0.01176471,0.003921569,0.2,0.02745098,0,0,0.1882353
6,22,9.81,500,0.7,1,0.3,160,100000,1,0.1,0.05,3.3,1,1,0,400000,1,1,0.05,3.3s,1,0.0001,1000,9.496924,0.3333333,0.003921569,0.01568628,0.003921569,0.1490196,0.03137255,0,0,0.1960784
6,23,9.81,500,0.7,1,0.3,160,100000,1,0.1,0.05,3.3,1,1,0,400000,1,1,0.05,3.3s,1,0.0001,1000,9.496924,0.3333333,0.003921569,0.01568628,0.003921569,0.07843138,0.03529412,0,0,0.2039216
6,24,9.81,500,0.7,1,0.3,160,100000,1,0.1,0.05,3.3,1,1,0,400000,1,1,0.05,3.3s,1,0.0001,1000,9.496924,0.3333333,0,0.01568628,0.003921569,0.003921569,0.03529412,0,0,0.2039216
6,25,9.81,500,0.7,1,0.3,160,100000,1,0.1,0.05,3.3,1,1,0,400000,1,1,0.05,3.3s,1,0.0001,1000,9.496924,0.3333333,0,0.01568628,0.003921569,0,0.03529412,0,0,0.2039216
6,26,9.81,500,0.7,1,0.3,160,100000,1,0.1,0.05,3.3,1,1,0,400000,1,1,0.05,3.3s,1,0.0001,1000,9.496924,0.3333333,0,0.01568628,0.003921569,0,0.03137255,0,0,0.1960784
6,27,9.81,500,0.7,1,0.3,160,100000,1,0.1,0.05,3.3,1,1,0,400000,1,1,0.05,3.3s,1,0.0001,1000,9.496924,0.3333333,0,0.01176471,0.003921569,0,0.02352941,0,0,0.1882353
6,28,9.81,500,0.7,1,0.3,160,100000,1,0.1,0.05,3.3,1,1,0,400000,1,1,0.05,3.3s,1,0.0001,1000,9.496924,0.3333333,0,0.007843138,0.003921569,0,0.01960784,0,0,0.1803922
6,29,9.81,500,0.7,1,0.3,160,100000,1,0.1,0.05,3.3,1,1,0,400000,1,1,0.05,3.3s,1,0.0001,1000,9.496924,0.3333333,0,0.007843138,0.003921569,0,0.01568628,0,0,0.172549
6,30,9.81,500,0.7,1,0.3,160,100000,1,0.1,0.05,3.3,1,1,0,400000,1,1,0.05,3.3s,1,0.0001,1000,9.496924,0.3333333,0,0.003921569,0.003921569,0,0.01568628,0.01568628,0,0.1686275
6,31,9.81,500,0.7,1,0.3,160,100000,1,0.1,0.05,3.3,1,1,0,400000,1,1,0.05,3.3s,1,0.0001,1000,9.496924,0.3333333,0,0,0.003921569,0,0.01568628,0.04705883,0,0.1647059
6,32,9.81,500,0.7,1,0.3,160,100000,1,0.1,0.05,3.3,1,1,0,400000,1,1,0.05,3.3s,1,0.0001,1000,9.496924,0.3333333,0,0,0.003921569,0,0.02352941,0.06666667,0,0.1607843
6,33,9.81,500,0.7,1,0.3,160,100000,1,0.1,0.05,3.3,1,1,0,400000,1,1,0.05,3.3s,1,0.0001,1000,9.496924,0.3333333,0,0,0.003921569,0,0.03137255,0.08235294,0,0.1568628
6,34,9.81,500,0.7,1,0.3,160,100000,1,0.1,0.05,3.3,1,1,0,400000,1,1,0.05,3.3s,1,0.0001,1000,9.496924,0.3333333,0,0,0.003921569,0,0.04313726,0.08235294,0,0.1568628
6,35,9.81,500,0.7,1,0.3,160,100000,1,0.1,0.05,3.3,1,1,0,400000,1,1,0.05,3.3s,1,0.0001,1000,9.496924,0.3333333,0,0,0.003921569,0,0.05882353,0.07843138,0,0.1568628
6,36,9.81,500,0.7,1,0.3,160,100000,1,0.1,0.05,3.3,1,1,0,400000,1,1,0.05,3.3s,1,0.0001,1000,9.496924,0.3333333,0,0,0.007843138,0,0.07058824,0.07058824,0,0.1607843
6,37,9.81,500,0.7,1,0.3,160,100000,1,0.1,0.05,3.3,1,1,0,400000,1,1,0.05,3.3s,1,0.0001,1000,9.496924,0.3333333,0,0,0.007843138,0,0.08627451,0.05882353,0,0.1607843
6,38,9.81,500,0.7,1,0.3,160,100000,1,0.1,0.05,3.3,1,1,0,400000,1,1,0.05,3.3s,1,0.0001,1000,9.496924,0.3333333,0,0,0.007843138,0.003921569,0.09411766,0.04705883,0,0.1607843
6,39,9.81,500,0.7,1,0.3,160,100000,1,0.1,0.05,3.3,1,1,0,400000,1,1,0.05,3.3s,1,0.0001,1000,9.496924,0.3333333,0,0,0.007843138,0,0.1019608,0.04313726,0,0.1607843
6,40,9.81,500,0.7,1,0.3,160,100000,1,0.1,0.05,3.3,1,1,0,400000,1,1,0.05,3.3s,1,0.0001,1000,9.496924,0.3333333,0,0,0.007843138,0,0.1058824,0.04313726,0,0.1607843
6,41,9.81,500,0.7,1,0.3,160,100000,1,0.1,0.05,3.3,1,1,0,400000,1,1,0.05,3.3s,1,0.0001,1000,9.496924,0.3333333,0,0,0.007843138,0,0.1019608,0.04705883,0,0.1607843
6,42,9.81,500,0.7,1,0.3,160,100000,1,0.1,0.05,3.3,1,1,0,400000,1,1,0.05,3.3s,1,0.0001,1000,9.496924,0.3333333,0.003921569,0,0.007843138,0.003921569,0.09411766,0.05490196,0,0.1568628
6,43,9.81,500,0.7,1,0.3,160,100000,1,0.1,0.05,3.3,1,1,0,400000,1,1,0.05,3.3s,1,0.0001,1000,9.496924,0.3333333,0.003921569,0,0.003921569,0.01960784,0.08627451,0.05882353,0.003921569,0.1568628
6,44,9.81,500,0.7,1,0.3,160,100000,1,0.1,0.05,3.3,1,1,0,400000,1,1,0.05,3.3s,1,0.0001,1000,9.496924,0.3333333,0.003921569,0,0.003921569,0.04313726,0.07450981,0.05882353,0.007843138,0.1568628
6,45,9.81,500,0.7,1,0.3,160,100000,1,0.1,0.05,3.3,1,1,0,400000,1,1,0.05,3.3s,1,0.0001,1000,9.496924,0.3333333,0.003921569,0,0.003921569,0.07058824,0.0627451,0.05490196,0.01176471,0.1568628
6,46,9.81,500,0.7,1,0.3,160,100000,1,0.1,0.05,3.3,1,1,0,400000,1,1,0.05,3.3s,1,0.0001,1000,9.496924,0.3333333,0.007843138,0,0.003921569,0.09411766,0.0509804,0.04313726,0.01176471,0.1568628
6,47,9.81,500,0.7,1,0.3,160,100000,1,0.1,0.05,3.3,1,1,0,400000,1,1,0.05,3.3s,1,0.0001,1000,9.496924,0.3333333,0.007843138,0,0.003921569,0.1137255,0.04313726,0.02745098,0.01176471,0.1607843
6,48,9.81,500,0.7,1,0.3,160,100000,1,0.1,0.05,3.3,1,1,0,400000,1,1,0.05,3.3s,1,0.0001,1000,9.496924,0.3333333,0.007843138,0,0.003921569,0.1215686,0.03529412,0.007843138,0.01176471,0.1647059
6,49,9.81,500,0.7,1,0.3,160,100000,1,0.1,0.05,3.3,1,1,0,400000,1,1,0.05,3.3s,1,0.0001,1000,9.496924,0.3333333,0.007843138,0.003921569,0.003921569,0.1215686,0.03137255,0,0.01176471,0.1647059
6,50,9.81,500,0.7,1,0.3,160,100000,1,0.1,0.05,3.3,1,1,0,400000,1,1,0.05,3.3s,1,0.0001,1000,9.496924,0.3333333,0.007843138,0.003921569,0.003921569,0.1137255,0.03137255,0,0.007843138,0.1686275
6,51,9.81,500,0.7,1,0.3,160,100000,1,0.1,0.05,3.3,1,1,0,400000,1,1,0.05,3.3s,1,0.0001,1000,9.496924,0.3333333,0.007843138,0.003921569,0.003921569,0.1019608,0.03137255,0,0.007843138,0.172549
6,52,9.81,500,0.7,1,0.3,160,100000,1,0.1,0.05,3.3,1,1,0,400000,1,1,0.05,3.3s,1,0.0001,1000,9.496924,0.3333333,0.003921569,0.007843138,0.003921569,0.08627451,0.03529412,0,0.003921569,0.172549
6,53,9.81,500,0.7,1,0.3,160,100000,1,0.1,0.05,3.3,1,1,0,400000,1,1,0.05,3.3s,1,0.0001,1000,9.496924,0.3333333,0.003921569,0.007843138,0.003921569,0.07058824,0.03921569,0,0,0.1764706
6,54,9.81,500,0.7,1,0.3,160,100000,1,0.1,0.05,3.3,1,1,0,400000,1,1,0.05,3.3s,1,0.0001,1000,9.496924,0.3333333,0.003921569,0.007843138,0.003921569,0.06666667,0.04705883,0,0,0.1764706
6,55,9.81,500,0.7,1,0.3,160,100000,1,0.1,0.05,3.3,1,1,0,400000,1,1,0.05,3.3s,1,0.0001,1000,9.496924,0.3333333,0.003921569,0.01176471,0.003921569,0.0627451,0.0509804,0,0,0.1764706
6,56,9.81,500,0.7,1,0.3,160,100000,1,0.1,0.05,3.3,1,1,0,400000,1,1,0.05,3.3s,1,0.0001,1000,9.496924,0.3333333,0.003921569,0.01176471,0.003921569,0.0627451,0.05882353,0,0,0.1803922
6,57,9.81,500,0.7,1,0.3,160,100000,1,0.1,0.05,3.3,1,1,0,400000,1,1,0.05,3.3s,1,0.0001,1000,9.496924,0.3333333,0,0.01176471,0.003921569,0.05882353,0.0627451,0,0,0.1803922
6,58,9.81,500,0.7,1,0.3,160,100000,1,0.1,0.05,3.3,1,1,0,400000,1,1,0.05,3.3s,1,0.0001,1000,9.496924,0.3333333,0,0.01176471,0.003921569,0.0509804,0.06666667,0,0,0.1843137
6,59,9.81,500,0.7,1,0.3,160,100000,1,0.1,0.05,3.3,1,1,0,400000,1,1,0.05,3.3s,1,0.0001,1000,9.496924,0.3333333,0,0.01568628,0.003921569,0.03137255,0.07450981,0,0,0.1882353
6,60,9.81,500,0.7,1,0.3,160,100000,1,0.1,0.05,3.3,1,1,0,400000,1,1,0.05,3.3s,1,0.0001,1000,9.496924,0.3333333,0,0.01568628,0.003921569,0.003921569,0.07843138,0,0,0.1882353
6,61,9.81,500,0.7,1,0.3,160,100000,1,0.1,0.05,3.3,1,1,0,400000,1,1,0.05,3.3s,1,0.0001,1000,9.496924,0.3333333,0,0.01568628,0.003921569,0,0.08627451,0,0,0.1921569
6,62,9.81,500,0.7,1,0.3,160,100000,1,0.1,0.05,3.3,1,1,0,400000,1,1,0.05,3.3s,1,0.0001,1000,9.496924,0.3333333,0,0.01176471,0.003921569,0,0.09019608,0,0,0.1921569
6,63,9.81,500,0.7,1,0.3,160,100000,1,0.1,0.05,3.3,1,1,0,400000,1,1,0.05,3.3s,1,0.0001,1000,9.496924,0.3333333,0,0.01176471,0.003921569,0,0.09411766,0,0,0.1882353
7,0,9.81,500,0.7,1,0.3,160,100000,1,0.1,0.05,3.3,1,1,0,400000,1,1,0.05,3.3s,1,0.0001,1000,9.496924,0.3333333,0,0.01176471,0.003921569,0,0.08235294,0,0,0.1882353
7,1,9.81,500,0.7,1,0.3,160,100000,1,0.1,0.05,3.3,1,1,0,400000,1,1,0.05,3.3s,1,0.0001,1000,9.496924,0.3333333,0,0.01176471,0.003921569,0,0.07843138,0,0,0.1843137
7,2,9.81,500,0.7,1,0.3,160,100000,1,0.1,0.05,3.3,1,1,0,400000,1,1,0.05,3.3s,1,0.0001,1000,9.496924,0.3333333,0,0.007843138,0.003921569,0,0.07450981,0,0,0.1803922
7,3,9.81,500,0.7,1,0.3,160,100000,1,0.1,0.05,3.3,1,1,0,400000,1,1,0.05,3.3s,1,0.0001,1000,9.496924,0.3333333,0,0.003921569,0.003921569,0,0.0627451,0,0,0.1764706
7,4,9.81,500,0.7,1,0.3,160,100000,1,0.1,0.05,3.3,1,1,0,400000,1,1,0.05,3.3s,1,0.0001,1000,9.496924,0.3333333,0,0.003921569,0.003921569,0,0.0509804,0.01960784,0,0.1686275
7,5,9.81,500,0.7,1,0.3,160,100000,1,0.1,0.05,3.3,1,1,0,400000,1,1,0.05,3.3s,1,0.0001,1000,9.496924,0.3333333,0,0,0.003921569,0,0.03921569,0.04313726,0,0.1647059
7,6,9.81,500,0.7,1,0.3,160,100000,1,0.1,0.05,3.3,1,1,0,400000,1,1,0.05,3.3s,1,0.0001,1000,9.496924,0.3333333,0,0,0.003921569,0,0.02352941,0.0627451,0,0.1607843
7,7,9.81,500,0.7,1,0.3,160,100000,1,0.1,0.05,3.3,1,1,0,400000,1,1,0.05,3.3s,1,0.0001,1000,9.496924,0.3333333,0,0,0.003921569,0,0.01176471,0.07843138,0,0.1607843
7,8,9.81,500,0.7,1,0.3,160,100000,1,0.1,0.05,3.3,1,1,0,400000,1,1,0.05,3.3s,1,0.0001,1000,9.496924,0.3333333,0,0,0.003921569,0,0.003921569,0.08627451,0,0.1568628
7,9,9.81,500,0.7,1,0.3,160,100000,1,0.1,0.05,3.3,1,1,0,400000,1,1,0.05,3.3s,1,0.0001,1000,9.496924,0.3333333,0,0,0.003921569,0,0,0.09019608,0,0.1568628
7,10,9.81,500,0.7,1,0.3,160,100000,1,0.1,0.05,3.3,1,1,0,400000,1,1,0.05,3.3s,1,0.0001,1000,9.496924,0.3333333,0,0,0.003921569,0,0,0.09411766,0,0.1568628
7,11,9.81,500,0.7,1,0.3,160,100000,1,0.1,0.05,3.3,1,1,0,400000,1,1,0.05,3.3s,1,0.0001,1000,9.496924,0.3333333,0,0,0.003921569,0,0,0.09411766,0,0.1529412
7,12,9.81,500,0.7,1,0.3,160,100000,1,0.1,0.05,3.3,1,1,0,400000,1,1,0.05,3.3s,1,0.0001,1000,9.496924,0.3333333,0,0,0.003921569,0,0.003921569,0.09803922,0,0.1529412
7,13,9.81,500,0.7,1,0.3,160,100000,1,0.1,0.05,3.3,1,1,0,400000,1,1,0.05,3.3s,1,0.0001,1000,9.496924,0.3333333,0.003921569,0,0.003921569,0.01960784,0.007843138,0.1019608,0,0.1529412
7,14,9.81,500,0.7,1,0.3,160,100000,1,0.1,0.05,3.3,1,1,0,400000,1,1,0.05,3.3s,1,0.0001,1000,9.496924,0.3333333,0.003921569,0,0.003921569,0.05490196,0.01568628,0.1058824,0,0.1490196
7,15,9.81,500,0.7,1,0.3,160,100000,1,0.1,0.05,3.3,1,1,0,400000,1,1,0.05,3.3s,1,0.0001,1000,9.496924,0.3333333,0.003921569,0,0.003921569,0.09411766,0.01960784,0.1019608,0.003921569,0.1490196
7,16,9.81,500,0.7,1,0.3,160,100000,1,0.1,0.05,3.3,1,1,0,400000,1,1,0.05,3.3s,1,0.0001,1000,9.496924,0.3333333,0.007843138,0,0.003921569,0.1411765,0.02352941,0.09019608,0.007843138,0.1529412
7,17,9.81,500,0.7,1,0.3,160,100000,1,0.1,0.05,3.3,1,1,0,400000,1,1,0.05,3.3s,1,0.0001,1000,9.496924,0.3333333,0.007843138,0,0.003921569,0.1882353,0.02352941,0.06666667,0.007843138,0.1529412
7,18,9.81,500,0.7,1,0.3,160,100000,1,0.1,0.05,3.3,1,1,0,400000,1,1,0.05,3.3s,1,0.0001,1000,9.496924,0.3333333,0.007843138,0,0.003921569,0.2235294,0.02745098,0.03137255,0.007843138,0.1607843
7,19,9.81,500,0.7,1,0.3,160,100000,1,0.1,0.05,3.3,1,1,0,400000,1,1,0.05,3.3s,1,0.0001,1000,9.496924,0.3333333,0.007843138,0.003921569,0.003921569,0.2431373,0.02745098,0,0.007843138,0.1686275
7,20,9.81,500,0.7,1,0.3,160,100000,1,0.1,0.05,3.3,1,1,0,400000,1,1,0.05,3.3s,1,0.0001,1000,9.496924,0.3333333,0.007843138,0.007843138,0.003921569,0.2352941,0.03137255,0,0,0.1764706
7,21,9.81,500,0.7,1,0.3,160,100000,1,0.1,0.05,3.3,1,1,0,400000,1,1,0.05,3.3s,1,0.0001,1000,9.496924,0.3333333,0.007843138,0.01176471,0.003921569,0.2039216,0.03137255,0,0,0.1882353
7,22,9.81,500,0.7,1,0.3,160,100000,1,0.1,0.05,3.3,1,1,0,400000,1,1,0.05,3.3s,1,0.0001,1000,9.496924,0.3333333,0.003921569,0.01568628,0.003921569,0.1490196,0.03137255,0,0,0.1960784
7,23,9.81,500,0.7,1,0.3,160,100000,1,0.1,0.05,3.3,1,1,0,400000,1,1,0.05,3.3s,1,0.0001,1000,9.496924,0.3333333,0.003921569,0.01568628,0.003921569,0.07843138,0.03137255,0,0,0.2039216
7,24,9.81,500,0.7,1,0.3,160,100000,1,0.1,0.05,3.3,1,1,0,400000,1,1,0.05,3.3s,1,0.0001,1000,9.496924,0.3333333,0,0.01568628,0.003921569,0.003921569,0.03137255,0,0,0.2039216
7,25,9.81,500,0.7,1,0.3,160,100000,1,0.1,0.05,3.3,1,1,0,400000,1,1,0.05,3.3s,1,0.0001,1000,9.496924,0.3333333,0,0.01568628,0.003921569,0,0.02745098,0,0,0.2039216
7,26,9.81,500,0.7,1,0.3,160,100000,1,0.1,0.05,3.3,1,1,0,400000,1,1,0.05,3.3s,1,0.0001,1000,9.496924,0.3333333,0,0.01568628,0.003921569,0,0.02352941,0,0,0.1960784
7,27,9.81,500,0.7,1,0.3,160,100000,1,0.1,0.05,3.3,1,1,0,400000,1,1,0.05,3.3s,1,0.0001,1000,9.496924,0.3333333,0,0.01176471,0.003921569,0,0.01960784,0,0,0.1882353
7,28,9.81,500,0.7,1,0.3,160,100000,1,0.1,0.05,3.3,1,1,0,400000,1,1,0.05,3.3s,1,0.0001,1000,9.496924,0.3333333,0,0.007843138,0.003921569,0,0.01568628,0,0,0.1803922
7,29,9.81,500,0.7,1,0.3,160,100000,1,0.1,0.05,3.3,1,1,0,400000,1,1,0.05,3.3s,1,0.0001,1000,9.496924,0.3333333,0,0.007843138,0.003921569,0,0.01176471,0,0,0.172549
7,30,9.81,500,0.7,1,0.3,160,100000,1,0.1,0.05,3.3,1,1,0,400000,1,1,0.05,3.3s,1,0.0001,1000,9.496924,0.3333333,0,0.003921569,0.003921569,0,0.007843138,0.01960784,0,0.1686275
7,31,9.81,500,0.7,1,0.3,160,100000,1,0.1,0.05,3.3,1,1,0,400000,1,1,0.05,3.3s,1,0.0001,1000,9.496924,0.3333333,0,0,0.003921569,0,0.01176471,0.0509804,0,0.1607843
7,32,9.81,500,0.7,1,0.3,160,100000,1,0.1,0.05,3.3,1,1,0,400000,1,1,0.05,3.3s,1,0.0001,1000,9.496924,0.3333333,0,0,0.003921569,0,0.01568628,0.07450981,0,0.1607843
7,33,9.81,500,0.7,1,0.3,160,100000,1,0.1,0.05,3.3,1,1,0,400000,1,1,0.05,3.3s,1,0.0001,1000,9.496924,0.3333333,0,0,0.003921569,0,0.02352941,0.08235294,0,0.1568628
7,34,9.81,500,0.7,1,0.3,160,100000,1,0.1,0.05,3.3,1,1,0,400000,1,1,0.05,3.3s,1,0.0001,1000,9.496924,0.3333333,0,0,0.003921569,0,0.03529412,0.08627451,0,0.1568628
7,35,9.81,500,0.7,1,0.3,160,100000,1,0.1,0.05,3.3,1,1,0,400000,1,1,0.05,3.3s,1,0.0001,1000,9.496924,0.3333333,0,0,0.003921569,0,0.04705883,0.07843138,0,0.1607843
7,36,9.81,500,0.7,1,0.3,160,100000,1,0.1,0.05,3.3,1,1,0,400000,1,1,0.05,3.3s,1,0.0001,1000,9.496924,0.3333333,0,0,0.003921569,0.003921569,0.05882353,0.06666667,0,0.1607843
7,37,9.81,500,0.7,1,0.3,160,100000,1,0.1,0.05,3.3,1,1,0,400000,1,1,0.05,3.3s,1,0.0001,1000,9.496924,0.3333333,0,0,0.007843138,0.01176471,0.07058824,0.05490196,0,0.1647059
7,38,9.81,500,0.7,1,0.3,160,100000,1,0.1,0.05,3.3,1,1,0,400000,1,1,0.05,3.3s,1,0.0001,1000,9.496924,0.3333333,0,0,0.007843138,0.01176471,0.08235294,0.04313726,0,0.1647059
7,39,9.81,500,0.7,1,0.3,160,100000,1,0.1,0.05,3.3,1,1,0,400000,1,1,0.05,3.3s,1,0.0001,1000,9.496924,0.3333333,0,0,0.007843138,0.003921569,0.09019608,0.03529412,0,0.1647059
7,40,9.81,500,0.7,1,0.3,160,100000,1,0.1,0.05,3.3,1,1,0,400000,1,1,0.05,3.3s,1,0.0001,1000,9.496924,0.3333333,0,0,0.007843138,0,0.09803922,0.03529412,0,0.1647059
7,41,9.81,500,0.7,1,0.3,160,100000,1,0.1,0.05,3.3,1,1,0,400000,1,1,0.05,3.3s,1,0.0001,1000,9.496924,0.3333333,0,0,0.007843138,0,0.09803922,0.03921569,0,0.1607843
7,42,9.81,500,0.7,1,0.3,160,100000,1,0.1,0.05,3.3,1,1,0,400000,1,1,0.05,3.3s,1,0.0001,1000,9.496924,0.3333333,0.003921569,0,0.007843138,0,0.09411766,0.04705883,0,0.1607843
7,43,9.81,500,0.7,1,0.3,160,100000,1,0.1,0.05,3.3,1,1,0,400000,1,1,0.05,3.3s,1,0.0001,1000,9.496924,0.3333333,0.003921569,0,0.003921569,0.01176471,0.08627451,0.05490196,0,0.1568628
7,44,9.81,500,0.7,1,0.3,160,100000,1,0.1,0.05,3.3,1,1,0,400000,1,1,0.05,3.3s,1,0.0001,1000,9.496924,0.3333333,0.003921569,0,0.003921569,0.03529412,0.07843138,0.05490196,0,0.1568628
7,45,9.81,500,0.7,1,0.3,160,100000,1,0.1,0.05,3.3,1,1,0,400000,1,1,0.05,3.3s,1,0.0001,1000,9.496924,0.3333333,0.003921569,0,0.003921569,0.05882353,0.06666667,0.05490196,0.003921569,0.1568628
7,46,9.81,500,0.7,1,0.3,160,100000,1,0.1,0.05,3.3,1,1,0,400000,1,1,0.05,3.3s,1,0.0001,1000,9.496924,0.3333333,0.003921569,0,0.003921569,0.08235294,0.05882353,0.04705883,0.003921569,0.1568628
7,47,9.81,500,0.7,1,0.3,160,100000,1,0.1,0.05,3.3,1,1,0,400000,1,1,0.05,3.3s,1,0.0001,1000,9.496924,0.3333333,0.007843138,0,0.003921569,0.1058824,0.04705883,0.03137255,0.003921569,0.1607843
7,48,9.81,500,0.7,1,0.3,160,100000,1,0.1,0.05,3.3,1,1,0,400000,1,1,0.05,3.3s,1,0.0001,1000,9.496924,0.3333333,0.007843138,0,0.003921569,0.1176471,0.04313726,0.01568628,0.003921569,0.1647059
7,49,9.81,500,0.7,1,0.3,160,100000,1,0.1,0.05,3.3,1,1,0,400000,1,1,0.05,3.3s,1,0.0001,1000,9.496924,0.3333333,0.007843138,0.003921569,0.003921569,0.1215686,0.03529412,0,0,0.1686275
7,50,9.81,500,0.7,1,0.3,160,100000,1,0.1,0.05,3.3,1,1,0,400000,1,1,0.05,3.3s,1,0.0001,1000,9.496924,0.3333333,0.007843138,0.003921569,0.003921569,0.1137255,0.03529412,0,0,0.1686275
7,51,9.81,500,0.7,1,0.3,160,100000,1,0.1,0.05,3.3,1,1,0,400000,1,1,0.05,3.3s,1,0.0001,1000,9.496924,0.3333333,0.007843138,0.007843138,0.003921569,0.1019608,0.03529412,0,0,0.172549
7,52,9.81,500,0.7,1,0.3,160,100000,1,0.1,0.05,3.3,1,1,0,400000,1,1,0.05,3.3s,1,0.0001,1000,9.496924,0.3333333,0.003921569,0.007843138,0.003921569,0.08627451,0.03529412,0,0,0.1764706
7,53,9.81,500,0.7,1,0.3,160,100000,1,0.1,0.05,3.3,1,1,0,400000,1,1,0.05,3.3s,1,0.0001,1000,9.496924,0.3333333,0.003921569,0.007843138,0.003921569,0.07843138,0.03921569,0,0,0.1764706
7,54,9.81,500,0.7,1,0.3,160,100000,1,0.1,0.05,3.3,1,1,0,400000,1,1,0.05,3.3s,1,0.0001,1000,9.496924,0.3333333,0.003921569,0.01176471,0.003921569,0.07058824,0.04313726,0,0,0.1764706
7,55,9.81,500,0.7,1,0.3,160,100000,1,0.1,0.05,3.3,1,1,0,400000,1,1,0.05,3.3s,1,0.0001,1000,9.496924,0.3333333,0.003921569,0.01176471,0.003921569,0.06666667,0.04313726,0,0,0.1803922
7,56,9.81,500,0.7,1,0.3,160,100000,1,0.1,0.05,3.3,1,1,0,400000,1,1,0.05,3.3s,1,0.0001,1000,9.496924,0.3333333,0.003921569,0.01176471,0.003921569,0.06666667,0.04705883,0,0,0.1803922
7,57,9.81,500,0.7,1,0.3,160,100000,1,0.1,0.05,3.3,1,1,0,400000,1,1,0.05,3.3s,1,0.0001,1000,9.496924,0.3333333,0.003921569,0.01176471,0.003921569,0.0627451,0.0509804,0,0,0.1843137
7,58,9.81,500,0.7,1,0.3,160,100000,1,0.1,0.05,3.3,1,1,0,400000,1,1,0.05,3.3s,1,0.0001,1000,9.496924,0.3333333,0,0.01568628,0.003921569,0.05490196,0.0509804,0,0,0.1882353
7,59,9.81,500,0.7,1,0.3,160,100000,1,0.1,0.05,3.3,1,1,0,400000,1,1,0.05,3.3s,1,0.0001,1000,9.496924,0.3333333,0,0.01568628,0.003921569,0.03529412,0.05490196,0,0,0.1882353
7,60,9.81,500,0.7,1,0.3,160,100000,1,0.1,0.05,3.3,1,1,0,400000,1,1,0.05,3.3s,1,0.0001,1000,9.496924,0.3333333,0,0.01568628,0.003921569,0.007843138,0.0627451,0,0,0.1921569
7,61,9.81,500,0.7,1,0.3,160,100000,1,0.1,0.05,3.3,1,1,0,400000,1,1,0.05,3.3s,1,0.0001,1000,9.496924,0.3333333,0,0.01568628,0.003921569,0,0.06666667,0,0,0.1921569
7,62,9.81,500,0.7,1,0.3,160,100000,1,0.1,0.05,3.3,1,1,0,400000,1,1,0.05,3.3s,1,0.0001,1000,9.496924,0.3333333,0,0.01568628,0.003921569,0,0.07450981,0,0,0.1921569
7,63,9.81,500,0.7,1,0.3,160,100000,1,0.1,0.05,3.3,1,1,0,400000,1,1,0.05,3.3s,1,0.0001,1000,9.496924,0.3333333,0,0.01176471,0.003921569,0,0.07843138,0,0,0.1921569
8,0,9.81,500,0.7,1,0.3,160,100000,1,0.1,0.05,3.3,1,1,0,400000,1,1,0.05,3.3s,1,0.0001,1000,9.496924,0.3333333,0,0.01176471,0.003921569,0,0.05882353,0,0,0.1921569
8,1,9.81,500,0.7,1,0.3,160,100000,1,0.1,0.05,3.3,1,1,0,400000,1,1,0.05,3.3s,1,0.0001,1000,9.496924,0.3333333,0,0.01176471,0.003921569,0,0.05882353,0,0,0.1882353
8,2,9.81,500,0.7,1,0.3,160,100000,1,0.1,0.05,3.3,1,1,0,400000,1,1,0.05,3.3s,1,0.0001,1000,9.496924,0.3333333,0,0.007843138,0.003921569,0,0.05490196,0,0,0.1843137
8,3,9.81,500,0.7,1,0.3,160,100000,1,0.1,0.05,3.3,1,1,0,400000,1,1,0.05,3.3s,1,0.0001,1000,9.496924,0.3333333,0,0.007843138,0.003921569,0,0.04705883,0,0,0.1764706
8,4,9.81,500,0.7,1,0.3,160,100000,1,0.1,0.05,3.3,1,1,0,400000,1,1,0.05,3.3s,1,0.0001,1000,9.496924,0.3333333,0,0.003921569,0.003921569,0,0.03529412,0.01960784,0,0.172549
8,5,9.81,500,0.7,1,0.3,160,100000,1,0.1,0.05,3.3,1,1,0,400000,1,1,0.05,3.3s,1,0.0001,1000,9.496924,0.3333333,0,0,0.003921569,0,0.02352941,0.04705883,0,0.1647059
8,6,9.81,500,0.7,1,0.3,160,100000,1,0.1,0.05,3.3,1,1,0,400000,1,1,0.05,3.3s,1,0.0001,1000,9.496924,0.3333333,0,0,0.003921569,0,0.01176471,0.06666667,0,0.1607843
8,7,9.81,500,0.7,1,0.3,160,100000,1,0.1,0.05,3.3,1,1,0,400000,1,1,0.05,3.3s,1,0.0001,1000,9.496924,0.3333333,0,0,0.003921569,0,0.003921569,0.08235294,0,0.1568628
8,8,9.81,500,0.7,1,0.3,160,100000,1,0.1,0.05,3.3,1,1,0,400000,1,1,0.05,3.3s,1,0.0001,1000,9.496924,0.3333333,0,0,0.003921569,0,0,0.09019608,0,0.1568628
8,9,9.81,500,0.7,1,0.3,160,100000,1,0.1,0.05,3.3,1,1,0,400000,1,1,0.05,3.3s,1,0.0001,1000,9.496924,0.3333333,0,0,0.003921569,0,0,0.09803922,0,0.1568628
8,10,9.81,500,0.7,1,0.3,160,100000,1,0.1,0.05,3.3,1,1,0,400000,1,1,0.05,3.3s,1,0.0001,1000,9.496924,0.3333333,0,0,0.003921569,0,0,0.09803922,0,0.1529412
8,11,9.81,500,0.7,1,0.3,160,100000,1,0.1,0.05,3.3,1,1,0,400000,1,1,0.05,3.3s,1,0.0001,1000,9.496924,0.3333333,0,0,0.003921569,0,0,0.09803922,0,0.1529412
8,12,9.81,500,0.7,1,0.3,160,100000,1,0.1,0.05,3.3,1,1,0,400000,1,1,0.05,3.3s,1,0.0001,1000,9.496924,0.3333333,0,0,0.003921569,0.003921569,0.007843138,0.1019608,0,0.1529412
8,13,9.81,500,0.7,1,0.3,160,100000,1,0.1,0.05,3.3,1,1,0,400000,1,1,0.05,3.3s,1,0.0001,1000,9.496924,0.3333333,0.003921569,0,0.003921569,0.02745098,0.01568628,0.1019608,0,0.1529412
8,14,9.81,500,0.7,1,0.3,160,100000,1,0.1,0.05,3.3,1,1,0,400000,1,1,0.05,3.3s,1,0.0001,1000,9.496924,0.3333333,0.003921569,0,0.003921569,0.05882353,0.02352941,0.1058824,0.003921569,0.1490196
8,15,9.81,500,0.7,1,0.3,160,100000,1,0.1,0.05,3.3,1,1,0,400000,1,1,0.05,3.3s,1,0.0001,1000,9.496924,0.3333333,0.007843138,0,0.003921569,0.09803922,0.03137255,0.1019608,0.007843138,0.1490196
8,16,9.81,500,0.7,1,0.3,160,100000,1,0.1,0.05,3.3,1,1,0,400000,1,1,0.05,3.3s,1,0.0001,1000,9.496924,0.3333333,0.007843138,0,0.003921569,0.145098,0.03529412,0.09019608,0.01176471,0.1529412
8,17,9.81,500,0.7,1,0.3,160,100000,1,0.1,0.05,3.3,1,1,0,400000,1,1,0.05,3.3s,1,0.0001,1000,9.496924,0.3333333,0.007843138,0,0.003921569,0.1882353,0.03921569,0.0627451,0.01176471,0.1529412
8,18,9.81,500,0.7,1,0.3,160,100000,1,0.1,0.05,3.3,1,1,0,400000,1,1,0.05,3.3s,1,0.0001,1000,9.496924,0.3333333,0.007843138,0,0.003921569,0.2235294,0.04313726,0.02745098,0.01176471,0.1607843
8,19,9.81,500,0.7,1,0.3,160,100000,1,0.1,0.05,3.3,1,1,0,400000,1,1,0.05,3.3s,1,0.0001,1000,9.496924,0.3333333,0.007843138,0.003921569,0.003921569,0.2431373,0.04313726,0,0.007843138,0.1686275
8,20,9.81,500,0.7,1,0.3,160,100000,1,0.1,0.05,3.3,1,1,0,400000,1,1,0.05,3.3s,1,0.0001,1000,9.496924,0.3333333,0.007843138,0.007843138,0.003921569,0.2352941,0.03921569,0,0.003921569,0.1764706
8,21,9.81,500,0.7,1,0.3,160,100000,1,0.1,0.05,3.3,1,1,0,400000,1,1,0.05,3.3s,1,0.0001,1000,9.496924,0.3333333,0.007843138,0.01176471,0.003921569,0.2039216,0.03921569,0,0,0.1882353
8,22,9.81,500,0.7,1,0.3,160,100000,1,0.1,0.05,3.3,1,1,0,400000,1,1,0.05,3.3s,1,0.0001,1000,9.496924,0.3333333,0.003921569,0.01568628,0.003921569,0.1490196,0.03529412,0,0,0.1960784
8,23,9.81,500,0.7,1,0.3,160,100000,1,0.1,0.05,3.3,1,1,0,400000,1,1,0.05,3.3s,1,0.0001,1000,9.496924,0.3333333,0.003921569,0.01568628,0.003921569,0.07843138,0.03137255,0,0,0.2039216
8,24,9.81,500,0.7,1,0.3,160,100000,1,0.1,0.05,3.3,1,1,0,400000,1,1,0.05,3.3s,1,0.0001,1000,9.496924,0.3333333,0,0.01960784,0.003921569,0,0.02745098,0,0,0.2039216
8,25,9.81,500,0.7,1,0.3,160,100000,1,0.1,0.05,3.3,1,1,0,400000,1,1,0.05,3.3s,1,0.0001,1000,9.496924,0.3333333,0,0.01568628,0.003921569,0,0.02352941,0,0,0.2039216
8,26,9.81,500,0.7,1,0.3,160,100000,1,0.1,0.05,3.3,1,1,0,400000,1,1,0.05,3.3s,1,0.0001,1000,9.496924,0.3333333,0,0.01568628,0.003921569,0,0.01960784,0,0,0.1960784
8,27,9.81,500,0.7,1,0.3,160,100000,1,0.1,0.05,3.3,1,1,0,400000,1,1,0.05,3.3s,1,0.0001,1000,9.496924,0.3333333,0,0.01176471,0.003921569,0,0.01568628,0,0,0.1882353
8,28,9.81,500,0.7,1,0.3,160,100000,1,0.1,0.05,3.3,1,1,0,400000,1,1,0.05,3.3s,1,0.0001,1000,9.496924,0.3333333,0,0.01176471,0.003921569,0,0.01176471,0,0,0.1803922
8,29,9.81,500,0.7,1,0.3,160,100000,1,0.1,0.05,3.3,1,1,0,400000,1,1,0.05,3.3s,1,0.0001,1000,9.496924,0.3333333,0,0.007843138,0.003921569,0,0.007843138,0,0,0.172549
8,30,9.81,500,0.7,1,0.3,160,100000,1,0.1,0.05,3.3,1,1,0,400000,1,1,0.05,3.3s,1,0.0001,1000,9.496924,0.3333333,0,0.003921569,0.003921569,0,0.007843138,0.02745098,0,0.1647059
8,31,9.81,500,0.7,1,0.3,160,100000,1,0.1,0.05,3.3,1,1,0,400000,1,1,0.05,3.3s,1,0.0001,1000,9.496924,0.3333333,0,0,0.003921569,0,0.007843138,0.05490196,0,0.1607843
8,32,9.81,500,0.7,1,0.3,160,100000,1,0.1,0.05,3.3,1,1,0,400000,1,1,0.05,3.3s,1,0.0001,1000,9.496924,0.3333333,0,0,0.003921569,0,0.01176471,0.07843138,0,0.1568628
8,33,9.81,500,0.7,1,0.3,160,100000,1,0.1,0.05,3.3,1,1,0,400000,1,1,0.05,3.3s,1,0.0001,1000,9.496924,0.3333333,0,0,0.003921569,0,0.01960784,0.08627451,0,0.1568628
8,34,9.81,500,0.7,1,0.3,160,100000,1,0.1,0.05,3.3,1,1,0,400000,1,1,0.05,3.3s,1,0.0001,1000,9.496924,0.3333333,0,0,0.003921569,0,0.02745098,0.08627451,0,0.1568628
8,35,9.81,500,0.7,1,0.3,160,100000,1,0.1,0.05,3.3,1,1,0,400000,1,1,0.05,3.3s,1,0.0001,1000,9.496924,0.3333333,0,0,0.003921569,0,0.03529412,0.07843138,0,0.1568628
8,36,9.81,500,0.7,1,0.3,160,100000,1,0.1,0.05,3.3,1,1,0,400000,1,1,0.05,3.3s,1,0.0001,1000,9.496924,0.3333333,0,0,0.003921569,0.01568628,0.04705883,0.06666667,0,0.1607843
8,37,9.81,500,0.7,1,0.3,160,100000,1,0.1,0.05,3.3,1,1,0,400000,1,1,0.05,3.3s,1,0.0001,1000,9.496924,0.3333333,0,0,0.003921569,0.02352941,0.05882353,0.0509804,0,0.1647059
8,38,9.81,500,0.7,1,0.3,160,100000,1,0.1,0.05,3.3,1,1,0,400000,1,1,0.05,3.3s,1,0.0001,1000,9.496924,0.3333333,0,0,0.003921569,0.02352941,0.07058824,0.03529412,0,0.1647059
8,39,9.81,500,0.7,1,0.3,160,100000,1,0.1,0.05,3.3,1,1,0,400000,1,1,0.05,3.3s,1,0.0001,1000,9.496924,0.3333333,0,0,0.007843138,0.01176471,0.07843138,0.02745098,0,0.1686275
8,40,9.81,500,0.7,1,0.3,160,100000,1,0.1,0.05,3.3,1,1,0,400000,1,1,0.05,3.3s,1,0.0001,1000,9.496924,0.3333333,0,0,0.007843138,0,0.08627451,0.02745098,0,0.1647059
8,41,9.81,500,0.7,1,0.3,160,100000,1,0.1,0.05,3.3,1,1,0,400000,1,1,0.05,3.3s,1,0.0001,1000,9.496924,0.3333333,0,0,0.007843138,0,0.09019608,0.03137255,0,0.1647059
8,42,9.81,500,0.7,1,0.3,160,100000,1,0.1,0.05,3.3,1,1,0,400000,1,1,0.05,3.3s,1,0.0001,1000,9.496924,0.3333333,0.003921569,0,0.007843138,0,0.09019608,0.03921569,0,0.1647059
8,43,9.81,500,0.7,1,0.3,160,100000,1,0.1,0.05,3.3,1,1,0,400000,1,1,0.05,3.3s,1,0.0001,1000,9.496924,0.3333333,0.003921569,0,0.003921569,0.003921569,0.08627451,0.04705883,0,0.1607843
8,44,9.81,500,0.7,1,0.3,160,100000,1,0.1,0.05,3.3,1,1,0,400000,1,1,0.05,3.3s,1,0.0001,1000,9.496924,0.3333333,0.003921569,0,0.003921569,0.02352941,0.07843138,0.0509804,0,0.1607843
8,45,9.81,500,0.7,1,0.3,160,100000,1,0.1,0.05,3.3,1,1,0,400000,1,1,0.05,3.3s,1,0.0001,1000,9.496924,0.3333333,0.003921569,0,0.003921569,0.0509804,0.07058824,0.0509804,0,0.1607843
8,46,9.81,500,0.7,1,0.3,160,100000,1,0.1,0.05,3.3,1,1,0,400000,1,1,0.05,3.3s,1,0.0001,1000,9.496924,0.3333333,0.003921569,0,0.003921569,0.07450981,0.0627451,0.04705883,0,0.1607843
8,47,9.81,500,0.7,1,0.3,160,100000,1,0.1,0.05,3.3,1,1,0,400000,1,1,0.05,3.3s,1,0.0001,1000,9.496924,0.3333333,0.003921569,0,0.003921569,0.09411766,0.0509804,0.03529412,0,0.1607843
8,48,9.81,500,0.7,1,0.3,160,100000,1,0.1,0.05,3.3,1,1,0,400000,1,1,0.05,3.3s,1,0.0001,1000,9.496924,0.3333333,0.007843138,0,0.003921569,0.1098039,0.04313726,0.01960784,0,0.1647059
8,49,9.81,500,0.7,1,0.3,160,100000,1,0.1,0.05,3.3,1,1,0,400000,1,1,0.05,3.3s,1,0.0001,1000,9.496924,0.3333333,0.007843138,0.003921569,0.003921569,0.1137255,0.03921569,0,0,0.1686275
8,50,9.81,500,0.7,1,0.3,160,100000,1,0.1,0.05,3.3,1,1,0,400000,1,1,0.05,3.3s,1,0.0001,1000,9.496924,0.3333333,0.007843138,0.003921569,0.003921569,0.1137255,0.03529412,0,0,0.172549
8,51,9.81,500,0.7,1,0.3,160,100000,1,0.1,0.05,3.3,1,1,0,400000,1,1,0.05,3.3s,1,0.0001,1000,9.496924,0.3333333,0.007843138,0.007843138,0.003921569,0.1019608,0.03137255,0,0,0.172549
8,52,9.81,500,0.7,1,0.3,160,100000,1,0.1,0.05,3.3,1,1,0,400000,1,1,0.05,3.3s,1,0.0001,1000,9.496924,0.3333333,0.003921569,0.007843138,0.003921569,0.09019608,0.03137255,0,0,0.1764706
8,53,9.81,500,0.7,1,0.3,160,100000,1,0.1,0.05,3.3,1,1,0,400000,1,1,0.05,3.3s,1,0.0001,1000,9.496924,0.3333333,0.003921569,0.007843138,0.003921569,0.07843138,0.03137255,0,0,0.1764706
8,54,9.81,500,0.7,1,0.3,160,100000,1,0.1,0.05,3.3,1,1,0,400000,1,1,0.05,3.3s,1,0.0001,1000,9.496924,0.3333333,0.003921569,0.01176471,0.003921569,0.07450981,0.03529412,0,0,0.1803922
8,55,9.81,500,0.7,1,0.3,160,100000,1,0.1,0.05,3.3,1,1,0,400000,1,1,0.05,3.3s,1,0.0001,1000,9.496924,0.3333333,0.003921569,0.01176471,0.003921569,0.07058824,0.03529412,0,0,0.1803922
8,56,9.81,500,0.7,1,0.3,160,100000,1,0.1,0.05,3.3,1,1,0,400000,1,1,0.05,3.3s,1,0.0001,1000,9.496924,0.3333333,0.003921569,0.01176471,0.003921569,0.06666667,0.03529412,0,0,0.1803922
8,57,9.81,500,0.7,1,0.3,160,100000,1,0.1,0.05,3.3,1,1,0,400000,1,1,0.05,3.3s,1,0.0001,1000,9.496924,0.3333333,0.003921569,0.01568628,0.003921569,0.06666667,0.03529412,0,0,0.1843137
8,58,9.81,500,0.7,1,0.3,160,100000,1,0.1,0.05,3.3,1,1,0,400000,1,1,0.05,3.3s,1,0.0001,1000,9.496924,0.3333333,0,0.01568628,0.003921569,0.05490196,0.03529412,0,0,0.1882353
8,59,9.81,500,0.7,1,0.3,160,100000,1,0.1,0.05,3.3,1,1,0,400000,1,1,0.05,3.3s,1,0.0001,1000,9.496924,0.3333333,0,0.01568628,0.003921569,0.03921569,0.03529412,0,0,0.1921569
8,60,9.81,500,0.7,1,0.3,160,100000,1,0.1,0.05,3.3,1,1,0,400000,1,1,0.05,3.3s,1,0.0001,1000,9.496924,0.3333333,0,0.01568628,0.003921569,0.01568628,0.03921569,0,0,0.1921569
8,61,9.81,500,0.7,1,0.3,160,100000,1,0.1,0.05,3.3,1,1,0,400000,1,1,0.05,3.3s,1,0.0001,1000,9.496924,0.3333333,0,0.01568628,0.003921569,0,0.04705883,0,0,0.1960784
8,62,9.81,500,0.7,1,0.3,160,100000,1,0.1,0.05,3.3,1,1,0,400000,1,1,0.05,3.3s,1,0.0001,1000,9.496924,0.3333333,0,0.01568628,0.003921569,0,0.0509804,0,0,0.1960784
8,63,9.81,500,0.7,1,0.3,160,100000,1,0.1,0.05,3.3,1,1,0,400000,1,1,0.05,3.3s,1,0.0001,1000,9.496924,0.3333333,0,0.01568628,0.003921569,0,0.05882353,0,0,0.1921569
9,0,9.81,500,0.7,1,0.3,160,100000,1,0.1,0.05,3.3,1,1,0,400000,1,1,0.05,3.3s,1,0.0001,1000,9.496924,0.3333333,0,0.01568628,0.003921569,0,0.03921569,0,0,0.1921569
9,1,9.81,500,0.7,1,0.3,160,100000,1,0.1,0.05,3.3,1,1,0,400000,1,1,0.05,3.3s,1,0.0001,1000,9.496924,0.3333333,0,0.01176471,0.003921569,0,0.03921569,0,0,0.1882353
9,2,9.81,500,0.7,1,0.3,160,100000,1,0.1,0.05,3.3,1,1,0,400000,1,1,0.05,3.3s,1,0.0001,1000,9.496924,0.3333333,0,0.007843138,0.003921569,0,0.03529412,0,0,0.1843137
9,3,9.81,500,0.7,1,0.3,160,100000,1,0.1,0.05,3.3,1,1,0,400000,1,1,0.05,3.3s,1,0.0001,1000,9.496924,0.3333333,0,0.007843138,0.003921569,0,0.02745098,0,0,0.1764706
9,4,9.81,500,0.7,1,0.3,160,100000,1,0.1,0.05,3.3,1,1,0,400000,1,1,0.05,3.3s,1,0.0001,1000,9.496924,0.3333333,0,0.003921569,0.003921569,0,0.01960784,0.01960784,0,0.172549
9,5,9.81,500,0.7,1,0.3,160,100000,1,0.1,0.05,3.3,1,1,0,400000,1,1,0.05,3.3s,1,0.0001,1000,9.496924,0.3333333,0,0,0.003921569,0,0.01176471,0.04705883,0,0.1647059
9,6,9.81,500,0.7,1,0.3,160,100000,1,0.1,0.05,3.3,1,1,0,400000,1,1,0.05,3.3s,1,0.0001,1000,9.496924,0.3333333,0,0,0.003921569,0,0,0.07058824,0,0.1607843
9,7,9.81,500,0.7,1,0.3,160,100000,1,0.1,0.05,3.3,1,1,0,400000,1,1,0.05,3.3s,1,0.0001,1000,9.496924,0.3333333,0,0,0.003921569,0,0,0.08627451,0,0.1568628
9,8,9.81,500,0.7,1,0.3,160,100000,1,0.1,0.05,3.3,1,1,0,400000,1,1,0.05,3.3s,1,0.0001,1000,9.496924,0.3333333,0,0,0.003921569,0,0,0.09803922,0,0.1568628
9,9,9.81,500,0.7,1,0.3,160,100000,1,0.1,0.05,3.3,1,1,0,400000,1,1,0.05,3.3s,1,0.0001,1000,9.496924,0.3333333,0,0,0.003921569,0,0,0.1019608,0,0.1529412
9,10,9.81,500,0.7,1,0.3,160,100000,1,0.1,0.05,3.3,1,1,0,400000,1,1,0.05,3.3s,1,0.0001,1000,9.496924,0.3333333,0,0,0.003921569,0,0,0.1019608,0,0.1529412
9,11,9.81,500,0.7,1,0.3,160,100000,1,0.1,0.05,3.3,1,1,0,400000,1,1,0.05,3.3s,1,0.0001,1000,9.496924,0.3333333,0,0,0.003921569,0,0.003921569,0.1019608,0,0.1529412
9,12,9.81,500,0.7,1,0.3,160,100000,1,0.1,0.05,3.3,1,1,0,400000,1,1,0.05,3.3s,1,0.0001,1000,9.496924,0.3333333,0,0,0.003921569,0.01176471,0.01568628,0.1019608,0,0.1529412
9,13,9.81,500,0.7,1,0.3,160,100000,1,0.1,0.05,3.3,1,1,0,400000,1,1,0.05,3.3s,1,0.0001,1000,9.496924,0.3333333,0.003921569,0,0.003921569,0.03921569,0.02352941,0.1019608,0,0.1529412
9,14,9.81,500,0.7,1,0.3,160,100000,1,0.1,0.05,3.3,1,1,0,400000,1,1,0.05,3.3s,1,0.0001,1000,9.496924,0.3333333,0.003921569,0,0.003921569,0.07058824,0.03529412,0.1019608,0.003921569,0.1490196
9,15,9.81,500,0.7,1,0.3,160,100000,1,0.1,0.05,3.3,1,1,0,400000,1,1,0.05,3.3s,1,0.0001,1000,9.496924,0.3333333,0.007843138,0,0.003921569,0.1058824,0.04705883,0.09803922,0.007843138,0.1490196
9,16,9.81,500,0.7,1,0.3,160,100000,1,0.1,0.05,3.3,1,1,0,400000,1,1,0.05,3.3s,1,0.0001,1000,9.496924,0.3333333,0.007843138,0,0.003921569,0.1490196,0.0509804,0.08235294,0.01176471,0.1529412
9,17,9.81,500,0.7,1,0.3,160,100000,1,0.1,0.05,3.3,1,1,0,400000,1,1,0.05,3.3s,1,0.0001,1000,9.496924,0.3333333,0.007843138,0,0.003921569,0.1921569,0.05882353,0.05882353,0.01176471,0.1568628
9,18,9.81,500,0.7,1,0.3,160,100000,1,0.1,0.05,3.3,1,1,0,400000,1,1,0.05,3.3s,1,0.0001,1000,9.496924,0.3333333,0.007843138,0.003921569,0.003921569,0.2235294,0.05882353,0.02352941,0.01176471,0.1607843
9,19,9.81,500,0.7,1,0.3,160,100000,1,0.1,0.05,3.3,1,1,0,400000,1,1,0.05,3.3s,1,0.0001,1000,9.496924,0.3333333,0.007843138,0.007843138,0.003921569,0.2392157,0.05490196,0,0.007843138,0.1686275
9,20,9.81,500,0.7,1,0.3,160,100000,1,0.1,0.05,3.3,1,1,0,400000,1,1,0.05,3.3s,1,0.0001,1000,9.496924,0.3333333,0.007843138,0.007843138,0.003921569,0.2313726,0.0509804,0,0.003921569,0.1803922
9,21,9.81,500,0.7,1,0.3,160,100000,1,0.1,0.05,3.3,1,1,0,400000,1,1,0.05,3.3s,1,0.0001,1000,9.496924,0.3333333,0.007843138,0.01176471,0.003921569,0.2,0.04705883,0,0,0.1882353
9,22,9.81,500,0.7,1,0.3,160,100000,1,0.1,0.05,3.3,1,1,0,400000,1,1,0.05,3.3s,1,0.0001,1000,9.496924,0.3333333,0.003921569,0.01568628,0.003921569,0.145098,0.03921569,0,0,0.2
9,23,9.81,500,0.7,1,0.3,160,100000,1,0.1,0.05,3.3,1,1,0,400000,1,1,0.05,3.3s,1,0.0001,1000,9.496924,0.3333333,0.003921569,0.01568628,0.003921569,0.07450981,0.03137255,0,0,0.2039216
9,24,9.81,500,0.7,1,0.3,160,100000,1,0.1,0.05,3.3,1,1,0,400000,1,1,0.05,3.3s,1,0.0001,1000,9.496924,0.3333333,0,0.01960784,0.003921569,0,0.02745098,0,0,0.2078432
9,25,9.81,500,0.7,1,0.3,160,100000,1,0.1,0.05,3.3,1,1,0,400000,1,1,0.05,3.3s,1,0.0001,1000,9.496924,0.3333333,0,0.01568628,0.003921569,0,0.01960784,0,0,0.2039216
9,26,9.81,500,0.7,1,0.3,160,100000,1,0.1,0.05,3.3,1,1,0,400000,1,1,0.05,3.3s,1,0.0001,1000,9.496924,0.3333333,0,0.01568628,0.003921569,0,0.01568628,0,0,0.1960784
9,27,9.81,500,0.7,1,0.3,160,100000,1,0.1,0.05,3.3,1,1,0,400000,1,1,0.05,3.3s,1,0.0001,1000,9.496924,0.3333333,0,0.01176471,0.003921569,0,0.01176471,0,0,0.1882353
9,28,9.81,500,0.7,1,0.3,160,100000,1,0.1,0.05,3.3,1,1,0,400000,1,1,0.05,3.3s,1,0.0001,1000,9.496924,0.3333333,0,0.01176471,0.003921569,0,0.007843138,0,0,0.1803922
9,29,9.81,500,0.7,1,0.3,160,100000,1,0.1,0.05,3.3,1,1,0,400000,1,1,0.05,3.3s,1,0.0001,1000,9.496924,0.3333333,0,0.007843138,0.003921569,0,0.007843138,0,0,0.172549
9,30,9.81,500,0.7,1,0.3,160,100000,1,0.1,0.05,3.3,1,1,0,400000,1,1,0.05,3.3s,1,0.0001,1000,9.496924,0.3333333,0,0.003921569,0.003921569,0,0.007843138,0.03137255,0,0.1647059
9,31,9.81,500,0.7,1,0.3,160,100000,1,0.1,0.05,3.3,1,1,0,400000,1,1,0.05,3.3s,1,0.0001,1000,9.496924,0.3333333,0,0,0.003921569,0,0.007843138,0.05882353,0,0.1607843
9,32,9.81,500,0.7,1,0.3,160,100000,1,0.1,0.05,3.3,1,1,0,400000,1,1,0.05,3.3s,1,0.0001,1000,9.496924,0.3333333,0,0,0.003921569,0,0.01176471,0.08235294,0,0.1568628
9,33,9.81,500,0.7,1,0.3,160,100000,1,0.1,0.05,3.3,1,1,0,400000,1,1,0.05,3.3s,1,0.0001,1000,9.496924,0.3333333,0,0,0.003921569,0,0.01568628,0.09019608,0,0.1568628
9,34,9.81,500,0.7,1,0.3,160,100000,1,0.1,0.05,3.3,1,1,0,400000,1,1,0.05,3.3s,1,0.0001,1000,9.496924,0.3333333,0,0,0.003921569,0,0.02352941,0.09019608,0,0.1568628
9,35,9.81,500,0.7,1,0.3,160,100000,1,0.1,0.05,3.3,1,1,0,400000,1,1,0.05,3.3s,1,0.0001,1000,9.496924,0.3333333,0,0,0.003921569,0.003921569,0.03137255,0.08235294,0,0.1568628
9,36,9.81,500,0.7,1,0.3,160,100000,1,0.1,0.05,3.3,1,1,0,400000,1,1,0.05,3.3s,1,0.0001,1000,9.496924,0.3333333,0,0,0.003921569,0.02745098,0.03921569,0.06666667,0,0.1607843
9,37,9.81,500,0.7,1,0.3,160,100000,1,0.1,0.05,3.3,1,1,0,400000,1,1,0.05,3.3s,1,0.0001,1000,9.496924,0.3333333,0,0,0.003921569,0.03529412,0.04705883,0.04705883,0,0.1647059
9,38,9.81,500,0.7,1,0.3,160,100000,1,0.1,0.05,3.3,1,1,0,400000,1,1,0.05,3.3s,1,0.0001,1000,9.496924,0.3333333,0,0,0.003921569,0.03137255,0.05882353,0.03137255,0,0.1647059
9,39,9.81,500,0.7,1,0.3,160,100000,1,0.1,0.05,3.3,1,1,0,400000,1,1,0.05,3.3s,1,0.0001,1000,9.496924,0.3333333,0,0,0.003921569,0.01960784,0.06666667,0.01960784,0,0.1686275
9,40,9.81,500,0.7,1,0.3,160,100000,1,0.1,0.05,3.3,1,1,0,400000,1,1,0.05,3.3s,1,0.0001,1000,9.496924,0.3333333,0,0,0.003921569,0.007843138,0.07450981,0.01960784,0,0.1686275
9,41,9.81,500,0.7,1,0.3,160,100000,1,0.1,0.05,3.3,1,1,0,400000,1,1,0.05,3.3s,1,0.0001,1000,9.496924,0.3333333,0,0,0.003921569,0,0.08235294,0.02352941,0,0.1686275
9,42,9.81,500,0.7,1,0.3,160,100000,1,0.1,0.05,3.3,1,1,0,400000,1,1,0.05,3.3s,1,0.0001,1000,9.496924,0.3333333,0.003921569,0,0.003921569,0,0.08627451,0.03137255,0,0.1647059
9,43,9.81,500,0.7,1,0.3,160,100000,1,0.1,0.05,3.3,1,1,0,400000,1,1,0.05,3.3s,1,0.0001,1000,9.496924,0.3333333,0.003921569,0,0.003921569,0,0.08627451,0.03921569,0,0.1647059
9,44,9.81,500,0.7,1,0.3,160,100000,1,0.1,0.05,3.3,1,1,0,400000,1,1,0.05,3.3s,1,0.0001,1000,9.496924,0.3333333,0.003921569,0,0.003921569,0.01960784,0.08235294,0.04705883,0,0.1607843
9,45,9.81,500,0.7,1,0.3,160,100000,1,0.1,0.05,3.3,1,1,0,400000,1,1,0.05,3.3s,1,0.0001,1000,9.496924,0.3333333,0.003921569,0,0.003921569,0.03921569,0.07450981,0.0509804,0,0.1607843
9,46,9.81,500,0.7,1,0.3,160,100000,1,0.1,0.05,3.3,1,1,0,400000,1,1,0.05,3.3s,1,0.0001,1000,9.496924,0.3333333,0.003921569,0,0.003921569,0.0627451,0.0627451,0.04705883,0,0.1607843
9,47,9.81,500,0.7,1,0.3,160,100000,1,0.1,0.05,3.3,1,1,0,400000,1,1,0.05,3.3s,1,0.0001,1000,9.496924,0.3333333,0.003921569,0,0.003921569,0.08627451,0.0509804,0.03529412,0,0.1647059
9,48,9.81,500,0.7,1,0.3,160,100000,1,0.1,0.05,3.3,1,1,0,400000,1,1,0.05,3.3s,1,0.0001,1000,9.496924,0.3333333,0.003921569,0.003921569,0.003921569,0.1019608,0.04313726,0.02352941,0,0.1647059
9,49,9.81,500,0.7,1,0.3,160,100000,1,0.1,0.05,3.3,1,1,0,400000,1,1,0.05,3.3s,1,0.0001,1000,9.496924,0.3333333,0.007843138,0.003921569,0.003921569,0.1098039,0.03529412,0.007843138,0,0.1686275
9,50,9.81,500,0.7,1,0.3,160,100000,1,0.1,0.05,3.3,1,1,0,400000,1,1,0.05,3.3s,1,0.0001,1000,9.496924,0.3333333,0.007843138,0.003921569,0.003921569,0.1098039,0.02745098,0,0,0.172549
9,51,9.81,500,0.7,1,0.3,160,100000,1,0.1,0.05,3.3,1,1,0,400000,1,1,0.05,3.3s,1,0.0001,1000,9.496924,0.3333333,0.003921569,0.007843138,0.003921569,0.1019608,0.02352941,0,0,0.1764706
9,52,9.81,500,0.7,1,0.3,160,100000,1,0.1,0.05,3.3,1,1,0,400000,1,1,0.05,3.3s,1,0.0001,1000,9.496924,0.3333333,0.003921569,0.007843138,0.003921569,0.09019608,0.02352941,0,0,0.1764706
9,53,9.81,500,0.7,1,0.3,160,100000,1,0.1,0.05,3.3,1,1,0,400000,1,1,0.05,3.3s,1,0.0001,1000,9.496924,0.3333333,0.003921569,0.01176471,0.003921569,0.07843138,0.02352941,0,0,0.1803922
9,54,9.81,500,0.7,1,0.3,160,100000,1,0.1,0.05,3.3,1,1,0,400000,1,1,0.05,3.3s,1,0.0001,1000,9.496924,0.3333333,0.003921569,0.01176471,0.003921569,0.07450981,0.02352941,0,0,0.1803922
9,55,9.81,500,0.7,1,0.3,160,100000,1,0.1,0.05,3.3,1,1,0,400000,1,1,0.05,3.3s,1,0.0001,1000,9.496924,0.3333333,0.003921569,0.01176471,0.003921569,0.07058824,0.02352941,0,0,0.1803922
9,56,9.81,500,0.7,1,0.3,160,100000,1,0.1,0.05,3.3,1,1,0,400000,1,1,0.05,3.3s,1,0.0001,1000,9.496924,0.3333333,0.003921569,0.01176471,0.003921569,0.06666667,0.01960784,0,0,0.1843137
9,57,9.81,500,0.7,1,0.3,160,100000,1,0.1,0.05,3.3,1,1,0,400000,1,1,0.05,3.3s,1,0.0001,1000,9.496924,0.3333333,0.003921569,0.01568628,0.003921569,0.0627451,0.01960784,0,0,0.1843137
9,58,9.81,500,0.7,1,0.3,160,100000,1,0.1,0.05,3.3,1,1,0,400000,1,1,0.05,3.3s,1,0.0001,1000,9.496924,0.3333333,0,0.01568628,0.003921569,0.05490196,0.01960784,0,0,0.1882353
9,59,9.81,500,0.7,1,0.3,160,100000,1,0.1,0.05,3.3,1,1,0,400000,1,1,0.05,3.3s,1,0.0001,1000,9.496924,0.3333333,0,0.01568628,0.003921569,0.04313726,0.01960784,0,0,0.1921569
9,60,9.81,500,0.7,1,0.3,160,100000,1,0.1,0.05,3.3,1,1,0,400000,1,1,0.05,3.3s,1,0.0001,1000,9.496924,0.3333333,0,0.01568628,0.003921569,0.01960784,0.01960784,0,0,0.1921569
9,61,9.81,500,0.7,1,0.3,160,100000,1,0.1,0.05,3.3,1,1,0,400000,1,1,0.05,3.3s,1,0.0001,1000,9.496924,0.3333333,0,0.01568628,0.003921569,0,0.02745098,0,0,0.1960784
9,62,9.81,500,0.7,1,0.3,160,100000,1,0.1,0.05,3.3,1,1,0,400000,1,1,0.05,3.3s,1,0.0001,1000,9.496924,0.3333333,0,0.01568628,0.003921569,0,0.03137255,0,0,0.1960784
9,63,9.81,500,0.7,1,0.3,160,100000,1,0.1,0.05,3.3,1,1,0,400000,1,1,0.05,3.3s,1,0.0001,1000,9.496924,0.3333333,0,0.01568628,0.003921569,0,0.03529412,0,0,0.1960784
10,0,9.81,500,0.7,1,0.3,160,100000,1,0.1,0.05,3.3,1,1,0,400000,1,1,0.05,3.3s,1,0.0001,1000,9.496924,0.3333333,0,0.01568628,0.003921569,0,0.01568628,0,0,0.1921569
10,1,9.81,500,0.7,1,0.3,160,100000,1,0.1,0.05,3.3,1,1,0,400000,1,1,0.05,3.3s,1,0.0001,1000,9.496924,0.3333333,0,0.01176471,0.003921569,0,0.01568628,0,0,0.1882353
10,2,9.81,500,0.7,1,0.3,160,100000,1,0.1,0.05,3.3,1,1,0,400000,1,1,0.05,3.3s,1,0.0001,1000,9.496924,0.3333333,0,0.007843138,0.003921569,0,0.01176471,0,0,0.1843137
10,3,9.81,500,0.7,1,0.3,160,100000,1,0.1,0.05,3.3,1,1,0,400000,1,1,0.05,3.3s,1,0.0001,1000,9.496924,0.3333333,0,0.007843138,0,0,0.007843138,0,0,0.1764706
10,4,9.81,500,0.7,1,0.3,160,100000,1,0.1,0.05,3.3,1,1,0,400000,1,1,0.05,3.3s,1,0.0001,1000,9.496924,0.3333333,0,0.003921569,0,0,0.003921569,0.01960784,0,0.172549
10,5,9.81,500,0.7,1,0.3,160,100000,1,0.1,0.05,3.3,1,1,0,400000,1,1,0.05,3.3s,1,0.0001,1000,9.496924,0.3333333,0,0,0,0,0,0.0509804,0,0.1647059
10,6,9.81,500,0.7,1,0.3,160,100000,1,0.1,0.05,3.3,1,1,0,400000,1,1,0.05,3.3s,1,0.0001,1000,9.496924,0.3333333,0,0,0,0,0,0.07450981,0,0.1607843
10,7,9.81,500,0.7,1,0.3,160,100000,1,0.1,0.05,3.3,1,1,0,400000,1,1,0.05,3.3s,1,0.0001,1000,9.496924,0.3333333,0,0,0,0,0,0.09411766,0,0.1568628
10,8,9.81,500,0.7,1,0.3,160,100000,1,0.1,0.05,3.3,1,1,0,400000,1,1,0.05,3.3s,1,0.0001,1000,9.496924,0.3333333,0,0,0,0,0,0.1019608,0,0.1529412
10,9,9.81,500,0.7,1,0.3,160,100000,1,0.1,0.05,3.3,1,1,0,400000,1,1,0.05,3.3s,1,0.0001,1000,9.496924,0.3333333,0,0,0,0,0,0.1098039,0,0.1529412
10,10,9.81,500,0.7,1,0.3,160,100000,1,0.1,0.05,3.3,1,1,0,400000,1,1,0.05,3.3s,1,0.0001,1000,9.496924,0.3333333,0,0,0.003921569,0,0,0.1098039,0,0.1529412
10,11,9.81,500,0.7,1,0.3,160,100000,1,0.1,0.05,3.3,1,1,0,400000,1,1,0.05,3.3s,1,0.0001,1000,9.496924,0.3333333,0,0,0.003921569,0,0.007843138,0.1058824,0,0.1529412
10,12,9.81,500,0.7,1,0.3,160,100000,1,0.1,0.05,3.3,1,1,0,400000,1,1,0.05,3.3s,1,0.0001,1000,9.496924,0.3333333,0,0,0.003921569,0.02352941,0.01960784,0.1058824,0,0.1529412
10,13,9.81,500,0.7,1,0.3,160,100000,1,0.1,0.05,3.3,1,1,0,400000,1,1,0.05,3.3s,1,0.0001,1000,9.496924,0.3333333,0.003921569,0,0.003921569,0.0509804,0.03529412,0.1019608,0,0.1529412
10,14,9.81,500,0.7,1,0.3,160,100000,1,0.1,0.05,3.3,1,1,0,400000,1,1,0.05,3.3s,1,0.0001,1000,9.496924,0.3333333,0.003921569,0,0.003921569,0.08235294,0.04705883,0.1019608,0,0.1529412
10,15,9.81,500,0.7,1,0.3,160,100000,1,0.1,0.05,3.3,1,1,0,400000,1,1,0.05,3.3s,1,0.0001,1000,9.496924,0.3333333,0.007843138,0,0.003921569,0.1176471,0.05882353,0.09411766,0.003921569,0.1529412
10,16,9.81,500,0.7,1,0.3,160,100000,1,0.1,0.05,3.3,1,1,0,400000,1,1,0.05,3.3s,1,0.0001,1000,9.496924,0.3333333,0.007843138,0,0.003921569,0.1568628,0.06666667,0.07843138,0.003921569,0.1529412
10,17,9.81,500,0.7,1,0.3,160,100000,1,0.1,0.05,3.3,1,1,0,400000,1,1,0.05,3.3s,1,0.0001,1000,9.496924,0.3333333,0.007843138,0,0.003921569,0.1921569,0.07450981,0.0509804,0.007843138,0.1568628
10,18,9.81,500,0.7,1,0.3,160,100000,1,0.1,0.05,3.3,1,1,0,400000,1,1,0.05,3.3s,1,0.0001,1000,9.496924,0.3333333,0.007843138,0.003921569,0.003921569,0.2235294,0.07450981,0.01568628,0.003921569,0.1647059
10,19,9.81,500,0.7,1,0.3,160,100000,1,0.1,0.05,3.3,1,1,0,400000,1,1,0.05,3.3s,1,0.0001,1000,9.496924,0.3333333,0.007843138,0.007843138,0.003921569,0.2352941,0.07058824,0,0.003921569,0.172549
10,20,9.81,500,0.7,1,0.3,160,100000,1,0.1,0.05,3.3,1,1,0,400000,1,1,0.05,3.3s,1,0.0001,1000,9.496924,0.3333333,0.007843138,0.01176471,0.003921569,0.227451,0.0627451,0,0,0.1803922
10,21,9.81,500,0.7,1,0.3,160,100000,1,0.1,0.05,3.3,1,1,0,400000,1,1,0.05,3.3s,1,0.0001,1000,9.496924,0.3333333,0.007843138,0.01568628,0.003921569,0.1921569,0.05490196,0,0,0.1882353
10,22,9.81,500,0.7,1,0.3,160,100000,1,0.1,0.05,3.3,1,1,0,400000,1,1,0.05,3.3s,1,0.0001,1000,9.496924,0.3333333,0.003921569,0.01568628,0.003921569,0.1372549,0.04313726,0,0,0.2
10,23,9.81,500,0.7,1,0.3,160,100000,1,0.1,0.05,3.3,1,1,0,400000,1,1,0.05,3.3s,1,0.0001,1000,9.496924,0.3333333,0.003921569,0.01960784,0.003921569,0.0627451,0.03529412,0,0,0.2039216
10,24,9.81,500,0.7,1,0.3,160,100000,1,0.1,0.05,3.3,1,1,0,400000,1,1,0.05,3.3s,1,0.0001,1000,9.496924,0.3333333,0,0.01960784,0.003921569,0,0.02352941,0,0,0.2078432
10,25,9.81,500,0.7,1,0.3,160,100000,1,0.1,0.05,3.3,1,1,0,400000,1,1,0.05,3.3s,1,0.0001,1000,9.496924,0.3333333,0,0.01960784,0.003921569,0,0.01568628,0,0,0.2039216
10,26,9.81,500,0.7,1,0.3,160,100000,1,0.1,0.05,3.3,1,1,0,400000,1,1,0.05,3.3s,1,0.0001,1000,9.496924,0.3333333,0,0.01568628,0.003921569,0,0.01176471,0,0,0.1960784
10,27,9.81,500,0.7,1,0.3,160,100000,1,0.1,0.05,3.3,1,1,0,400000,1,1,0.05,3.3s,1,0.0001,1000,9.496924,0.3333333,0,0.01176471,0.003921569,0,0.007843138,0,0,0.1882353
10,28,9.81,500,0.7,1,0.3,160,100000,1,0.1,0.05,3.3,1,1,0,400000,1,1,0.05,3.3s,1,0.0001,1000,9.496924,0.3333333,0,0.01176471,0.003921569,0,0.007843138,0,0,0.1803922
10,29,9.81,500,0.7,1,0.3,160,100000,1,0.1,0.05,3.3,1,1,0,400000,1,1,0.05,3.3s,1,0.0001,1000,9.496924,0.3333333,0,0.007843138,0.003921569,0,0.007843138,0,0,0.172549
10,30,9.81,500,0.7,1,0.3,160,100000,1,0.1,0.05,3.3,1,1,0,400000,1,1,0.05,3.3s,1,0.0001,1000,9.496924,0.3333333,0,0.003921569,0.003921569,0,0.007843138,0.03529412,0,0.1647059
10,31,9.81,500,0.7,1,0.3,160,100000,1,0.1,0.05,3.3,1,1,0,400000,1,1,0.05,3.3s,1,0.0001,1000,9.496924,0.3333333,0,0,0.003921569,0,0.01176471,0.0627451,0,0.1607843
10,32,9.81,500,0.7,1,0.3,160,100000,1,0.1,0.05,3.3,1,1,0,400000,1,1,0.05,3.3s,1,0.0001,1000,9.496924,0.3333333,0,0,0.003921569,0,0.01568628,0.08235294,0,0.1568628
10,33,9.81,500,0.7,1,0.3,160,100000,1,0.1,0.05,3.3,1,1,0,400000,1,1,0.05,3.3s,1,0.0001,1000,9.496924,0.3333333,0,0,0.003921569,0,0.01568628,0.09411766,0,0.1568628
10,34,9.81,500,0.7,1,0.3,160,100000,1,0.1,0.05,3.3,1,1,0,400000,1,1,0.05,3.3s,1,0.0001,1000,9.496924,0.3333333,0,0,0.003921569,0,0.01960784,0.09019608,0,0.1568628
10,35,9.81,500,0.7,1,0.3,160,100000,1,0.1,0.05,3.3,1,1,0,400000,1,1,0.05,3.3s,1,0.0001,1000,9.496924,0.3333333,0,0,0.003921569,0.007843138,0.02745098,0.08235294,0,0.1568628
10,36,9.81,500,0.7,1,0.3,160,100000,1,0.1,0.05,3.3,1,1,0,400000,1,1,0.05,3.3s,1,0.0001,1000,9.496924,0.3333333,0,0,0.003921569,0.03529412,0.03137255,0.06666667,0,0.1607843
10,37,9.81,500,0.7,1,0.3,160,100000,1,0.1,0.05,3.3,1,1,0,400000,1,1,0.05,3.3s,1,0.0001,1000,9.496924,0.3333333,0,0,0.003921569,0.04313726,0.03921569,0.04705883,0,0.1647059
10,38,9.81,500,0.7,1,0.3,160,100000,1,0.1,0.05,3.3,1,1,0,400000,1,1,0.05,3.3s,1,0.0001,1000,9.496924,0.3333333,0,0,0.003921569,0.04313726,0.04705883,0.02745098,0,0.1686275
10,39,9.81,500,0.7,1,0.3,160,100000,1,0.1,0.05,3.3,1,1,0,400000,1,1,0.05,3.3s,1,0.0001,1000,9.496924,0.3333333,0,0,0.003921569,0.03137255,0.05882353,0.01568628,0,0.1686275
10,40,9.81,500,0.7,1,0.3,160,100000,1,0.1,0.05,3.3,1,1,0,400000,1,1,0.05,3.3s,1,0.0001,1000,9.496924,0.3333333,0,0,0.003921569,0.01568628,0.06666667,0.01176471,0,0.1686275
10,41,9.81,500,0.7,1,0.3,160,100000,1,0.1,0.05,3.3,1,1,0,400000,1,1,0.05,3.3s,1,0.0001,1000,9.496924,0.3333333,0,0,0.003921569,0.003921569,0.07450981,0.01568628,0,0.1686275
10,42,9.81,500,0.7,1,0.3,160,100000,1,0.1,0.05,3.3,1,1,0,400000,1,1,0.05,3.3s,1,0.0001,1000,9.496924,0.3333333,0,0,0.003921569,0,0.08235294,0.02352941,0,0.1686275
10,43,9.81,500,0.7,1,0.3,160,100000,1,0.1,0.05,3.3,1,1,0,400000,1,1,0.05,3.3s,1,0.0001,1000,9.496924,0.3333333,0.003921569,0,0.003921569,0,0.08235294,0.03137255,0,0.1647059
10,44,9.81,500,0.7,1,0.3,160,100000,1,0.1,0.05,3.3,1,1,0,400000,1,1,0.05,3.3s,1,0.0001,1000,9.496924,0.3333333,0.003921569,0,0.003921569,0.01176471,0.07843138,0.03921569,0,0.1647059
10,45,9.81,500,0.7,1,0.3,160,100000,1,0.1,0.05,3.3,1,1,0,400000,1,1,0.05,3.3s,1,0.0001,1000,9.496924,0.3333333,0.003921569,0,0.003921569,0.03137255,0.07058824,0.04313726,0,0.1647059
10,46,9.81,500,0.7,1,0.3,160,100000,1,0.1,0.05,3.3,1,1,0,400000,1,1,0.05,3.3s,1,0.0001,1000,9.496924,0.3333333,0.003921569,0,0.003921569,0.05490196,0.05882353,0.04313726,0,0.1647059
10,47,9.81,500,0.7,1,0.3,160,100000,1,0.1,0.05,3.3,1,1,0,400000,1,1,0.05,3.3s,1,0.0001,1000,9.496924,0.3333333,0.003921569,0,0.003921569,0.07450981,0.04705883,0.03921569,0,0.1647059
10,48,9.81,500,0.7,1,0.3,160,100000,1,0.1,0.05,3.3,1,1,0,400000,1,1,0.05,3.3s,1,0.0001,1000,9.496924,0.3333333,0.003921569,0.003921569,0.003921569,0.09019608,0.03529412,0.02745098,0,0.1686275
10,49,9.81,500,0.7,1,0.3,160,100000,1,0.1,0.05,3.3,1,1,0,400000,1,1,0.05,3.3s,1,0.0001,1000,9.496924,0.3333333,0.003921569,0.003921569,0.003921569,0.1019608,0.02745098,0.01176471,0,0.1686275
10,50,9.81,500,0.7,1,0.3,160,100000,1,0.1,0.05,3.3,1,1,0,400000,1,1,0.05,3.3s,1,0.0001,1000,9.496924,0.3333333,0.003921569,0.007843138,0.003921569,0.1019608,0.01960784,0,0,0.172549
10,51,9.81,500,0.7,1,0.3,160,100000,1,0.1,0.05,3.3,1,1,0,400000,1,1,0.05,3.3s,1,0.0001,1000,9.496924,0.3333333,0.003921569,0.007843138,0,0.09803922,0.01176471,0,0,0.1764706
10,52,9.81,500,0.7,1,0.3,160,100000,1,0.1,0.05,3.3,1,1,0,400000,1,1,0.05,3.3s,1,0.0001,1000,9.496924,0.3333333,0.003921569,0.007843138,0,0.09019608,0.01176471,0,0,0.1764706
10,53,9.81,500,0.7,1,0.3,160,100000,1,0.1,0.05,3.3,1,1,0,400000,1,1,0.05,3.3s,1,0.0001,1000,9.496924,0.3333333,0.003921569,0.01176471,0,0.07843138,0.01176471,0,0,0.1803922
10,54,9.81,500,0.7,1,0.3,160,100000,1,0.1,0.05,3.3,1,1,0,400000,1,1,0.05,3.3s,1,0.0001,1000,9.496924,0.3333333,0.003921569,0.01176471,0,0.07058824,0.007843138,0,0,0.1803922
10,55,9.81,500,0.7,1,0.3,160,100000,1,0.1,0.05,3.3,1,1,0,400000,1,1,0.05,3.3s,1,0.0001,1000,9.496924,0.3333333,0.003921569,0.01176471,0,0.06666667,0.007843138,0,0,0.1803922
10,56,9.81,500,0.7,1,0.3,160,100000,1,0.1,0.05,3.3,1,1,0,400000,1,1,0.05,3.3s,1,0.0001,1000,9.496924,0.3333333,0.003921569,0.01176471,0,0.06666667,0.003921569,0,0,0.1843137
10,57,9.81,500,0.7,1,0.3,160,100000,1,0.1,0.05,3.3,1,1,0,400000,1,1,0.05,3.3s,1,0.0001,1000,9.496924,0.3333333,0.003921569,0.01568628,0,0.0627451,0.003921569,0,0,0.1843137
10,58,9.81,500,0.7,1,0.3,160,100000,1,0.1,0.05,3.3,1,1,0,400000,1,1,0.05,3.3s,1,0.0001,1000,9.496924,0.3333333,0,0.01568628,0,0.05490196,0,0,0,0.1882353
10,59,9.81,500,0.7,1,0.3,160,100000,1,0.1,0.05,3.3,1,1,0,400000,1,1,0.05,3.3s,1,0.0001,1000,9.496924,0.3333333,0,0.01568628,0,0.04313726,0.003921569,0,0,0.1882353
10,60,9.81,500,0.7,1,0.3,160,100000,1,0.1,0.05,3.3,1,1,0,400000,1,1,0.05,3.3s,1,0.0001,1000,9.496924,0.3333333,0,0.01568628,0,0.02352941,0.003921569,0,0,0.1921569
10,61,9.81,500,0.7,1,0.3,160,100000,1,0.1,0.05,3.3,1,1,0,400000,1,1,0.05,3.3s,1,0.0001,1000,9.496924,0.3333333,0,0.01568628,0,0,0.007843138,0,0,0.1960784
10,62,9.81,500,0.7,1,0.3,160,100000,1,0.1,0.05,3.3,1,1,0,400000,1,1,0.05,3.3s,1,0.0001,1000,9.496924,0.3333333,0,0.01568628,0,0,0.01176471,0,0,0.1960784
10,63,9.81,500,0.7,1,0.3,160,100000,1,0.1,0.05,3.3,1,1,0,400000,1,1,0.05,3.3s,1,0.0001,1000,9.496924,0.3333333,0,0.01568628,0,0,0.01568628,0,0,0.1960784
11,0,9.81,500,0.7,1,0.3,160,100000,1,0.1,0.05,3.3,1,1,0,400000,1,1,0.05,3.3s,1,0.0001,1000,9.496924,0.3333333,0,0.01568628,0,0,0,0,0,0.1921569
11,1,9.81,500,0.7,1,0.3,160,100000,1,0.1,0.05,3.3,1,1,0,400000,1,1,0.05,3.3s,1,0.0001,1000,9.496924,0.3333333,0,0.01176471,0,0,0,0,0,0.1882353
11,2,9.81,500,0.7,1,0.3,160,100000,1,0.1,0.05,3.3,1,1,0,400000,1,1,0.05,3.3s,1,0.0001,1000,9.496924,0.3333333,0,0.01176471,0,0,0,0,0,0.1843137
11,3,9.81,500,0.7,1,0.3,160,100000,1,0.1,0.05,3.3,1,1,0,400000,1,1,0.05,3.3s,1,0.0001,1000,9.496924,0.3333333,0,0.007843138,0,0,0,0,0,0.1764706
11,4,9.81,500,0.7,1,0.3,160,100000,1,0.1,0.05,3.3,1,1,0,400000,1,1,0.05,3.3s,1,0.0001,1000,9.496924,0.3333333,0,0.003921569,0,0,0,0.01960784,0,0.172549
11,5,9.81,500,0.7,1,0.3,160,100000,1,0.1,0.05,3.3,1,1,0,400000,1,1,0.05,3.3s,1,0.0001,1000,9.496924,0.3333333,0,0,0,0,0,0.0509804,0,0.1647059
11,6,9.81,500,0.7,1,0.3,160,100000,1,0.1,0.05,3.3,1,1,0,400000,1,1,0.05,3.3s,1,0.0001,1000,9.496924,0.3333333,0,0,0,0,0,0.07843138,0,0.1607843
11,7,9.81,500,0.7,1,0.3,160,100000,1,0.1,0.05,3.3,1,1,0,400000,1,1,0.05,3.3s,1,0.0001,1000,9.496924,0.3333333,0,0,0,0,0,0.09803922,0,0.1568628
11,8,9.81,500,0.7,1,0.3,160,100000,1,0.1,0.05,3.3,1,1,0,400000,1,1,0.05,3.3s,1,0.0001,1000,9.496924,0.3333333,0,0,0,0,0,0.1098039,0,0.1529412
11,9,9.81,500,0.7,1,0.3,160,100000,1,0.1,0.05,3.3,1,1,0,400000,1,1,0.05,3.3s,1,0.0001,1000,9.496924,0.3333333,0,0,0,0,0,0.1137255,0,0.1529412
11,10,9.81,500,0.7,1,0.3,160,100000,1,0.1,0.05,3.3,1,1,0,400000,1,1,0.05,3.3s,1,0.0001,1000,9.496924,0.3333333,0,0,0,0,0.003921569,0.1137255,0,0.1529412
11,11,9.81,500,0.7,1,0.3,160,100000,1,0.1,0.05,3.3,1,1,0,400000,1,1,0.05,3.3s,1,0.0001,1000,9.496924,0.3333333,0,0,0.003921569,0.007843138,0.01176471,0.1098039,0,0.1529412
11,12,9.81,500,0.7,1,0.3,160,100000,1,0.1,0.05,3.3,1,1,0,400000,1,1,0.05,3.3s,1,0.0001,1000,9.496924,0.3333333,0.003921569,0,0.003921569,0.03529412,0.02745098,0.1058824,0,0.1529412
11,13,9.81,500,0.7,1,0.3,160,100000,1,0.1,0.05,3.3,1,1,0,400000,1,1,0.05,3.3s,1,0.0001,1000,9.496924,0.3333333,0.003921569,0,0.003921569,0.0627451,0.03921569,0.1019608,0,0.1529412
11,14,9.81,500,0.7,1,0.3,160,100000,1,0.1,0.05,3.3,1,1,0,400000,1,1,0.05,3.3s,1,0.0001,1000,9.496924,0.3333333,0.003921569,0,0.003921569,0.09411766,0.05490196,0.09803922,0,0.1529412
11,15,9.81,500,0.7,1,0.3,160,100000,1,0.1,0.05,3.3,1,1,0,400000,1,1,0.05,3.3s,1,0.0001,1000,9.496924,0.3333333,0.007843138,0,0.003921569,0.1294118,0.07058824,0.08627451,0,0.1529412
11,16,9.81,500,0.7,1,0.3,160,100000,1,0.1,0.05,3.3,1,1,0,400000,1,1,0.05,3.3s,1,0.0001,1000,9.496924,0.3333333,0.007843138,0,0.003921569,0.1647059,0.07843138,0.07058824,0,0.1568628
11,17,9.81,500,0.7,1,0.3,160,100000,1,0.1,0.05,3.3,1,1,0,400000,1,1,0.05,3.3s,1,0.0001,1000,9.496924,0.3333333,0.007843138,0,0.003921569,0.1960784,0.08627451,0.04313726,0,0.1607843
11,18,9.81,500,0.7,1,0.3,160,100000,1,0.1,0.05,3.3,1,1,0,400000,1,1,0.05,3.3s,1,0.0001,1000,9.496924,0.3333333,0.007843138,0.003921569,0.003921569,0.2196079,0.08627451,0.007843138,0,0.1647059
11,19,9.81,500,0.7,1,0.3,160,100000,1,0.1,0.05,3.3,1,1,0,400000,1,1,0.05,3.3s,1,0.0001,1000,9.496924,0.3333333,0.007843138,0.007843138,0.003921569,0.227451,0.08235294,0,0,0.172549
11,20,9.81,500,0.7,1,0.3,160,100000,1,0.1,0.05,3.3,1,1,0,400000,1,1,0.05,3.3s,1,0.0001,1000,9.496924,0.3333333,0.007843138,0.01176471,0.003921569,0.2156863,0.07058824,0,0,0.1843137
11,21,9.81,500,0.7,1,0.3,160,100000,1,0.1,0.05,3.3,1,1,0,400000,1,1,0.05,3.3s,1,0.0001,1000,9.496924,0.3333333,0.007843138,0.01568628,0.003921569,0.1803922,0.05882353,0,0,0.1921569
11,22,9.81,500,0.7,1,0.3,160,100000,1,0.1,0.05,3.3,1,1,0,400000,1,1,0.05,3.3s,1,0.0001,1000,9.496924,0.3333333,0.003921569,0.01568628,0.003921569,0.1254902,0.04705883,0,0,0.2
11,23,9.81,500,0.7,1,0.3,160,100000,1,0.1,0.05,3.3,1,1,0,400000,1,1,0.05,3.3s,1,0.0001,1000,9.496924,0.3333333,0.003921569,0.01960784,0.003921569,0.05490196,0.03529412,0,0,0.2039216
11,24,9.81,500,0.7,1,0.3,160,100000,1,0.1,0.05,3.3,1,1,0,400000,1,1,0.05,3.3s,1,0.0001,1000,9.496924,0.3333333,0,0.01960784,0.003921569,0,0.02352941,0,0,0.2039216
11,25,9.81,500,0.7,1,0.3,160,100000,1,0.1,0.05,3.3,1,1,0,400000,1,1,0.05,3.3s,1,0.0001,1000,9.496924,0.3333333,0,0.01960784,0.003921569,0,0.01568628,0,0,0.2039216
11,26,9.81,500,0.7,1,0.3,160,100000,1,0.1,0.05,3.3,1,1,0,400000,1,1,0.05,3.3s,1,0.0001,1000,9.496924,0.3333333,0,0.01568628,0.003921569,0,0.007843138,0,0,0.1960784
11,27,9.81,500,0.7,1,0.3,160,100000,1,0.1,0.05,3.3,1,1,0,400000,1,1,0.05,3.3s,1,0.0001,1000,9.496924,0.3333333,0,0.01176471,0.003921569,0,0.007843138,0,0,0.1882353
11,28,9.81,500,0.7,1,0.3,160,100000,1,0.1,0.05,3.3,1,1,0,400000,1,1,0.05,3.3s,1,0.0001,1000,9.496924,0.3333333,0,0.01176471,0.003921569,0,0.007843138,0,0,0.1764706
11,29,9.81,500,0.7,1,0.3,160,100000,1,0.1,0.05,3.3,1,1,0,400000,1,1,0.05,3.3s,1,0.0001,1000,9.496924,0.3333333,0,0.007843138,0.003921569,0,0.007843138,0,0,0.1686275
11,30,9.81,500,0.7,1,0.3,160,100000,1,0.1,0.05,3.3,1,1,0,400000,1,1,0.05,3.3s,1,0.0001,1000,9.496924,0.3333333,0,0.003921569,0.003921569,0,0.01176471,0.03529412,0,0.1647059
11,31,9.81,500,0.7,1,0.3,160,100000,1,0.1,0.05,3.3,1,1,0,400000,1,1,0.05,3.3s,1,0.0001,1000,9.496924,0.3333333,0,0,0.003921569,0,0.01568628,0.06666667,0,0.1607843
11,32,9.81,500,0.7,1,0.3,160,100000,1,0.1,0.05,3.3,1,1,0,400000,1,1,0.05,3.3s,1,0.0001,1000,9.496924,0.3333333,0,0,0.003921569,0,0.01568628,0.08627451,0,0.1568628
11,33,9.81,500,0.7,1,0.3,160,100000,1,0.1,0.05,3.3,1,1,0,400000,1,1,0.05,3.3s,1,0.0001,1000,9.496924,0.3333333,0,0,0.003921569,0,0.01960784,0.09411766,0,0.1568628
11,34,9.81,500,0.7,1,0.3,160,100000,1,0.1,0.05,3.3,1,1,0,400000,1,1,0.05,3.3s,1,0.0001,1000,9.496924,0.3333333,0,0,0.003921569,0,0.01960784,0.09411766,0,0.1568628
11,35,9.81,500,0.7,1,0.3,160,100000,1,0.1,0.05,3.3,1,1,0,400000,1,1,0.05,3.3s,1,0.0001,1000,9.496924,0.3333333,0,0,0.003921569,0.01568628,0.02352941,0.08235294,0,0.1568628
11,36,9.81,500,0.7,1,0.3,160,100000,1,0.1,0.05,3.3,1,1,0,400000,1,1,0.05,3.3s,1,0.0001,1000,9.496924,0.3333333,0,0,0.003921569,0.03921569,0.02745098,0.06666667,0,0.1607843
11,37,9.81,500,0.7,1,0.3,160,100000,1,0.1,0.05,3.3,1,1,0,400000,1,1,0.05,3.3s,1,0.0001,1000,9.496924,0.3333333,0,0,0.003921569,0.0509804,0.03137255,0.04705883,0,0.1647059
11,38,9.81,500,0.7,1,0.3,160,100000,1,0.1,0.05,3.3,1,1,0,400000,1,1,0.05,3.3s,1,0.0001,1000,9.496924,0.3333333,0,0,0.003921569,0.0509804,0.03921569,0.02745098,0,0.1686275
11,39,9.81,500,0.7,1,0.3,160,100000,1,0.1,0.05,3.3,1,1,0,400000,1,1,0.05,3.3s,1,0.0001,1000,9.496924,0.3333333,0,0,0.003921569,0.03921569,0.0509804,0.01176471,0,0.1686275
11,40,9.81,500,0.7,1,0.3,160,100000,1,0.1,0.05,3.3,1,1,0,400000,1,1,0.05,3.3s,1,0.0001,1000,9.496924,0.3333333,0,0,0.003921569,0.02352941,0.05882353,0.007843138,0,0.1686275
11,41,9.81,500,0.7,1,0.3,160,100000,1,0.1,0.05,3.3,1,1,0,400000,1,1,0.05,3.3s,1,0.0001,1000,9.496924,0.3333333,0,0,0.003921569,0.007843138,0.06666667,0.007843138,0,0.1686275
11,42,9.81,500,0.7,1,0.3,160,100000,1,0.1,0.05,3.3,1,1,0,400000,1,1,0.05,3.3s,1,0.0001,1000,9.496924,0.3333333,0,0,0.003921569,0,0.07450981,0.01176471,0,0.1686275
11,43,9.81,500,0.7,1,0.3,160,100000,1,0.1,0.05,3.3,1,1,0,400000,1,1,0.05,3.3s,1,0.0001,1000,9.496924,0.3333333,0.003921569,0,0.003921569,0,0.07450981,0.02352941,0,0.1686275
11,44,9.81,500,0.7,1,0.3,160,100000,1,0.1,0.05,3.3,1,1,0,400000,1,1,0.05,3.3s,1,0.0001,1000,9.496924,0.3333333,0.003921569,0,0.003921569,0.007843138,0.07450981,0.03137255,0,0.1647059
11,45,9.81,500,0.7,1,0.3,160,100000,1,0.1,0.05,3.3,1,1,0,400000,1,1,0.05,3.3s,1,0.0001,1000,9.496924,0.3333333,0.003921569,0,0.003921569,0.01960784,0.0627451,0.03921569,0,0.1647059
11,46,9.81,500,0.7,1,0.3,160,100000,1,0.1,0.05,3.3,1,1,0,400000,1,1,0.05,3.3s,1,0.0001,1000,9.496924,0.3333333,0.003921569,0,0.003921569,0.03921569,0.0509804,0.04313726,0,0.1647059
11,47,9.81,500,0.7,1,0.3,160,100000,1,0.1,0.05,3.3,1,1,0,400000,1,1,0.05,3.3s,1,0.0001,1000,9.496924,0.3333333,0.003921569,0.003921569,0.003921569,0.0627451,0.03921569,0.03921569,0,0.1647059
11,48,9.81,500,0.7,1,0.3,160,100000,1,0.1,0.05,3.3,1,1,0,400000,1,1,0.05,3.3s,1,0.0001,1000,9.496924,0.3333333,0.003921569,0.003921569,0.003921569,0.07843138,0.02352941,0.03137255,0,0.1686275
11,49,9.81,500,0.7,1,0.3,160,100000,1,0.1,0.05,3.3,1,1,0,400000,1,1,0.05,3.3s,1,0.0001,1000,9.496924,0.3333333,0.003921569,0.003921569,0.003921569,0.09019608,0.01176471,0.01568628,0,0.1686275
11,50,9.81,500,0.7,1,0.3,160,100000,1,0.1,0.05,3.3,1,1,0,400000,1,1,0.05,3.3s,1,0.0001,1000,9.496924,0.3333333,0.003921569,0.007843138,0,0.09803922,0.003921569,0.003921569,0,0.172549
11,51,9.81,500,0.7,1,0.3,160,100000,1,0.1,0.05,3.3,1,1,0,400000,1,1,0.05,3.3s,1,0.0001,1000,9.496924,0.3333333,0.003921569,0.007843138,0,0.09411766,0,0,0,0.1764706
11,52,9.81,500,0.7,1,0.3,160,100000,1,0.1,0.05,3.3,1,1,0,400000,1,1,0.05,3.3s,1,0.0001,1000,9.496924,0.3333333,0.003921569,0.007843138,0,0.08627451,0,0,0,0.1764706
11,53,9.81,500,0.7,1,0.3,160,100000,1,0.1,0.05,3.3,1,1,0,400000,1,1,0.05,3.3s,1,0.0001,1000,9.496924,0.3333333,0.003921569,0.01176471,0,0.07843138,0,0,0,0.1803922
11,54,9.81,500,0.7,1,0.3,160,100000,1,0.1,0.05,3.3,1,1,0,400000,1,1,0.05,3.3s,1,0.0001,1000,9.496924,0.3333333,0.003921569,0.01176471,0,0.07058824,0,0,0,0.1803922
11,55,9.81,500,0.7,1,0.3,160,100000,1,0.1,0.05,3.3,1,1,0,400000,1,1,0.05,3.3s,1,0.0001,1000,9.496924,0.3333333,0.003921569,0.01176471,0,0.06666667,0,0,0,0.1803922
11,56,9.81,500,0.7,1,0.3,160,100000,1,0.1,0.05,3.3,1,1,0,400000,1,1,0.05,3.3s,1,0.0001,1000,9.496924,0.3333333,0.003921569,0.01176471,0,0.0627451,0,0,0,0.1843137
11,57,9.81,500,0.7,1,0.3,160,100000,1,0.1,0.05,3.3,1,1,0,400000,1,1,0.05,3.3s,1,0.0001,1000,9.496924,0.3333333,0.003921569,0.01568628,0,0.05882353,0,0,0,0.1843137
11,58,9.81,500,0.7,1,0.3,160,100000,1,0.1,0.05,3.3,1,1,0,400000,1,1,0.05,3.3s,1,0.0001,1000,9.496924,0.3333333,0,0.01568628,0,0.05490196,0,0,0,0.1882353
11,59,9.81,500,0.7,1,0.3,160,100000,1,0.1,0.05,3.3,1,1,0,400000,1,1,0.05,3.3s,1,0.0001,1000,9.496924,0.3333333,0,0.01568628,0,0.04313726,0,0,0,0.1882353
11,60,9.81,500,0.7,1,0.3,160,100000,1,0.1,0.05,3.3,1,1,0,400000,1,1,0.05,3.3s,1,0.0001,1000,9.496924,0.3333333,0,0.01568628,0,0.02352941,0,0,0,0.1921569
11,61,9.81,500,0.7,1,0.3,160,100000,1,0.1,0.05,3.3,1,1,0,400000,1,1,0.05,3.3s,1,0.0001,1000,9.496924,0.3333333,0,0.01568628,0,0,0,0,0,0.1960784
11,62,9.81,500,0.7,1,0.3,160,100000,1,0.1,0.05,3.3,1,1,0,400000,1,1,0.05,3.3s,1,0.0001,1000,9.496924,0.3333333,0,0.01568628,0,0,0,0,0,0.1960784
11,63,9.81,500,0.7,1,0.3,160,100000,1,0.1,0.05,3.3,1,1,0,400000,1,1,0.05,3.3s,1,0.0001,1000,9.496924,0.3333333,0,0.01568628,0,0,0,0,0,0.1960784
12,0,9.81,500,0.7,1,0.3,160,100000,1,0.1,0.05,3.3,1,1,0,400000,1,1,0.05,3.3s,1,0.0001,1000,9.496924,0.3333333,0,0.01568628,0,0,0,0,0,0.1921569
12,1,9.81,500,0.7,1,0.3,160,100000,1,0.1,0.05,3.3,1,1,0,400000,1,1,0.05,3.3s,1,0.0001,1000,9.496924,0.3333333,0,0.01176471,0,0,0,0,0,0.1882353
12,2,9.81,500,0.7,1,0.3,160,100000,1,0.1,0.05,3.3,1,1,0,400000,1,1,0.05,3.3s,1,0.0001,1000,9.496924,0.3333333,0,0.007843138,0,0,0,0,0,0.1843137
12,3,9.81,500,0.7,1,0.3,160,100000,1,0.1,0.05,3.3,1,1,0,400000,1,1,0.05,3.3s,1,0.0001,1000,9.496924,0.3333333,0,0.007843138,0,0,0,0,0,0.1764706
12,4,9.81,500,0.7,1,0.3,160,100000,1,0.1,0.05,3.3,1,1,0,400000,1,1,0.05,3.3s,1,0.0001,1000,9.496924,0.3333333,0,0.003921569,0,0,0,0.01960784,0,0.1686275
12,5,9.81,500,0.7,1,0.3,160,100000,1,0.1,0.05,3.3,1,1,0,400000,1,1,0.05,3.3s,1,0.0001,1000,9.496924,0.3333333,0,0,0,0,0,0.05490196,0,0.1647059
12,6,9.81,500,0.7,1,0.3,160,100000,1,0.1,0.05,3.3,1,1,0,400000,1,1,0.05,3.3s,1,0.0001,1000,9.496924,0.3333333,0,0,0,0,0,0.08235294,0,0.1568628
12,7,9.81,500,0.7,1,0.3,160,100000,1,0.1,0.05,3.3,1,1,0,400000,1,1,0.05,3.3s,1,0.0001,1000,9.496924,0.3333333,0,0,0,0,0,0.1019608,0,0.1529412
12,8,9.81,500,0.7,1,0.3,160,100000,1,0.1,0.05,3.3,1,1,0,400000,1,1,0.05,3.3s,1,0.0001,1000,9.496924,0.3333333,0,0,0,0,0,0.1137255,0,0.1529412
12,9,9.81,500,0.7,1,0.3,160,100000,1,0.1,0.05,3.3,1,1,0,400000,1,1,0.05,3.3s,1,0.0001,1000,9.496924,0.3333333,0,0,0,0,0,0.1176471,0,0.1529412
12,10,9.81,500,0.7,1,0.3,160,100000,1,0.1,0.05,3.3,1,1,0,400000,1,1,0.05,3.3s,1,0.0001,1000,9.496924,0.3333333,0,0,0,0,0.003921569,0.1176471,0,0.1529412
12,11,9.81,500,0.7,1,0.3,160,100000,1,0.1,0.05,3.3,1,1,0,400000,1,1,0.05,3.3s,1,0.0001,1000,9.496924,0.3333333,0,0,0.003921569,0.01960784,0.01568628,0.1137255,0,0.1529412
12,12,9.81,500,0.7,1,0.3,160,100000,1,0.1,0.05,3.3,1,1,0,400000,1,1,0.05,3.3s,1,0.0001,1000,9.496924,0.3333333,0.003921569,0,0.003921569,0.0509804,0.02745098,0.1098039,0,0.1529412
12,13,9.81,500,0.7,1,0.3,160,100000,1,0.1,0.05,3.3,1,1,0,400000,1,1,0.05,3.3s,1,0.0001,1000,9.496924,0.3333333,0.003921569,0,0.003921569,0.07843138,0.04313726,0.1019608,0,0.1529412
12,14,9.81,500,0.7,1,0.3,160,100000,1,0.1,0.05,3.3,1,1,0,400000,1,1,0.05,3.3s,1,0.0001,1000,9.496924,0.3333333,0.007843138,0,0.003921569,0.1098039,0.05882353,0.09411766,0,0.1529412
12,15,9.81,500,0.7,1,0.3,160,100000,1,0.1,0.05,3.3,1,1,0,400000,1,1,0.05,3.3s,1,0.0001,1000,9.496924,0.3333333,0.007843138,0,0.003921569,0.1411765,0.07450981,0.08235294,0,0.1568628
12,16,9.81,500,0.7,1,0.3,160,100000,1,0.1,0.05,3.3,1,1,0,400000,1,1,0.05,3.3s,1,0.0001,1000,9.496924,0.3333333,0.007843138,0,0.003921569,0.172549,0.08627451,0.0627451,0,0.1607843
12,17,9.81,500,0.7,1,0.3,160,100000,1,0.1,0.05,3.3,1,1,0,400000,1,1,0.05,3.3s,1,0.0001,1000,9.496924,0.3333333,0.007843138,0.003921569,0.003921569,0.2,0.09411766,0.03529412,0,0.1647059
12,18,9.81,500,0.7,1,0.3,160,100000,1,0.1,0.05,3.3,1,1,0,400000,1,1,0.05,3.3s,1,0.0001,1000,9.496924,0.3333333,0.007843138,0.007843138,0.003921569,0.2196079,0.09411766,0,0,0.1686275
12,19,9.81,500,0.7,1,0.3,160,100000,1,0.1,0.05,3.3,1,1,0,400000,1,1,0.05,3.3s,1,0.0001,1000,9.496924,0.3333333,0.007843138,0.007843138,0.003921569,0.2196079,0.08627451,0,0,0.1764706
12,20,9.81,500,0.7,1,0.3,160,100000,1,0.1,0.05,3.3,1,1,0,400000,1,1,0.05,3.3s,1,0.0001,1000,9.496924,0.3333333,0.007843138,0.01176471,0.003921569,0.2039216,0.07843138,0,0,0.1843137
12,21,9.81,500,0.7,1,0.3,160,100000,1,0.1,0.05,3.3,1,1,0,400000,1,1,0.05,3.3s,1,0.0001,1000,9.496924,0.3333333,0.007843138,0.01568628,0.003921569,0.1647059,0.0627451,0,0,0.1921569
12,22,9.81,500,0.7,1,0.3,160,100000,1,0.1,0.05,3.3,1,1,0,400000,1,1,0.05,3.3s,1,0.0001,1000,9.496924,0.3333333,0.003921569,0.01960784,0.003921569,0.1098039,0.04705883,0,0,0.2
12,23,9.81,500,0.7,1,0.3,160,100000,1,0.1,0.05,3.3,1,1,0,400000,1,1,0.05,3.3s,1,0.0001,1000,9.496924,0.3333333,0,0.01960784,0.003921569,0.03921569,0.03137255,0,0,0.2039216
12,24,9.81,500,0.7,1,0.3,160,100000,1,0.1,0.05,3.3,1,1,0,400000,1,1,0.05,3.3s,1,0.0001,1000,9.496924,0.3333333,0,0.01960784,0.003921569,0,0.01960784,0,0,0.2039216
12,25,9.81,500,0.7,1,0.3,160,100000,1,0.1,0.05,3.3,1,1,0,400000,1,1,0.05,3.3s,1,0.0001,1000,9.496924,0.3333333,0,0.01960784,0.003921569,0,0.01176471,0,0,0.2
12,26,9.81,500,0.7,1,0.3,160,100000,1,0.1,0.05,3.3,1,1,0,400000,1,1,0.05,3.3s,1,0.0001,1000,9.496924,0.3333333,0,0.01568628,0.003921569,0,0.003921569,0,0,0.1960784
12,27,9.81,500,0.7,1,0.3,160,100000,1,0.1,0.05,3.3,1,1,0,400000,1,1,0.05,3.3s,1,0.0001,1000,9.496924,0.3333333,0,0.01176471,0.003921569,0,0.003921569,0,0,0.1843137
12,28,9.81,500,0.7,1,0.3,160,100000,1,0.1,0.05,3.3,1,1,0,400000,1,1,0.05,3.3s,1,0.0001,1000,9.496924,0.3333333,0,0.01176471,0.003921569,0,0.003921569,0,0,0.1764706
12,29,9.81,500,0.7,1,0.3,160,100000,1,0.1,0.05,3.3,1,1,0,400000,1,1,0.05,3.3s,1,0.0001,1000,9.496924,0.3333333,0,0.007843138,0.003921569,0,0.007843138,0.003921569,0,0.1686275
12,30,9.81,500,0.7,1,0.3,160,100000,1,0.1,0.05,3.3,1,1,0,400000,1,1,0.05,3.3s,1,0.0001,1000,9.496924,0.3333333,0,0.003921569,0.003921569,0,0.01176471,0.03921569,0,0.1647059
12,31,9.81,500,0.7,1,0.3,160,100000,1,0.1,0.05,3.3,1,1,0,400000,1,1,0.05,3.3s,1,0.0001,1000,9.496924,0.3333333,0,0,0.003921569,0,0.01568628,0.06666667,0,0.1607843
12,32,9.81,500,0.7,1,0.3,160,100000,1,0.1,0.05,3.3,1,1,0,400000,1,1,0.05,3.3s,1,0.0001,1000,9.496924,0.3333333,0,0,0.003921569,0,0.01568628,0.08627451,0,0.1568628
12,33,9.81,500,0.7,1,0.3,160,100000,1,0.1,0.05,3.3,1,1,0,400000,1,1,0.05,3.3s,1,0.0001,1000,9.496924,0.3333333,0,0,0.003921569,0,0.01960784,0.09411766,0,0.1568628
12,34,9.81,500,0.7,1,0.3,160,100000,1,0.1,0.05,3.3,1,1,0,400000,1,1,0.05,3.3s,1,0.0001,1000,9.496924,0.3333333,0,0,0.003921569,0,0.01960784,0.09411766,0,0.1568628
12,35,9.81,500,0.7,1,0.3,160,100000,1,0.1,0.05,3.3,1,1,0,400000,1,1,0.05,3.3s,1,0.0001,1000,9.496924,0.3333333,0,0,0.003921569,0.01568628,0.02352941,0.08235294,0,0.1568628
12,36,9.81,500,0.7,1,0.3,160,100000,1,0.1,0.05,3.3,1,1,0,400000,1,1,0.05,3.3s,1,0.0001,1000,9.496924,0.3333333,0,0,0.003921569,0.04313726,0.02352941,0.06666667,0,0.1607843
12,37,9.81,500,0.7,1,0.3,160,100000,1,0.1,0.05,3.3,1,1,0,400000,1,1,0.05,3.3s,1,0.0001,1000,9.496924,0.3333333,0,0,0.003921569,0.05882353,0.02745098,0.04705883,0,0.1647059
12,38,9.81,500,0.7,1,0.3,160,100000,1,0.1,0.05,3.3,1,1,0,400000,1,1,0.05,3.3s,1,0.0001,1000,9.496924,0.3333333,0,0,0.003921569,0.05882353,0.03529412,0.02745098,0,0.1686275
12,39,9.81,500,0.7,1,0.3,160,100000,1,0.1,0.05,3.3,1,1,0,400000,1,1,0.05,3.3s,1,0.0001,1000,9.496924,0.3333333,0,0,0.003921569,0.0509804,0.04313726,0.01176471,0,0.1686275
12,40,9.81,500,0.7,1,0.3,160,100000,1,0.1,0.05,3.3,1,1,0,400000,1,1,0.05,3.3s,1,0.0001,1000,9.496924,0.3333333,0,0,0.003921569,0.03529412,0.05490196,0,0,0.172549
12,41,9.81,500,0.7,1,0.3,160,100000,1,0.1,0.05,3.3,1,1,0,400000,1,1,0.05,3.3s,1,0.0001,1000,9.496924,0.3333333,0,0,0.003921569,0.01568628,0.0627451,0,0,0.172549
12,42,9.81,500,0.7,1,0.3,160,100000,1,0.1,0.05,3.3,1,1,0,400000,1,1,0.05,3.3s,1,0.0001,1000,9.496924,0.3333333,0,0,0.003921569,0.003921569,0.06666667,0.003921569,0,0.172549
12,43,9.81,500,0.7,1,0.3,160,100000,1,0.1,0.05,3.3,1,1,0,400000,1,1,0.05,3.3s,1,0.0001,1000,9.496924,0.3333333,0,0,0.003921569,0,0.06666667,0.01176471,0,0.1686275
12,44,9.81,500,0.7,1,0.3,160,100000,1,0.1,0.05,3.3,1,1,0,400000,1,1,0.05,3.3s,1,0.0001,1000,9.496924,0.3333333,0.003921569,0,0.003921569,0,0.0627451,0.02352941,0,0.1686275
12,45,9.81,500,0.7,1,0.3,160,100000,1,0.1,0.05,3.3,1,1,0,400000,1,1,0.05,3.3s,1,0.0001,1000,9.496924,0.3333333,0.003921569,0,0.003921569,0.01176471,0.05490196,0.03137255,0,0.1686275
12,46,9.81,500,0.7,1,0.3,160,100000,1,0.1,0.05,3.3,1,1,0,400000,1,1,0.05,3.3s,1,0.0001,1000,9.496924,0.3333333,0.003921569,0.003921569,0.003921569,0.02745098,0.03921569,0.03921569,0,0.1686275
12,47,9.81,500,0.7,1,0.3,160,100000,1,0.1,0.05,3.3,1,1,0,400000,1,1,0.05,3.3s,1,0.0001,1000,9.496924,0.3333333,0.003921569,0.003921569,0.003921569,0.04705883,0.02745098,0.03921569,0,0.1686275
12,48,9.81,500,0.7,1,0.3,160,100000,1,0.1,0.05,3.3,1,1,0,400000,1,1,0.05,3.3s,1,0.0001,1000,9.496924,0.3333333,0.003921569,0.003921569,0,0.06666667,0.01176471,0.03137255,0,0.1686275
12,49,9.81,500,0.7,1,0.3,160,100000,1,0.1,0.05,3.3,1,1,0,400000,1,1,0.05,3.3s,1,0.0001,1000,9.496924,0.3333333,0.003921569,0.003921569,0,0.08235294,0,0.02352941,0,0.1686275
12,50,9.81,500,0.7,1,0.3,160,100000,1,0.1,0.05,3.3,1,1,0,400000,1,1,0.05,3.3s,1,0.0001,1000,9.496924,0.3333333,0.003921569,0.007843138,0,0.09019608,0,0.007843138,0,0.172549
12,51,9.81,500,0.7,1,0.3,160,100000,1,0.1,0.05,3.3,1,1,0,400000,1,1,0.05,3.3s,1,0.0001,1000,9.496924,0.3333333,0.003921569,0.007843138,0,0.09019608,0,0,0,0.1764706
12,52,9.81,500,0.7,1,0.3,160,100000,1,0.1,0.05,3.3,1,1,0,400000,1,1,0.05,3.3s,1,0.0001,1000,9.496924,0.3333333,0.003921569,0.007843138,0,0.08627451,0,0,0,0.1764706
12,53,9.81,500,0.7,1,0.3,160,100000,1,0.1,0.05,3.3,1,1,0,400000,1,1,0.05,3.3s,1,0.0001,1000,9.496924,0.3333333,0.003921569,0.01176471,0,0.07843138,0,0,0,0.1803922
12,54,9.81,500,0.7,1,0.3,160,100000,1,0.1,0.05,3.3,1,1,0,400000,1,1,0.05,3.3s,1,0.0001,1000,9.496924,0.3333333,0.003921569,0.01176471,0,0.07058824,0,0,0,0.1803922
12,55,9.81,500,0.7,1,0.3,160,100000,1,0.1,0.05,3.3,1,1,0,400000,1,1,0.05,3.3s,1,0.0001,1000,9.496924,0.3333333,0.003921569,0.01176471,0,0.06666667,0,0,0,0.1803922
12,56,9.81,500,0.7,1,0.3,160,100000,1,0.1,0.05,3.3,1,1,0,400000,1,1,0.05,3.3s,1,0.0001,1000,9.496924,0.3333333,0.003921569,0.01176471,0,0.0627451,0,0,0,0.1803922
12,57,9.81,500,0.7,1,0.3,160,100000,1,0.1,0.05,3.3,1,1,0,400000,1,1,0.05,3.3s,1,0.0001,1000,9.496924,0.3333333,0.003921569,0.01568628,0,0.05882353,0,0,0,0.1843137
12,58,9.81,500,0.7,1,0.3,160,100000,1,0.1,0.05,3.3,1,1,0,400000,1,1,0.05,3.3s,1,0.0001,1000,9.496924,0.3333333,0,0.01568628,0,0.05490196,0,0,0,0.1843137
12,59,9.81,500,0.7,1,0.3,160,100000,1,0.1,0.05,3.3,1,1,0,400000,1,1,0.05,3.3s,1,0.0001,1000,9.496924,0.3333333,0,0.01568628,0,0.04313726,0,0,0,0.1882353
12,60,9.81,500,0.7,1,0.3,160,100000,1,0.1,0.05,3.3,1,1,0,400000,1,1,0.05,3.3s,1,0.0001,1000,9.496924,0.3333333,0,0.01568628,0,0.02745098,0,0,0,0.1921569
12,61,9.81,500,0.7,1,0.3,160,100000,1,0.1,0.05,3.3,1,1,0,400000,1,1,0.05,3.3s,1,0.0001,1000,9.496924,0.3333333,0,0.01568628,0,0,0,0,0,0.1921569
12,62,9.81,500,0.7,1,0.3,160,100000,1,0.1,0.05,3.3,1,1,0,400000,1,1,0.05,3.3s,1,0.0001,1000,9.496924,0.3333333,0,0.01568628,0,0,0,0,0,0.1960784
12,63,9.81,500,0.7,1,0.3,160,100000,1,0.1,0.05,3.3,1,1,0,400000,1,1,0.05,3.3s,1,0.0001,1000,9.496924,0.3333333,0,0.01568628,0,0,0,0,0,0.1960784
13,0,9.81,500,0.7,1,0.3,160,100000,1,0.1,0.05,3.3,1,1,0,400000,1,1,0.05,3.3s,1,0.0001,1000,9.496924,0.3333333,0,0.01568628,0,0,0,0,0,0.1921569
13,1,9.81,500,0.7,1,0.3,160,100000,1,0.1,0.05,3.3,1,1,0,400000,1,1,0.05,3.3s,1,0.0001,1000,9.496924,0.3333333,0,0.01176471,0,0,0,0,0,0.1882353
13,2,9.81,500,0.7,1,0.3,160,100000,1,0.1,0.05,3.3,1,1,0,400000,1,1,0.05,3.3s,1,0.0001,1000,9.496924,0.3333333,0,0.007843138,0,0,0,0,0,0.1803922
13,3,9.81,500,0.7,1,0.3,160,100000,1,0.1,0.05,3.3,1,1,0,400000,1,1,0.05,3.3s,1,0.0001,1000,9.496924,0.3333333,0,0.007843138,0,0,0,0,0,0.1764706
13,4,9.81,500,0.7,1,0.3,160,100000,1,0.1,0.05,3.3,1,1,0,400000,1,1,0.05,3.3s,1,0.0001,1000,9.496924,0.3333333,0,0.003921569,0,0,0,0.02352941,0,0.1686275
13,5,9.81,500,0.7,1,0.3,160,100000,1,0.1,0.05,3.3,1,1,0,400000,1,1,0.05,3.3s,1,0.0001,1000,9.496924,0.3333333,0,0,0,0,0,0.05490196,0,0.1607843
13,6,9.81,500,0.7,1,0.3,160,100000,1,0.1,0.05,3.3,1,1,0,400000,1,1,0.05,3.3s,1,0.0001,1000,9.496924,0.3333333,0,0,0,0,0,0.08235294,0,0.1568628
13,7,9.81,500,0.7,1,0.3,160,100000,1,0.1,0.05,3.3,1,1,0,400000,1,1,0.05,3.3s,1,0.0001,1000,9.496924,0.3333333,0,0,0,0,0,0.1019608,0,0.1529412
13,8,9.81,500,0.7,1,0.3,160,100000,1,0.1,0.05,3.3,1,1,0,400000,1,1,0.05,3.3s,1,0.0001,1000,9.496924,0.3333333,0,0,0,0,0,0.1137255,0,0.1529412
13,9,9.81,500,0.7,1,0.3,160,100000,1,0.1,0.05,3.3,1,1,0,400000,1,1,0.05,3.3s,1,0.0001,1000,9.496924,0.3333333,0,0,0,0,0,0.1215686,0,0.1529412
13,10,9.81,500,0.7,1,0.3,160,100000,1,0.1,0.05,3.3,1,1,0,400000,1,1,0.05,3.3s,1,0.0001,1000,9.496924,0.3333333,0,0,0,0,0.003921569,0.1215686,0,0.1529412
13,11,9.81,500,0.7,1,0.3,160,100000,1,0.1,0.05,3.3,1,1,0,400000,1,1,0.05,3.3s,1,0.0001,1000,9.496924,0.3333333,0,0,0,0.03137255,0.01568628,0.1176471,0,0.1529412
13,12,9.81,500,0.7,1,0.3,160,100000,1,0.1,0.05,3.3,1,1,0,400000,1,1,0.05,3.3s,1,0.0001,1000,9.496924,0.3333333,0.003921569,0,0.003921569,0.06666667,0.02745098,0.1098039,0,0.1529412
13,13,9.81,500,0.7,1,0.3,160,100000,1,0.1,0.05,3.3,1,1,0,400000,1,1,0.05,3.3s,1,0.0001,1000,9.496924,0.3333333,0.003921569,0,0.003921569,0.09411766,0.04313726,0.1019608,0,0.1529412
13,14,9.81,500,0.7,1,0.3,160,100000,1,0.1,0.05,3.3,1,1,0,400000,1,1,0.05,3.3s,1,0.0001,1000,9.496924,0.3333333,0.007843138,0,0.003921569,0.1254902,0.05882353,0.09019608,0,0.1568628
13,15,9.81,500,0.7,1,0.3,160,100000,1,0.1,0.05,3.3,1,1,0,400000,1,1,0.05,3.3s,1,0.0001,1000,9.496924,0.3333333,0.007843138,0,0.003921569,0.1568628,0.07450981,0.07450981,0,0.1568628
13,16,9.81,500,0.7,1,0.3,160,100000,1,0.1,0.05,3.3,1,1,0,400000,1,1,0.05,3.3s,1,0.0001,1000,9.496924,0.3333333,0.007843138,0,0.003921569,0.1843137,0.08627451,0.05490196,0,0.1607843
13,17,9.81,500,0.7,1,0.3,160,100000,1,0.1,0.05,3.3,1,1,0,400000,1,1,0.05,3.3s,1,0.0001,1000,9.496924,0.3333333,0.007843138,0.003921569,0.003921569,0.2039216,0.09411766,0.02352941,0,0.1686275
13,18,9.81,500,0.7,1,0.3,160,100000,1,0.1,0.05,3.3,1,1,0,400000,1,1,0.05,3.3s,1,0.0001,1000,9.496924,0.3333333,0.007843138,0.007843138,0.003921569,0.2156863,0.09411766,0,0,0.172549
13,19,9.81,500,0.7,1,0.3,160,100000,1,0.1,0.05,3.3,1,1,0,400000,1,1,0.05,3.3s,1,0.0001,1000,9.496924,0.3333333,0.007843138,0.01176471,0.003921569,0.2117647,0.09019608,0,0,0.1803922
13,20,9.81,500,0.7,1,0.3,160,100000,1,0.1,0.05,3.3,1,1,0,400000,1,1,0.05,3.3s,1,0.0001,1000,9.496924,0.3333333,0.007843138,0.01568628,0.003921569,0.1921569,0.07843138,0,0,0.1882353
13,21,9.81,500,0.7,1,0.3,160,100000,1,0.1,0.05,3.3,1,1,0,400000,1,1,0.05,3.3s,1,0.0001,1000,9.496924,0.3333333,0.007843138,0.01568628,0.003921569,0.1490196,0.0627451,0,0,0.1960784
13,22,9.81,500,0.7,1,0.3,160,100000,1,0.1,0.05,3.3,1,1,0,400000,1,1,0.05,3.3s,1,0.0001,1000,9.496924,0.3333333,0.003921569,0.01960784,0.003921569,0.09411766,0.04705883,0,0,0.2039216
13,23,9.81,500,0.7,1,0.3,160,100000,1,0.1,0.05,3.3,1,1,0,400000,1,1,0.05,3.3s,1,0.0001,1000,9.496924,0.3333333,0,0.01960784,0.003921569,0.02745098,0.03137255,0,0,0.2078432
13,24,9.81,500,0.7,1,0.3,160,100000,1,0.1,0.05,3.3,1,1,0,400000,1,1,0.05,3.3s,1,0.0001,1000,9.496924,0.3333333,0,0.01960784,0.003921569,0,0.01568628,0,0,0.2039216
13,25,9.81,500,0.7,1,0.3,160,100000,1,0.1,0.05,3.3,1,1,0,400000,1,1,0.05,3.3s,1,0.0001,1000,9.496924,0.3333333,0,0.01960784,0,0,0.007843138,0,0,0.2
13,26,9.81,500,0.7,1,0.3,160,100000,1,0.1,0.05,3.3,1,1,0,400000,1,1,0.05,3.3s,1,0.0001,1000,9.496924,0.3333333,0,0.01568628,0,0,0.003921569,0,0,0.1921569
13,27,9.81,500,0.7,1,0.3,160,100000,1,0.1,0.05,3.3,1,1,0,400000,1,1,0.05,3.3s,1,0.0001,1000,9.496924,0.3333333,0,0.01176471,0,0,0,0,0,0.1843137
13,28,9.81,500,0.7,1,0.3,160,100000,1,0.1,0.05,3.3,1,1,0,400000,1,1,0.05,3.3s,1,0.0001,1000,9.496924,0.3333333,0,0.01176471,0,0,0.003921569,0,0,0.1764706
13,29,9.81,500,0.7,1,0.3,160,100000,1,0.1,0.05,3.3,1,1,0,400000,1,1,0.05,3.3s,1,0.0001,1000,9.496924,0.3333333,0,0.007843138,0,0,0.003921569,0.007843138,0,0.1686275
13,30,9.81,500,0.7,1,0.3,160,100000,1,0.1,0.05,3.3,1,1,0,400000,1,1,0.05,3.3s,1,0.0001,1000,9.496924,0.3333333,0,0.003921569,0,0,0.007843138,0.03921569,0,0.1647059
13,31,9.81,500,0.7,1,0.3,160,100000,1,0.1,0.05,3.3,1,1,0,400000,1,1,0.05,3.3s,1,0.0001,1000,9.496924,0.3333333,0,0,0.003921569,0,0.01176471,0.06666667,0,0.1607843
13,32,9.81,500,0.7,1,0.3,160,100000,1,0.1,0.05,3.3,1,1,0,400000,1,1,0.05,3.3s,1,0.0001,1000,9.496924,0.3333333,0,0,0.003921569,0,0.01568628,0.08627451,0,0.1568628
13,33,9.81,500,0.7,1,0.3,160,100000,1,0.1,0.05,3.3,1,1,0,400000,1,1,0.05,3.3s,1,0.0001,1000,9.496924,0.3333333,0,0,0.003921569,0,0.01568628,0.09411766,0,0.1568628
13,34,9.81,500,0.7,1,0.3,160,100000,1,0.1,0.05,3.3,1,1,0,400000,1,1,0.05,3.3s,1,0.0001,1000,9.496924,0.3333333,0,0,0.003921569,0,0.01960784,0.09411766,0,0.1568628
13,35,9.81,500,0.7,1,0.3,160,100000,1,0.1,0.05,3.3,1,1,0,400000,1,1,0.05,3.3s,1,0.0001,1000,9.496924,0.3333333,0,0,0.003921569,0.01960784,0.01960784,0.08627451,0,0.1568628
13,36,9.81,500,0.7,1,0.3,160,100000,1,0.1,0.05,3.3,1,1,0,400000,1,1,0.05,3.3s,1,0.0001,1000,9.496924,0.3333333,0,0,0.003921569,0.04705883,0.01960784,0.06666667,0,0.1607843
13,37,9.81,500,0.7,1,0.3,160,100000,1,0.1,0.05,3.3,1,1,0,400000,1,1,0.05,3.3s,1,0.0001,1000,9.496924,0.3333333,0,0,0.003921569,0.0627451,0.02745098,0.04705883,0,0.1647059
13,38,9.81,500,0.7,1,0.3,160,100000,1,0.1,0.05,3.3,1,1,0,400000,1,1,0.05,3.3s,1,0.0001,1000,9.496924,0.3333333,0,0,0.003921569,0.06666667,0.03137255,0.02352941,0,0.1686275
13,39,9.81,500,0.7,1,0.3,160,100000,1,0.1,0.05,3.3,1,1,0,400000,1,1,0.05,3.3s,1,0.0001,1000,9.496924,0.3333333,0,0,0.003921569,0.05882353,0.03921569,0.007843138,0,0.1686275
13,40,9.81,500,0.7,1,0.3,160,100000,1,0.1,0.05,3.3,1,1,0,400000,1,1,0.05,3.3s,1,0.0001,1000,9.496924,0.3333333,0,0.003921569,0.003921569,0.04313726,0.04705883,0,0,0.172549
13,41,9.81,500,0.7,1,0.3,160,100000,1,0.1,0.05,3.3,1,1,0,400000,1,1,0.05,3.3s,1,0.0001,1000,9.496924,0.3333333,0,0.003921569,0.003921569,0.02352941,0.05490196,0,0,0.172549
13,42,9.81,500,0.7,1,0.3,160,100000,1,0.1,0.05,3.3,1,1,0,400000,1,1,0.05,3.3s,1,0.0001,1000,9.496924,0.3333333,0,0.003921569,0.003921569,0.007843138,0.05882353,0,0,0.172549
13,43,9.81,500,0.7,1,0.3,160,100000,1,0.1,0.05,3.3,1,1,0,400000,1,1,0.05,3.3s,1,0.0001,1000,9.496924,0.3333333,0,0.003921569,0.003921569,0,0.05490196,0.003921569,0,0.172549
13,44,9.81,500,0.7,1,0.3,160,100000,1,0.1,0.05,3.3,1,1,0,400000,1,1,0.05,3.3s,1,0.0001,1000,9.496924,0.3333333,0,0.003921569,0.003921569,0,0.0509804,0.01568628,0,0.1686275
13,45,9.81,500,0.7,1,0.3,160,100000,1,0.1,0.05,3.3,1,1,0,400000,1,1,0.05,3.3s,1,0.0001,1000,9.496924,0.3333333,0.003921569,0.003921569,0.003921569,0,0.03921569,0.02745098,0,0.1686275
13,46,9.81,500,0.7,1,0.3,160,100000,1,0.1,0.05,3.3,1,1,0,400000,1,1,0.05,3.3s,1,0.0001,1000,9.496924,0.3333333,0.003921569,0.003921569,0.003921569,0.01176471,0.02745098,0.03529412,0,0.1686275
13,47,9.81,500,0.7,1,0.3,160,100000,1,0.1,0.05,3.3,1,1,0,400000,1,1,0.05,3.3s,1,0.0001,1000,9.496924,0.3333333,0.003921569,0.003921569,0,0.03137255,0.01176471,0.03921569,0,0.1686275
13,48,9.81,500,0.7,1,0.3,160,100000,1,0.1,0.05,3.3,1,1,0,400000,1,1,0.05,3.3s,1,0.0001,1000,9.496924,0.3333333,0.003921569,0.003921569,0,0.0509804,0,0.03529412,0,0.1686275
13,49,9.81,500,0.7,1,0.3,160,100000,1,0.1,0.05,3.3,1,1,0,400000,1,1,0.05,3.3s,1,0.0001,1000,9.496924,0.3333333,0.003921569,0.003921569,0,0.07058824,0,0.02745098,0,0.1686275
13,50,9.81,500,0.7,1,0.3,160,100000,1,0.1,0.05,3.3,1,1,0,400000,1,1,0.05,3.3s,1,0.0001,1000,9.496924,0.3333333,0.003921569,0.003921569,0,0.08235294,0,0.01568628,0,0.172549
13,51,9.81,500,0.7,1,0.3,160,100000,1,0.1,0.05,3.3,1,1,0,400000,1,1,0.05,3.3s,1,0.0001,1000,9.496924,0.3333333,0.003921569,0.007843138,0,0.08627451,0,0.003921569,0,0.172549
13,52,9.81,500,0.7,1,0.3,160,100000,1,0.1,0.05,3.3,1,1,0,400000,1,1,0.05,3.3s,1,0.0001,1000,9.496924,0.3333333,0.003921569,0.007843138,0,0.08235294,0,0,0,0.1764706
13,53,9.81,500,0.7,1,0.3,160,100000,1,0.1,0.05,3.3,1,1,0,400000,1,1,0.05,3.3s,1,0.0001,1000,9.496924,0.3333333,0.003921569,0.007843138,0,0.07843138,0,0,0,0.1764706
13,54,9.81,500,0.7,1,0.3,160,100000,1,0.1,0.05,3.3,1,1,0,400000,1,1,0.05,3.3s,1,0.0001,1000,9.496924,0.3333333,0.003921569,0.01176471,0,0.07058824,0,0,0,0.1803922
13,55,9.81,500,0.7,1,0.3,160,100000,1,0.1,0.05,3.3,1,1,0,400000,1,1,0.05,3.3s,1,0.0001,1000,9.496924,0.3333333,0.003921569,0.01176471,0,0.06666667,0,0,0,0.1803922
13,56,9.81,500,0.7,1,0.3,160,100000,1,0.1,0.05,3.3,1,1,0,400000,1,1,0.05,3.3s,1,0.0001,1000,9.496924,0.3333333,0.003921569,0.01176471,0,0.0627451,0,0,0,0.1803922
13,57,9.81,500,0.7,1,0.3,160,100000,1,0.1,0.05,3.3,1,1,0,400000,1,1,0.05,3.3s,1,0.0001,1000,9.496924,0.3333333,0.003921569,0.01568628,0,0.05882353,0,0,0,0.1843137
13,58,9.81,500,0.7,1,0.3,160,100000,1,0.1,0.05,3.3,1,1,0,400000,1,1,0.05,3.3s,1,0.0001,1000,9.496924,0.3333333,0,0.01568628,0,0.05490196,0,0,0,0.1843137
13,59,9.81,500,0.7,1,0.3,160,100000,1,0.1,0.05,3.3,1,1,0,400000,1,1,0.05,3.3s,1,0.0001,1000,9.496924,0.3333333,0,0.01568628,0,0.04313726,0,0,0,0.1882353
13,60,9.81,500,0.7,1,0.3,160,100000,1,0.1,0.05,3.3,1,1,0,400000,1,1,0.05,3.3s,1,0.0001,1000,9.496924,0.3333333,0,0.01568628,0,0.02745098,0,0,0,0.1882353
13,61,9.81,500,0.7,1,0.3,160,100000,1,0.1,0.05,3.3,1,1,0,400000,1,1,0.05,3.3s,1,0.0001,1000,9.496924,0.3333333,0,0.01568628,0,0,0,0,0,0.1921569
13,62,9.81,500,0.7,1,0.3,160,100000,1,0.1,0.05,3.3,1,1,0,400000,1,1,0.05,3.3s,1,0.0001,1000,9.496924,0.3333333,0,0.01568628,0,0,0,0,0,0.1921569
13,63,9.81,500,0.7,1,0.3,160,100000,1,0.1,0.05,3.3,1,1,0,400000,1,1,0.05,3.3s,1,0.0001,1000,9.496924,0.3333333,0,0.01568628,0,0,0,0,0,0.1921569
14,0,9.81,500,0.7,1,0.3,160,100000,1,0.1,0.05,3.3,1,1,0,400000,1,1,0.05,3.3s,1,0.0001,1000,9.496924,0.3333333,0,0.01176471,0,0,0,0,0,0.1882353
14,1,9.81,500,0.7,1,0.3,160,100000,1,0.1,0.05,3.3,1,1,0,400000,1,1,0.05,3.3s,1,0.0001,1000,9.496924,0.3333333,0,0.01176471,0,0,0,0,0,0.1843137
14,2,9.81,500,0.7,1,0.3,160,100000,1,0.1,0.05,3.3,1,1,0,400000,1,1,0.05,3.3s,1,0.0001,1000,9.496924,0.3333333,0,0.007843138,0,0,0,0,0,0.1803922
14,3,9.81,500,0.7,1,0.3,160,100000,1,0.1,0.05,3.3,1,1,0,400000,1,1,0.05,3.3s,1,0.0001,1000,9.496924,0.3333333,0,0.003921569,0,0,0,0,0,0.172549
14,4,9.81,500,0.7,1,0.3,160,100000,1,0.1,0.05,3.3,1,1,0,400000,1,1,0.05,3.3s,1,0.0001,1000,9.496924,0.3333333,0,0.003921569,0,0,0,0.02745098,0,0.1647059
14,5,9.81,500,0.7,1,0.3,160,100000,1,0.1,0.05,3.3,1,1,0,400000,1,1,0.05,3.3s,1,0.0001,1000,9.496924,0.3333333,0,0,0,0,0,0.05882353,0,0.1607843
14,6,9.81,500,0.7,1,0.3,160,100000,1,0.1,0.05,3.3,1,1,0,400000,1,1,0.05,3.3s,1,0.0001,1000,9.496924,0.3333333,0,0,0,0,0,0.08235294,0,0.1568628
14,7,9.81,500,0.7,1,0.3,160,100000,1,0.1,0.05,3.3,1,1,0,400000,1,1,0.05,3.3s,1,0.0001,1000,9.496924,0.3333333,0,0,0,0,0,0.1019608,0,0.1529412
14,8,9.81,500,0.7,1,0.3,160,100000,1,0.1,0.05,3.3,1,1,0,400000,1,1,0.05,3.3s,1,0.0001,1000,9.496924,0.3333333,0,0,0,0,0,0.1176471,0,0.1529412
14,9,9.81,500,0.7,1,0.3,160,100000,1,0.1,0.05,3.3,1,1,0,400000,1,1,0.05,3.3s,1,0.0001,1000,9.496924,0.3333333,0,0,0,0,0,0.1215686,0,0.1490196
14,10,9.81,500,0.7,1,0.3,160,100000,1,0.1,0.05,3.3,1,1,0,400000,1,1,0.05,3.3s,1,0.0001,1000,9.496924,0.3333333,0,0,0,0.007843138,0.003921569,0.1215686,0,0.1490196
14,11,9.81,500,0.7,1,0.3,160,100000,1,0.1,0.05,3.3,1,1,0,400000,1,1,0.05,3.3s,1,0.0001,1000,9.496924,0.3333333,0,0,0,0.04313726,0.01568628,0.1176471,0,0.1529412
14,12,9.81,500,0.7,1,0.3,160,100000,1,0.1,0.05,3.3,1,1,0,400000,1,1,0.05,3.3s,1,0.0001,1000,9.496924,0.3333333,0.003921569,0,0.003921569,0.07843138,0.02352941,0.1137255,0,0.1529412
14,13,9.81,500,0.7,1,0.3,160,100000,1,0.1,0.05,3.3,1,1,0,400000,1,1,0.05,3.3s,1,0.0001,1000,9.496924,0.3333333,0.003921569,0,0.003921569,0.1098039,0.03921569,0.1019608,0,0.1568628
14,14,9.81,500,0.7,1,0.3,160,100000,1,0.1,0.05,3.3,1,1,0,400000,1,1,0.05,3.3s,1,0.0001,1000,9.496924,0.3333333,0.007843138,0,0.003921569,0.1411765,0.0509804,0.09019608,0,0.1568628
14,15,9.81,500,0.7,1,0.3,160,100000,1,0.1,0.05,3.3,1,1,0,400000,1,1,0.05,3.3s,1,0.0001,1000,9.496924,0.3333333,0.007843138,0,0.003921569,0.1686275,0.06666667,0.07058824,0,0.1607843
14,16,9.81,500,0.7,1,0.3,160,100000,1,0.1,0.05,3.3,1,1,0,400000,1,1,0.05,3.3s,1,0.0001,1000,9.496924,0.3333333,0.007843138,0.003921569,0.003921569,0.1921569,0.07843138,0.04705883,0,0.1647059
14,17,9.81,500,0.7,1,0.3,160,100000,1,0.1,0.05,3.3,1,1,0,400000,1,1,0.05,3.3s,1,0.0001,1000,9.496924,0.3333333,0.007843138,0.003921569,0.003921569,0.2078432,0.08627451,0.01568628,0,0.172549
14,18,9.81,500,0.7,1,0.3,160,100000,1,0.1,0.05,3.3,1,1,0,400000,1,1,0.05,3.3s,1,0.0001,1000,9.496924,0.3333333,0.007843138,0.007843138,0.003921569,0.2156863,0.08627451,0,0,0.1764706
14,19,9.81,500,0.7,1,0.3,160,100000,1,0.1,0.05,3.3,1,1,0,400000,1,1,0.05,3.3s,1,0.0001,1000,9.496924,0.3333333,0.007843138,0.01176471,0.003921569,0.2039216,0.08235294,0,0,0.1843137
14,20,9.81,500,0.7,1,0.3,160,100000,1,0.1,0.05,3.3,1,1,0,400000,1,1,0.05,3.3s,1,0.0001,1000,9.496924,0.3333333,0.007843138,0.01568628,0.003921569,0.1764706,0.07058824,0,0,0.1921569
14,21,9.81,500,0.7,1,0.3,160,100000,1,0.1,0.05,3.3,1,1,0,400000,1,1,0.05,3.3s,1,0.0001,1000,9.496924,0.3333333,0.003921569,0.01960784,0.003921569,0.1333333,0.05882353,0,0,0.2
14,22,9.81,500,0.7,1,0.3,160,100000,1,0.1,0.05,3.3,1,1,0,400000,1,1,0.05,3.3s,1,0.0001,1000,9.496924,0.3333333,0.003921569,0.01960784,0.003921569,0.07843138,0.04313726,0,0,0.2039216
14,23,9.81,500,0.7,1,0.3,160,100000,1,0.1,0.05,3.3,1,1,0,400000,1,1,0.05,3.3s,1,0.0001,1000,9.496924,0.3333333,0,0.01960784,0,0.01176471,0.02745098,0,0,0.2078432
14,24,9.81,500,0.7,1,0.3,160,100000,1,0.1,0.05,3.3,1,1,0,400000,1,1,0.05,3.3s,1,0.0001,1000,9.496924,0.3333333,0,0.01960784,0,0,0.01176471,0,0,0.2039216
14,25,9.81,500,0.7,1,0.3,160,100000,1,0.1,0.05,3.3,1,1,0,400000,1,1,0.05,3.3s,1,0.0001,1000,9.496924,0.3333333,0,0.01960784,0,0,0.003921569,0,0,0.2
14,26,9.81,500,0.7,1,0.3,160,100000,1,0.1,0.05,3.3,1,1,0,400000,1,1,0.05,3.3s,1,0.0001,1000,9.496924,0.3333333,0,0.01568628,0,0,0,0,0,0.1921569
14,27,9.81,500,0.7,1,0.3,160,100000,1,0.1,0.05,3.3,1,1,0,400000,1,1,0.05,3.3s,1,0.0001,1000,9.496924,0.3333333,0,0.01176471,0,0,0,0,0,0.1843137
14,28,9.81,500,0.7,1,0.3,160,100000,1,0.1,0.05,3.3,1,1,0,400000,1,1,0.05,3.3s,1,0.0001,1000,9.496924,0.3333333,0,0.01176471,0,0,0,0,0,0.1764706
14,29,9.81,500,0.7,1,0.3,160,100000,1,0.1,0.05,3.3,1,1,0,400000,1,1,0.05,3.3s,1,0.0001,1000,9.496924,0.3333333,0,0.007843138,0,0,0,0.01176471,0,0.1686275
14,30,9.81,500,0.7,1,0.3,160,100000,1,0.1,0.05,3.3,1,1,0,400000,1,1,0.05,3.3s,1,0.0001,1000,9.496924,0.3333333,0,0.003921569,0,0,0.003921569,0.04313726,0,0.1647059
14,31,9.81,500,0.7,1,0.3,160,100000,1,0.1,0.05,3.3,1,1,0,400000,1,1,0.05,3.3s,1,0.0001,1000,9.496924,0.3333333,0,0.003921569,0,0,0.007843138,0.07058824,0,0.1607843
14,32,9.81,500,0.7,1,0.3,160,100000,1,0.1,0.05,3.3,1,1,0,400000,1,1,0.05,3.3s,1,0.0001,1000,9.496924,0.3333333,0,0,0,0,0.01176471,0.08627451,0,0.1568628
14,33,9.81,500,0.7,1,0.3,160,100000,1,0.1,0.05,3.3,1,1,0,400000,1,1,0.05,3.3s,1,0.0001,1000,9.496924,0.3333333,0,0,0.003921569,0,0.01176471,0.09803922,0,0.1568628
14,34,9.81,500,0.7,1,0.3,160,100000,1,0.1,0.05,3.3,1,1,0,400000,1,1,0.05,3.3s,1,0.0001,1000,9.496924,0.3333333,0,0,0.003921569,0,0.01568628,0.09411766,0,0.1568628
14,35,9.81,500,0.7,1,0.3,160,100000,1,0.1,0.05,3.3,1,1,0,400000,1,1,0.05,3.3s,1,0.0001,1000,9.496924,0.3333333,0,0,0.003921569,0.01960784,0.01568628,0.08627451,0,0.1568628
14,36,9.81,500,0.7,1,0.3,160,100000,1,0.1,0.05,3.3,1,1,0,400000,1,1,0.05,3.3s,1,0.0001,1000,9.496924,0.3333333,0,0,0.003921569,0.0509804,0.01960784,0.06666667,0,0.1607843
14,37,9.81,500,0.7,1,0.3,160,100000,1,0.1,0.05,3.3,1,1,0,400000,1,1,0.05,3.3s,1,0.0001,1000,9.496924,0.3333333,0,0,0.003921569,0.06666667,0.02352941,0.04705883,0,0.1647059
14,38,9.81,500,0.7,1,0.3,160,100000,1,0.1,0.05,3.3,1,1,0,400000,1,1,0.05,3.3s,1,0.0001,1000,9.496924,0.3333333,0,0,0.003921569,0.07450981,0.02745098,0.02352941,0,0.1686275
14,39,9.81,500,0.7,1,0.3,160,100000,1,0.1,0.05,3.3,1,1,0,400000,1,1,0.05,3.3s,1,0.0001,1000,9.496924,0.3333333,0.003921569,0,0.003921569,0.06666667,0.03529412,0.003921569,0,0.1686275
14,40,9.81,500,0.7,1,0.3,160,100000,1,0.1,0.05,3.3,1,1,0,400000,1,1,0.05,3.3s,1,0.0001,1000,9.496924,0.3333333,0.003921569,0.003921569,0.003921569,0.04705883,0.03921569,0,0,0.172549
14,41,9.81,500,0.7,1,0.3,160,100000,1,0.1,0.05,3.3,1,1,0,400000,1,1,0.05,3.3s,1,0.0001,1000,9.496924,0.3333333,0,0.003921569,0.003921569,0.02745098,0.04705883,0,0,0.172549
14,42,9.81,500,0.7,1,0.3,160,100000,1,0.1,0.05,3.3,1,1,0,400000,1,1,0.05,3.3s,1,0.0001,1000,9.496924,0.3333333,0,0.003921569,0.003921569,0.007843138,0.04705883,0,0,0.172549
14,43,9.81,500,0.7,1,0.3,160,100000,1,0.1,0.05,3.3,1,1,0,400000,1,1,0.05,3.3s,1,0.0001,1000,9.496924,0.3333333,0,0.003921569,0.003921569,0,0.04313726,0,0,0.172549
14,44,9.81,500,0.7,1,0.3,160,100000,1,0.1,0.05,3.3,1,1,0,400000,1,1,0.05,3.3s,1,0.0001,1000,9.496924,0.3333333,0,0.003921569,0.003921569,0,0.03921569,0.007843138,0,0.172549
14,45,9.81,500,0.7,1,0.3,160,100000,1,0.1,0.05,3.3,1,1,0,400000,1,1,0.05,3.3s,1,0.0001,1000,9.496924,0.3333333,0,0.003921569,0.003921569,0,0.02745098,0.01960784,0,0.1686275
14,46,9.81,500,0.7,1,0.3,160,100000,1,0.1,0.05,3.3,1,1,0,400000,1,1,0.05,3.3s,1,0.0001,1000,9.496924,0.3333333,0.003921569,0.003921569,0,0,0.01176471,0.03137255,0,0.1686275
14,47,9.81,500,0.7,1,0.3,160,100000,1,0.1,0.05,3.3,1,1,0,400000,1,1,0.05,3.3s,1,0.0001,1000,9.496924,0.3333333,0.003921569,0.003921569,0,0.01568628,0,0.03921569,0,0.1686275
14,48,9.81,500,0.7,1,0.3,160,100000,1,0.1,0.05,3.3,1,1,0,400000,1,1,0.05,3.3s,1,0.0001,1000,9.496924,0.3333333,0.003921569,0.003921569,0,0.03529412,0,0.03921569,0,0.1686275
14,49,9.81,500,0.7,1,0.3,160,100000,1,0.1,0.05,3.3,1,1,0,400000,1,1,0.05,3.3s,1,0.0001,1000,9.496924,0.3333333,0.003921569,0.003921569,0,0.05882353,0,0.03529412,0,0.1686275
14,50,9.81,500,0.7,1,0.3,160,100000,1,0.1,0.05,3.3,1,1,0,400000,1,1,0.05,3.3s,1,0.0001,1000,9.496924,0.3333333,0.003921569,0.003921569,0,0.07450981,0,0.02352941,0,0.1686275
14,51,9.81,500,0.7,1,0.3,160,100000,1,0.1,0.05,3.3,1,1,0,400000,1,1,0.05,3.3s,1,0.0001,1000,9.496924,0.3333333,0.003921569,0.007843138,0,0.08235294,0,0.007843138,0,0.172549
14,52,9.81,500,0.7,1,0.3,160,100000,1,0.1,0.05,3.3,1,1,0,400000,1,1,0.05,3.3s,1,0.0001,1000,9.496924,0.3333333,0.003921569,0.007843138,0,0.08235294,0,0,0,0.172549
14,53,9.81,500,0.7,1,0.3,160,100000,1,0.1,0.05,3.3,1,1,0,400000,1,1,0.05,3.3s,1,0.0001,1000,9.496924,0.3333333,0.003921569,0.007843138,0,0.07843138,0,0,0,0.1764706
14,54,9.81,500,0.7,1,0.3,160,100000,1,0.1,0.05,3.3,1,1,0,400000,1,1,0.05,3.3s,1,0.0001,1000,9.496924,0.3333333,0.003921569,0.01176471,0,0.07450981,0,0,0,0.1764706
14,55,9.81,500,0.7,1,0.3,160,100000,1,0.1,0.05,3.3,1,1,0,400000,1,1,0.05,3.3s,1,0.0001,1000,9.496924,0.3333333,0.003921569,0.01176471,0,0.06666667,0,0,0,0.1803922
14,56,9.81,500,0.7,1,0.3,160,100000,1,0.1,0.05,3.3,1,1,0,400000,1,1,0.05,3.3s,1,0.0001,1000,9.496924,0.3333333,0.003921569,0.01176471,0,0.0627451,0,0,0,0.1803922
14,57,9.81,500,0.7,1,0.3,160,100000,1,0.1,0.05,3.3,1,1,0,400000,1,1,0.05,3.3s,1,0.0001,1000,9.496924,0.3333333,0.003921569,0.01176471,0,0.05882353,0,0,0,0.1803922
14,58,9.81,500,0.7,1,0.3,160,100000,1,0.1,0.05,3.3,1,1,0,400000,1,1,0.05,3.3s,1,0.0001,1000,9.496924,0.3333333,0,0.01568628,0,0.05490196,0,0,0,0.1843137
14,59,9.81,500,0.7,1,0.3,160,100000,1,0.1,0.05,3.3,1,1,0,400000,1,1,0.05,3.3s,1,0.0001,1000,9.496924,0.3333333,0,0.01568628,0,0.04313726,0,0,0,0.1843137
14,60,9.81,500,0.7,1,0.3,160,100000,1,0.1,0.05,3.3,1,1,0,400000,1,1,0.05,3.3s,1,0.0001,1000,9.496924,0.3333333,0,0.01568628,0,0.02352941,0,0,0,0.1882353
14,61,9.81,500,0.7,1,0.3,160,100000,1,0.1,0.05,3.3,1,1,0,400000,1,1,0.05,3.3s,1,0.0001,1000,9.496924,0.3333333,0,0.01568628,0,0,0,0,0,0.1921569
14,62,9.81,500,0.7,1,0.3,160,100000,1,0.1,0.05,3.3,1,1,0,400000,1,1,0.05,3.3s,1,0.0001,1000,9.496924,0.3333333,0,0.01568628,0,0,0,0,0,0.1921569
14,63,9.81,500,0.7,1,0.3,160,100000,1,0.1,0.05,3.3,1,1,0,400000,1,1,0.05,3.3s,1,0.0001,1000,9.496924,0.3333333,0,0.01568628,0,0,0,0,0,0.1921569
15,0,9.81,500,0.7,1,0.3,160,100000,1,0.1,0.05,3.3,1,1,0,400000,1,1,0.05,3.3s,1,0.0001,1000,9.496924,0.3333333,0,0.01176471,0,0,0,0,0,0.1882353
15,1,9.81,500,0.7,1,0.3,160,100000,1,0.1,0.05,3.3,1,1,0,400000,1,1,0.05,3.3s,1,0.0001,1000,9.496924,0.3333333,0,0.01176471,0,0,0,0,0,0.1843137
15,2,9.81,500,0.7,1,0.3,160,100000,1,0.1,0.05,3.3,1,1,0,400000,1,1,0.05,3.3s,1,0.0001,1000,9.496924,0.3333333,0,0.007843138,0,0,0,0,0,0.1764706
15,3,9.81,500,0.7,1,0.3,160,100000,1,0.1,0.05,3.3,1,1,0,400000,1,1,0.05,3.3s,1,0.0001,1000,9.496924,0.3333333,0,0.003921569,0,0,0,0,0,0.172549
15,4,9.81,500,0.7,1,0.3,160,100000,1,0.1,0.05,3.3,1,1,0,400000,1,1,0.05,3.3s,1,0.0001,1000,9.496924,0.3333333,0,0,0,0,0,0.02745098,0,0.1647059
15,5,9.81,500,0.7,1,0.3,160,100000,1,0.1,0.05,3.3,1,1,0,400000,1,1,0.05,3.3s,1,0.0001,1000,9.496924,0.3333333,0,0,0,0,0,0.05882353,0,0.1607843
15,6,9.81,500,0.7,1,0.3,160,100000,1,0.1,0.05,3.3,1,1,0,400000,1,1,0.05,3.3s,1,0.0001,1000,9.496924,0.3333333,0,0,0,0,0,0.08627451,0,0.1568628
15,7,9.81,500,0.7,1,0.3,160,100000,1,0.1,0.05,3.3,1,1,0,400000,1,1,0.05,3.3s,1,0.0001,1000,9.496924,0.3333333,0,0,0,0,0,0.1019608,0,0.1529412
15,8,9.81,500,0.7,1,0.3,160,100000,1,0.1,0.05,3.3,1,1,0,400000,1,1,0.05,3.3s,1,0.0001,1000,9.496924,0.3333333,0,0,0,0,0,0.1176471,0,0.1529412
15,9,9.81,500,0.7,1,0.3,160,100000,1,0.1,0.05,3.3,1,1,0,400000,1,1,0.05,3.3s,1,0.0001,1000,9.496924,0.3333333,0,0,0,0,0,0.1215686,0,0.1490196
15,10,9.81,500,0.7,1,0.3,160,100000,1,0.1,0.05,3.3,1,1,0,400000,1,1,0.05,3.3s,1,0.0001,1000,9.496924,0.3333333,0,0,0,0.01568628,0.007843138,0.1215686,0,0.1490196
15,11,9.81,500,0.7,1,0.3,160,100000,1,0.1,0.05,3.3,1,1,0,400000,1,1,0.05,3.3s,1,0.0001,1000,9.496924,0.3333333,0.003921569,0,0,0.0509804,0.01176471,0.1215686,0,0.1529412
15,12,9.81,500,0.7,1,0.3,160,100000,1,0.1,0.05,3.3,1,1,0,400000,1,1,0.05,3.3s,1,0.0001,1000,9.496924,0.3333333,0.003921569,0,0,0.09019608,0.01960784,0.1137255,0,0.1529412
15,13,9.81,500,0.7,1,0.3,160,100000,1,0.1,0.05,3.3,1,1,0,400000,1,1,0.05,3.3s,1,0.0001,1000,9.496924,0.3333333,0.003921569,0,0.003921569,0.1215686,0.03137255,0.1019608,0,0.1568628
15,14,9.81,500,0.7,1,0.3,160,100000,1,0.1,0.05,3.3,1,1,0,400000,1,1,0.05,3.3s,1,0.0001,1000,9.496924,0.3333333,0.007843138,0,0.003921569,0.1529412,0.04313726,0.08627451,0,0.1607843
15,15,9.81,500,0.7,1,0.3,160,100000,1,0.1,0.05,3.3,1,1,0,400000,1,1,0.05,3.3s,1,0.0001,1000,9.496924,0.3333333,0.007843138,0,0.003921569,0.1803922,0.05490196,0.06666667,0,0.1647059
15,16,9.81,500,0.7,1,0.3,160,100000,1,0.1,0.05,3.3,1,1,0,400000,1,1,0.05,3.3s,1,0.0001,1000,9.496924,0.3333333,0.007843138,0.003921569,0.003921569,0.2039216,0.06666667,0.03921569,0,0.1686275
15,17,9.81,500,0.7,1,0.3,160,100000,1,0.1,0.05,3.3,1,1,0,400000,1,1,0.05,3.3s,1,0.0001,1000,9.496924,0.3333333,0.007843138,0.007843138,0.003921569,0.2117647,0.07450981,0.003921569,0,0.172549
15,18,9.81,500,0.7,1,0.3,160,100000,1,0.1,0.05,3.3,1,1,0,400000,1,1,0.05,3.3s,1,0.0001,1000,9.496924,0.3333333,0.007843138,0.01176471,0.003921569,0.2117647,0.07450981,0,0,0.1803922
15,19,9.81,500,0.7,1,0.3,160,100000,1,0.1,0.05,3.3,1,1,0,400000,1,1,0.05,3.3s,1,0.0001,1000,9.496924,0.3333333,0.007843138,0.01176471,0.003921569,0.1960784,0.07058824,0,0,0.1882353
15,20,9.81,500,0.7,1,0.3,160,100000,1,0.1,0.05,3.3,1,1,0,400000,1,1,0.05,3.3s,1,0.0001,1000,9.496924,0.3333333,0.007843138,0.01568628,0.003921569,0.1647059,0.05882353,0,0,0.1960784
15,21,9.81,500,0.7,1,0.3,160,100000,1,0.1,0.05,3.3,1,1,0,400000,1,1,0.05,3.3s,1,0.0001,1000,9.496924,0.3333333,0.003921569,0.01960784,0.003921569,0.1176471,0.04705883,0,0,0.2
15,22,9.81,500,0.7,1,0.3,160,100000,1,0.1,0.05,3.3,1,1,0,400000,1,1,0.05,3.3s,1,0.0001,1000,9.496924,0.3333333,0.003921569,0.01960784,0,0.0627451,0.03137255,0,0,0.2078432
15,23,9.81,500,0.7,1,0.3,160,100000,1,0.1,0.05,3.3,1,1,0,400000,1,1,0.05,3.3s,1,0.0001,1000,9.496924,0.3333333,0,0.01960784,0,0,0.01960784,0,0,0.2078432
15,24,9.81,500,0.7,1,0.3,160,100000,1,0.1,0.05,3.3,1,1,0,400000,1,1,0.05,3.3s,1,0.0001,1000,9.496924,0.3333333,0,0.01960784,0,0,0.007843138,0,0,0.2039216
15,25,9.81,500,0.7,1,0.3,160,100000,1,0.1,0.05,3.3,1,1,0,400000,1,1,0.05,3.3s,1,0.0001,1000,9.496924,0.3333333,0,0.01960784,0,0,0,0,0,0.2
15,26,9.81,500,0.7,1,0.3,160,100000,1,0.1,0.05,3.3,1,1,0,400000,1,1,0.05,3.3s,1,0.0001,1000,9.496924,0.3333333,0,0.01568628,0,0,0,0,0,0.1921569
15,27,9.81,500,0.7,1,0.3,160,100000,1,0.1,0.05,3.3,1,1,0,400000,1,1,0.05,3.3s,1,0.0001,1000,9.496924,0.3333333,0,0.01176471,0,0,0,0,0,0.1843137
15,28,9.81,500,0.7,1,0.3,160,100000,1,0.1,0.05,3.3,1,1,0,400000,1,1,0.05,3.3s,1,0.0001,1000,9.496924,0.3333333,0,0.01176471,0,0,0,0,0,0.1764706
15,29,9.81,500,0.7,1,0.3,160,100000,1,0.1,0.05,3.3,1,1,0,400000,1,1,0.05,3.3s,1,0.0001,1000,9.496924,0.3333333,0,0.007843138,0,0,0,0.01176471,0,0.1686275
15,30,9.81,500,0.7,1,0.3,160,100000,1,0.1,0.05,3.3,1,1,0,400000,1,1,0.05,3.3s,1,0.0001,1000,9.496924,0.3333333,0,0.003921569,0,0,0,0.04313726,0,0.1647059
15,31,9.81,500,0.7,1,0.3,160,100000,1,0.1,0.05,3.3,1,1,0,400000,1,1,0.05,3.3s,1,0.0001,1000,9.496924,0.3333333,0,0.003921569,0,0,0,0.07058824,0,0.1607843
15,32,9.81,500,0.7,1,0.3,160,100000,1,0.1,0.05,3.3,1,1,0,400000,1,1,0.05,3.3s,1,0.0001,1000,9.496924,0.3333333,0,0,0,0,0.003921569,0.08627451,0,0.1568628
15,33,9.81,500,0.7,1,0.3,160,100000,1,0.1,0.05,3.3,1,1,0,400000,1,1,0.05,3.3s,1,0.0001,1000,9.496924,0.3333333,0,0,0,0,0.003921569,0.09803922,0,0.1568628
15,34,9.81,500,0.7,1,0.3,160,100000,1,0.1,0.05,3.3,1,1,0,400000,1,1,0.05,3.3s,1,0.0001,1000,9.496924,0.3333333,0,0,0,0,0.007843138,0.09803922,0,0.1568628
15,35,9.81,500,0.7,1,0.3,160,100000,1,0.1,0.05,3.3,1,1,0,400000,1,1,0.05,3.3s,1,0.0001,1000,9.496924,0.3333333,0,0,0.003921569,0.02352941,0.01176471,0.08627451,0,0.1568628
15,36,9.81,500,0.7,1,0.3,160,100000,1,0.1,0.05,3.3,1,1,0,400000,1,1,0.05,3.3s,1,0.0001,1000,9.496924,0.3333333,0,0,0.003921569,0.05490196,0.01176471,0.07058824,0,0.1607843
15,37,9.81,500,0.7,1,0.3,160,100000,1,0.1,0.05,3.3,1,1,0,400000,1,1,0.05,3.3s,1,0.0001,1000,9.496924,0.3333333,0,0,0.003921569,0.07450981,0.01568628,0.04705883,0,0.1647059
15,38,9.81,500,0.7,1,0.3,160,100000,1,0.1,0.05,3.3,1,1,0,400000,1,1,0.05,3.3s,1,0.0001,1000,9.496924,0.3333333,0.003921569,0,0.003921569,0.07843138,0.02352941,0.01960784,0,0.1686275
15,39,9.81,500,0.7,1,0.3,160,100000,1,0.1,0.05,3.3,1,1,0,400000,1,1,0.05,3.3s,1,0.0001,1000,9.496924,0.3333333,0.003921569,0.003921569,0.003921569,0.07058824,0.02745098,0,0,0.1686275
15,40,9.81,500,0.7,1,0.3,160,100000,1,0.1,0.05,3.3,1,1,0,400000,1,1,0.05,3.3s,1,0.0001,1000,9.496924,0.3333333,0.003921569,0.003921569,0.003921569,0.05490196,0.03529412,0,0,0.172549
15,41,9.81,500,0.7,1,0.3,160,100000,1,0.1,0.05,3.3,1,1,0,400000,1,1,0.05,3.3s,1,0.0001,1000,9.496924,0.3333333,0,0.003921569,0.003921569,0.03137255,0.03921569,0,0,0.1764706
15,42,9.81,500,0.7,1,0.3,160,100000,1,0.1,0.05,3.3,1,1,0,400000,1,1,0.05,3.3s,1,0.0001,1000,9.496924,0.3333333,0,0.003921569,0.003921569,0.007843138,0.03921569,0,0,0.1764706
15,43,9.81,500,0.7,1,0.3,160,100000,1,0.1,0.05,3.3,1,1,0,400000,1,1,0.05,3.3s,1,0.0001,1000,9.496924,0.3333333,0,0.003921569,0.003921569,0,0.03529412,0,0,0.172549
15,44,9.81,500,0.7,1,0.3,160,100000,1,0.1,0.05,3.3,1,1,0,400000,1,1,0.05,3.3s,1,0.0001,1000,9.496924,0.3333333,0,0.003921569,0.003921569,0,0.02352941,0,0,0.172549
15,45,9.81,500,0.7,1,0.3,160,100000,1,0.1,0.05,3.3,1,1,0,400000,1,1,0.05,3.3s,1,0.0001,1000,9.496924,0.3333333,0,0.003921569,0,0,0.01176471,0.01568628,0,0.1686275
15,46,9.81,500,0.7,1,0.3,160,100000,1,0.1,0.05,3.3,1,1,0,400000,1,1,0.05,3.3s,1,0.0001,1000,9.496924,0.3333333,0,0.003921569,0,0,0,0.03137255,0,0.1686275
15,47,9.81,500,0.7,1,0.3,160,100000,1,0.1,0.05,3.3,1,1,0,400000,1,1,0.05,3.3s,1,0.0001,1000,9.496924,0.3333333,0,0.003921569,0,0,0,0.03921569,0,0.1647059
15,48,9.81,500,0.7,1,0.3,160,100000,1,0.1,0.05,3.3,1,1,0,400000,1,1,0.05,3.3s,1,0.0001,1000,9.496924,0.3333333,0.003921569,0.003921569,0,0.02352941,0,0.04313726,0,0.1647059
15,49,9.81,500,0.7,1,0.3,160,100000,1,0.1,0.05,3.3,1,1,0,400000,1,1,0.05,3.3s,1,0.0001,1000,9.496924,0.3333333,0.003921569,0.003921569,0,0.04705883,0,0.03921569,0,0.1647059
15,50,9.81,500,0.7,1,0.3,160,100000,1,0.1,0.05,3.3,1,1,0,400000,1,1,0.05,3.3s,1,0.0001,1000,9.496924,0.3333333,0.003921569,0.003921569,0,0.06666667,0,0.02745098,0,0.1686275
15,51,9.81,500,0.7,1,0.3,160,100000,1,0.1,0.05,3.3,1,1,0,400000,1,1,0.05,3.3s,1,0.0001,1000,9.496924,0.3333333,0.003921569,0.003921569,0,0.07843138,0,0.01568628,0,0.1686275
15,52,9.81,500,0.7,1,0.3,160,100000,1,0.1,0.05,3.3,1,1,0,400000,1,1,0.05,3.3s,1,0.0001,1000,9.496924,0.3333333,0.003921569,0.007843138,0,0.08235294,0,0,0,0.172549
15,53,9.81,500,0.7,1,0.3,160,100000,1,0.1,0.05,3.3,1,1,0,400000,1,1,0.05,3.3s,1,0.0001,1000,9.496924,0.3333333,0.003921569,0.007843138,0,0.08235294,0,0,0,0.172549
15,54,9.81,500,0.7,1,0.3,160,100000,1,0.1,0.05,3.3,1,1,0,400000,1,1,0.05,3.3s,1,0.0001,1000,9.496924,0.3333333,0.003921569,0.007843138,0,0.07843138,0,0,0,0.1764706
15,55,9.81,500,0.7,1,0.3,160,100000,1,0.1,0.05,3.3,1,1,0,400000,1,1,0.05,3.3s,1,0.0001,1000,9.496924,0.3333333,0.003921569,0.01176471,0,0.07058824,0,0,0,0.1764706
15,56,9.81,500,0.7,1,0.3,160,100000,1,0.1,0.05,3.3,1,1,0,400000,1,1,0.05,3.3s,1,0.0001,1000,9.496924,0.3333333,0.003921569,0.01176471,0,0.06666667,0,0,0,0.1803922
15,57,9.81,500,0.7,1,0.3,160,100000,1,0.1,0.05,3.3,1,1,0,400000,1,1,0.05,3.3s,1,0.0001,1000,9.496924,0.3333333,0.003921569,0.01176471,0,0.0627451,0,0,0,0.1803922
15,58,9.81,500,0.7,1,0.3,160,100000,1,0.1,0.05,3.3,1,1,0,400000,1,1,0.05,3.3s,1,0.0001,1000,9.496924,0.3333333,0,0.01176471,0,0.05490196,0,0,0,0.1843137
15,59,9.81,500,0.7,1,0.3,160,100000,1,0.1,0.05,3.3,1,1,0,400000,1,1,0.05,3.3s,1,0.0001,1000,9.496924,0.3333333,0,0.01568628,0,0.04313726,0,0,0,0.1843137
15,60,9.81,500,0.7,1,0.3,160,100000,1,0.1,0.05,3.3,1,1,0,400000,1,1,0.05,3.3s,1,0.0001,1000,9.496924,0.3333333,0,0.01568628,0,0.02352941,0,0,0,0.1882353
15,61,9.81,500,0.7,1,0.3,160,100000,1,0.1,0.05,3.3,1,1,0,400000,1,1,0.05,3.3s,1,0.0001,1000,9.496924,0.3333333,0,0.01568628,0,0,0,0,0,0.1882353
15,62,9.81,500,0.7,1,0.3,160,100000,1,0.1,0.05,3.3,1,1,0,400000,1,1,0.05,3.3s,1,0.0001,1000,9.496924,0.3333333,0,0.01568628,0,0,0,0,0,0.1921569
15,63,9.81,500,0.7,1,0.3,160,100000,1,0.1,0.05,3.3,1,1,0,400000,1,1,0.05,3.3s,1,0.0001,1000,9.496924,0.3333333,0,0.01568628,0,0,0,0,0,0.1882353
16,0,9.81,500,0.7,1,0.3,160,100000,1,0.1,0.05,3.3,1,1,0,400000,1,1,0.05,3.3s,1,0.0001,1000,9.496924,0.3333333,0,0.01176471,0,0,0,0,0,0.1843137
16,1,9.81,500,0.7,1,0.3,160,100000,1,0.1,0.05,3.3,1,1,0,400000,1,1,0.05,3.3s,1,0.0001,1000,9.496924,0.3333333,0,0.007843138,0,0,0,0,0,0.1803922
16,2,9.81,500,0.7,1,0.3,160,100000,1,0.1,0.05,3.3,1,1,0,400000,1,1,0.05,3.3s,1,0.0001,1000,9.496924,0.3333333,0,0.007843138,0,0,0,0,0,0.1764706
16,3,9.81,500,0.7,1,0.3,160,100000,1,0.1,0.05,3.3,1,1,0,400000,1,1,0.05,3.3s,1,0.0001,1000,9.496924,0.3333333,0,0.003921569,0,0,0,0,0,0.1686275
16,4,9.81,500,0.7,1,0.3,160,100000,1,0.1,0.05,3.3,1,1,0,400000,1,1,0.05,3.3s,1,0.0001,1000,9.496924,0.3333333,0,0,0,0,0,0.03137255,0,0.1647059
16,5,9.81,500,0.7,1,0.3,160,100000,1,0.1,0.05,3.3,1,1,0,400000,1,1,0.05,3.3s,1,0.0001,1000,9.496924,0.3333333,0,0,0,0,0,0.05882353,0,0.1568628
16,6,9.81,500,0.7,1,0.3,160,100000,1,0.1,0.05,3.3,1,1,0,400000,1,1,0.05,3.3s,1,0.0001,1000,9.496924,0.3333333,0,0,0,0,0,0.08235294,0,0.1529412
16,7,9.81,500,0.7,1,0.3,160,100000,1,0.1,0.05,3.3,1,1,0,400000,1,1,0.05,3.3s,1,0.0001,1000,9.496924,0.3333333,0,0,0,0,0,0.1019608,0,0.1529412
16,8,9.81,500,0.7,1,0.3,160,100000,1,0.1,0.05,3.3,1,1,0,400000,1,1,0.05,3.3s,1,0.0001,1000,9.496924,0.3333333,0,0,0,0,0,0.1137255,0,0.1490196
16,9,9.81,500,0.7,1,0.3,160,100000,1,0.1,0.05,3.3,1,1,0,400000,1,1,0.05,3.3s,1,0.0001,1000,9.496924,0.3333333,0,0,0,0,0.003921569,0.1215686,0,0.1490196
16,10,9.81,500,0.7,1,0.3,160,100000,1,0.1,0.05,3.3,1,1,0,400000,1,1,0.05,3.3s,1,0.0001,1000,9.496924,0.3333333,0,0,0,0.01960784,0.007843138,0.1215686,0,0.1490196
16,11,9.81,500,0.7,1,0.3,160,100000,1,0.1,0.05,3.3,1,1,0,400000,1,1,0.05,3.3s,1,0.0001,1000,9.496924,0.3333333,0.003921569,0,0,0.05882353,0.01176471,0.1215686,0,0.1529412
16,12,9.81,500,0.7,1,0.3,160,100000,1,0.1,0.05,3.3,1,1,0,400000,1,1,0.05,3.3s,1,0.0001,1000,9.496924,0.3333333,0.003921569,0,0,0.09803922,0.01568628,0.1137255,0,0.1529412
16,13,9.81,500,0.7,1,0.3,160,100000,1,0.1,0.05,3.3,1,1,0,400000,1,1,0.05,3.3s,1,0.0001,1000,9.496924,0.3333333,0.007843138,0,0,0.1333333,0.02352941,0.1019608,0,0.1568628
16,14,9.81,500,0.7,1,0.3,160,100000,1,0.1,0.05,3.3,1,1,0,400000,1,1,0.05,3.3s,1,0.0001,1000,9.496924,0.3333333,0.007843138,0,0,0.1647059,0.03529412,0.08235294,0,0.1607843
16,15,9.81,500,0.7,1,0.3,160,100000,1,0.1,0.05,3.3,1,1,0,400000,1,1,0.05,3.3s,1,0.0001,1000,9.496924,0.3333333,0.007843138,0,0,0.1921569,0.04313726,0.05882353,0,0.1647059
16,16,9.81,500,0.7,1,0.3,160,100000,1,0.1,0.05,3.3,1,1,0,400000,1,1,0.05,3.3s,1,0.0001,1000,9.496924,0.3333333,0.007843138,0.003921569,0.003921569,0.2117647,0.0509804,0.03137255,0,0.1686275
16,17,9.81,500,0.7,1,0.3,160,100000,1,0.1,0.05,3.3,1,1,0,400000,1,1,0.05,3.3s,1,0.0001,1000,9.496924,0.3333333,0.007843138,0.007843138,0.003921569,0.2156863,0.05490196,0,0,0.1764706
16,18,9.81,500,0.7,1,0.3,160,100000,1,0.1,0.05,3.3,1,1,0,400000,1,1,0.05,3.3s,1,0.0001,1000,9.496924,0.3333333,0.007843138,0.01176471,0.003921569,0.2117647,0.05490196,0,0,0.1843137
16,19,9.81,500,0.7,1,0.3,160,100000,1,0.1,0.05,3.3,1,1,0,400000,1,1,0.05,3.3s,1,0.0001,1000,9.496924,0.3333333,0.007843138,0.01568628,0,0.1882353,0.0509804,0,0,0.1921569
16,20,9.81,500,0.7,1,0.3,160,100000,1,0.1,0.05,3.3,1,1,0,400000,1,1,0.05,3.3s,1,0.0001,1000,9.496924,0.3333333,0.007843138,0.01568628,0,0.1529412,0.04313726,0,0,0.2
16,21,9.81,500,0.7,1,0.3,160,100000,1,0.1,0.05,3.3,1,1,0,400000,1,1,0.05,3.3s,1,0.0001,1000,9.496924,0.3333333,0.003921569,0.01960784,0,0.1058824,0.03529412,0,0,0.2039216
16,22,9.81,500,0.7,1,0.3,160,100000,1,0.1,0.05,3.3,1,1,0,400000,1,1,0.05,3.3s,1,0.0001,1000,9.496924,0.3333333,0.003921569,0.01960784,0,0.0509804,0.02352941,0,0,0.2078432
16,23,9.81,500,0.7,1,0.3,160,100000,1,0.1,0.05,3.3,1,1,0,400000,1,1,0.05,3.3s,1,0.0001,1000,9.496924,0.3333333,0,0.01960784,0,0,0.01176471,0,0,0.2078432
16,24,9.81,500,0.7,1,0.3,160,100000,1,0.1,0.05,3.3,1,1,0,400000,1,1,0.05,3.3s,1,0.0001,1000,9.496924,0.3333333,0,0.01960784,0,0,0,0,0,0.2039216
16,25,9.81,500,0.7,1,0.3,160,100000,1,0.1,0.05,3.3,1,1,0,400000,1,1,0.05,3.3s,1,0.0001,1000,9.496924,0.3333333,0,0.01960784,0,0,0,0,0,0.2
16,26,9.81,500,0.7,1,0.3,160,100000,1,0.1,0.05,3.3,1,1,0,400000,1,1,0.05,3.3s,1,0.0001,1000,9.496924,0.3333333,0,0.01568628,0,0,0,0,0,0.1921569
16,27,9.81,500,0.7,1,0.3,160,100000,1,0.1,0.05,3.3,1,1,0,400000,1,1,0.05,3.3s,1,0.0001,1000,9.496924,0.3333333,0,0.01176471,0,0,0,0,0,0.1843137
16,28,9.81,500,0.7,1,0.3,160,100000,1,0.1,0.05,3.3,1,1,0,400000,1,1,0.05,3.3s,1,0.0001,1000,9.496924,0.3333333,0,0.01176471,0,0,0,0,0,0.1764706
16,29,9.81,500,0.7,1,0.3,160,100000,1,0.1,0.05,3.3,1,1,0,400000,1,1,0.05,3.3s,1,0.0001,1000,9.496924,0.3333333,0,0.007843138,0,0,0,0.01568628,0,0.1686275
16,30,9.81,500,0.7,1,0.3,160,100000,1,0.1,0.05,3.3,1,1,0,400000,1,1,0.05,3.3s,1,0.0001,1000,9.496924,0.3333333,0,0.003921569,0,0,0,0.04705883,0,0.1647059
16,31,9.81,500,0.7,1,0.3,160,100000,1,0.1,0.05,3.3,1,1,0,400000,1,1,0.05,3.3s,1,0.0001,1000,9.496924,0.3333333,0,0.003921569,0,0,0,0.07058824,0,0.1607843
16,32,9.81,500,0.7,1,0.3,160,100000,1,0.1,0.05,3.3,1,1,0,400000,1,1,0.05,3.3s,1,0.0001,1000,9.496924,0.3333333,0,0,0,0,0,0.09019608,0,0.1568628
16,33,9.81,500,0.7,1,0.3,160,100000,1,0.1,0.05,3.3,1,1,0,400000,1,1,0.05,3.3s,1,0.0001,1000,9.496924,0.3333333,0,0,0,0,0,0.09803922,0,0.1568628
16,34,9.81,500,0.7,1,0.3,160,100000,1,0.1,0.05,3.3,1,1,0,400000,1,1,0.05,3.3s,1,0.0001,1000,9.496924,0.3333333,0,0,0,0,0,0.09803922,0,0.1568628
16,35,9.81,500,0.7,1,0.3,160,100000,1,0.1,0.05,3.3,1,1,0,400000,1,1,0.05,3.3s,1,0.0001,1000,9.496924,0.3333333,0,0,0,0.02352941,0.003921569,0.08627451,0,0.1568628
16,36,9.81,500,0.7,1,0.3,160,100000,1,0.1,0.05,3.3,1,1,0,400000,1,1,0.05,3.3s,1,0.0001,1000,9.496924,0.3333333,0,0,0.003921569,0.05882353,0.007843138,0.06666667,0,0.1607843
16,37,9.81,500,0.7,1,0.3,160,100000,1,0.1,0.05,3.3,1,1,0,400000,1,1,0.05,3.3s,1,0.0001,1000,9.496924,0.3333333,0,0,0.003921569,0.07843138,0.01176471,0.04313726,0,0.1607843
16,38,9.81,500,0.7,1,0.3,160,100000,1,0.1,0.05,3.3,1,1,0,400000,1,1,0.05,3.3s,1,0.0001,1000,9.496924,0.3333333,0.003921569,0,0.003921569,0.08627451,0.01960784,0.01960784,0,0.1686275
16,39,9.81,500,0.7,1,0.3,160,100000,1,0.1,0.05,3.3,1,1,0,400000,1,1,0.05,3.3s,1,0.0001,1000,9.496924,0.3333333,0.003921569,0.003921569,0.003921569,0.07843138,0.02745098,0,0,0.1686275
16,40,9.81,500,0.7,1,0.3,160,100000,1,0.1,0.05,3.3,1,1,0,400000,1,1,0.05,3.3s,1,0.0001,1000,9.496924,0.3333333,0.003921569,0.003921569,0.003921569,0.05882353,0.03137255,0,0,0.172549
16,41,9.81,500,0.7,1,0.3,160,100000,1,0.1,0.05,3.3,1,1,0,400000,1,1,0.05,3.3s,1,0.0001,1000,9.496924,0.3333333,0,0.003921569,0.003921569,0.03137255,0.03137255,0,0,0.1764706
16,42,9.81,500,0.7,1,0.3,160,100000,1,0.1,0.05,3.3,1,1,0,400000,1,1,0.05,3.3s,1,0.0001,1000,9.496924,0.3333333,0,0.003921569,0.003921569,0.003921569,0.03137255,0,0,0.1764706
16,43,9.81,500,0.7,1,0.3,160,100000,1,0.1,0.05,3.3,1,1,0,400000,1,1,0.05,3.3s,1,0.0001,1000,9.496924,0.3333333,0,0.003921569,0.003921569,0,0.02352941,0,0,0.1764706
16,44,9.81,500,0.7,1,0.3,160,100000,1,0.1,0.05,3.3,1,1,0,400000,1,1,0.05,3.3s,1,0.0001,1000,9.496924,0.3333333,0,0.003921569,0.003921569,0,0.01568628,0,0,0.172549
16,45,9.81,500,0.7,1,0.3,160,100000,1,0.1,0.05,3.3,1,1,0,400000,1,1,0.05,3.3s,1,0.0001,1000,9.496924,0.3333333,0,0.003921569,0,0,0.003921569,0.01176471,0,0.1686275
16,46,9.81,500,0.7,1,0.3,160,100000,1,0.1,0.05,3.3,1,1,0,400000,1,1,0.05,3.3s,1,0.0001,1000,9.496924,0.3333333,0,0.003921569,0,0,0,0.02745098,0,0.1647059
16,47,9.81,500,0.7,1,0.3,160,100000,1,0.1,0.05,3.3,1,1,0,400000,1,1,0.05,3.3s,1,0.0001,1000,9.496924,0.3333333,0,0.003921569,0,0,0,0.04313726,0,0.1647059
16,48,9.81,500,0.7,1,0.3,160,100000,1,0.1,0.05,3.3,1,1,0,400000,1,1,0.05,3.3s,1,0.0001,1000,9.496924,0.3333333,0.003921569,0.003921569,0,0.01176471,0,0.04705883,0,0.1647059
16,49,9.81,500,0.7,1,0.3,160,100000,1,0.1,0.05,3.3,1,1,0,400000,1,1,0.05,3.3s,1,0.0001,1000,9.496924,0.3333333,0.003921569,0.003921569,0,0.03921569,0,0.04313726,0,0.1647059
16,50,9.81,500,0.7,1,0.3,160,100000,1,0.1,0.05,3.3,1,1,0,400000,1,1,0.05,3.3s,1,0.0001,1000,9.496924,0.3333333,0.003921569,0.003921569,0,0.0627451,0,0.03529412,0,0.1647059
16,51,9.81,500,0.7,1,0.3,160,100000,1,0.1,0.05,3.3,1,1,0,400000,1,1,0.05,3.3s,1,0.0001,1000,9.496924,0.3333333,0.003921569,0.003921569,0,0.07843138,0,0.01960784,0,0.1686275
16,52,9.81,500,0.7,1,0.3,160,100000,1,0.1,0.05,3.3,1,1,0,400000,1,1,0.05,3.3s,1,0.0001,1000,9.496924,0.3333333,0.003921569,0.007843138,0,0.08235294,0,0.007843138,0,0.1686275
16,53,9.81,500,0.7,1,0.3,160,100000,1,0.1,0.05,3.3,1,1,0,400000,1,1,0.05,3.3s,1,0.0001,1000,9.496924,0.3333333,0.003921569,0.007843138,0,0.08235294,0,0,0,0.172549
16,54,9.81,500,0.7,1,0.3,160,100000,1,0.1,0.05,3.3,1,1,0,400000,1,1,0.05,3.3s,1,0.0001,1000,9.496924,0.3333333,0.003921569,0.007843138,0,0.07843138,0,0,0,0.172549
16,55,9.81,500,0.7,1,0.3,160,100000,1,0.1,0.05,3.3,1,1,0,400000,1,1,0.05,3.3s,1,0.0001,1000,9.496924,0.3333333,0.003921569,0.01176471,0,0.07450981,0,0,0,0.1764706
16,56,9.81,500,0.7,1,0.3,160,100000,1,0.1,0.05,3.3,1,1,0,400000,1,1,0.05,3.3s,1,0.0001,1000,9.496924,0.3333333,0.003921569,0.01176471,0,0.06666667,0,0,0,0.1764706
16,57,9.81,500,0.7,1,0.3,160,100000,1,0.1,0.05,3.3,1,1,0,400000,1,1,0.05,3.3s,1,0.0001,1000,9.496924,0.3333333,0.003921569,0.01176471,0,0.0627451,0,0,0,0.1803922
16,58,9.81,500,0.7,1,0.3,160,100000,1,0.1,0.05,3.3,1,1,0,400000,1,1,0.05,3.3s,1,0.0001,1000,9.496924,0.3333333,0,0.01176471,0,0.05490196,0,0,0,0.1803922
16,59,9.81,500,0.7,1,0.3,160,100000,1,0.1,0.05,3.3,1,1,0,400000,1,1,0.05,3.3s,1,0.0001,1000,9.496924,0.3333333,0,0.01176471,0,0.04313726,0,0,0,0.1843137
16,60,9.81,500,0.7,1,0.3,160,100000,1,0.1,0.05,3.3,1,1,0,400000,1,1,0.05,3.3s,1,0.0001,1000,9.496924,0.3333333,0,0.01568628,0,0.01960784,0,0,0,0.1882353
16,61,9.81,500,0.7,1,0.3,160,100000,1,0.1,0.05,3.3,1,1,0,400000,1,1,0.05,3.3s,1,0.0001,1000,9.496924,0.3333333,0,0.01568628,0,0,0,0,0,0.1882353
16,62,9.81,500,0.7,1,0.3,160,100000,1,0.1,0.05,3.3,1,1,0,400000,1,1,0.05,3.3s,1,0.0001,1000,9.496924,0.3333333,0,0.01568628,0,0,0,0,0,0.1882353
16,63,9.81,500,0.7,1,0.3,160,100000,1,0.1,0.05,3.3,1,1,0,400000,1,1,0.05,3.3s,1,0.0001,1000,9.496924,0.3333333,0,0.01176471,0,0,0,0,0,0.1882353
17,0,9.81,500,0.7,1,0.3,160,100000,1,0.1,0.05,3.3,1,1,0,400000,1,1,0.05,3.3s,1,0.0001,1000,9.496924,0.3333333,0,0.01176471,0,0,0,0,0,0.1803922
17,1,9.81,500,0.7,1,0.3,160,100000,1,0.1,0.05,3.3,1,1,0,400000,1,1,0.05,3.3s,1,0.0001,1000,9.496924,0.3333333,0,0.007843138,0,0,0,0,0,0.1764706
17,2,9.81,500,0.7,1,0.3,160,100000,1,0.1,0.05,3.3,1,1,0,400000,1,1,0.05,3.3s,1,0.0001,1000,9.496924,0.3333333,0,0.003921569,0,0,0,0,0,0.172549
17,3,9.81,500,0.7,1,0.3,160,100000,1,0.1,0.05,3.3,1,1,0,400000,1,1,0.05,3.3s,1,0.0001,1000,9.496924,0.3333333,0,0.003921569,0,0,0,0,0,0.1686275
17,4,9.81,500,0.7,1,0.3,160,100000,1,0.1,0.05,3.3,1,1,0,400000,1,1,0.05,3.3s,1,0.0001,1000,9.496924,0.3333333,0,0,0,0,0,0.03137255,0,0.1607843
17,5,9.81,500,0.7,1,0.3,160,100000,1,0.1,0.05,3.3,1,1,0,400000,1,1,0.05,3.3s,1,0.0001,1000,9.496924,0.3333333,0,0,0,0,0,0.05882353,0,0.1568628
17,6,9.81,500,0.7,1,0.3,160,100000,1,0.1,0.05,3.3,1,1,0,400000,1,1,0.05,3.3s,1,0.0001,1000,9.496924,0.3333333,0,0,0,0,0,0.08235294,0,0.1529412
17,7,9.81,500,0.7,1,0.3,160,100000,1,0.1,0.05,3.3,1,1,0,400000,1,1,0.05,3.3s,1,0.0001,1000,9.496924,0.3333333,0,0,0,0,0,0.09803922,0,0.1529412
17,8,9.81,500,0.7,1,0.3,160,100000,1,0.1,0.05,3.3,1,1,0,400000,1,1,0.05,3.3s,1,0.0001,1000,9.496924,0.3333333,0,0,0,0,0,0.1098039,0,0.1490196
17,9,9.81,500,0.7,1,0.3,160,100000,1,0.1,0.05,3.3,1,1,0,400000,1,1,0.05,3.3s,1,0.0001,1000,9.496924,0.3333333,0,0,0,0,0.003921569,0.1176471,0,0.1490196
17,10,9.81,500,0.7,1,0.3,160,100000,1,0.1,0.05,3.3,1,1,0,400000,1,1,0.05,3.3s,1,0.0001,1000,9.496924,0.3333333,0,0,0,0.02352941,0.007843138,0.1215686,0,0.1490196
17,11,9.81,500,0.7,1,0.3,160,100000,1,0.1,0.05,3.3,1,1,0,400000,1,1,0.05,3.3s,1,0.0001,1000,9.496924,0.3333333,0.003921569,0,0,0.0627451,0.01176471,0.1215686,0,0.1529412
17,12,9.81,500,0.7,1,0.3,160,100000,1,0.1,0.05,3.3,1,1,0,400000,1,1,0.05,3.3s,1,0.0001,1000,9.496924,0.3333333,0.003921569,0,0,0.1019608,0.01176471,0.1137255,0,0.1529412
17,13,9.81,500,0.7,1,0.3,160,100000,1,0.1,0.05,3.3,1,1,0,400000,1,1,0.05,3.3s,1,0.0001,1000,9.496924,0.3333333,0.007843138,0,0,0.1372549,0.01568628,0.1019608,0,0.1568628
17,14,9.81,500,0.7,1,0.3,160,100000,1,0.1,0.05,3.3,1,1,0,400000,1,1,0.05,3.3s,1,0.0001,1000,9.496924,0.3333333,0.007843138,0,0,0.172549,0.02352941,0.08235294,0,0.1607843
17,15,9.81,500,0.7,1,0.3,160,100000,1,0.1,0.05,3.3,1,1,0,400000,1,1,0.05,3.3s,1,0.0001,1000,9.496924,0.3333333,0.007843138,0.003921569,0,0.2,0.02745098,0.05490196,0,0.1647059
17,16,9.81,500,0.7,1,0.3,160,100000,1,0.1,0.05,3.3,1,1,0,400000,1,1,0.05,3.3s,1,0.0001,1000,9.496924,0.3333333,0.007843138,0.003921569,0,0.2156863,0.03529412,0.02745098,0,0.172549
17,17,9.81,500,0.7,1,0.3,160,100000,1,0.1,0.05,3.3,1,1,0,400000,1,1,0.05,3.3s,1,0.0001,1000,9.496924,0.3333333,0.007843138,0.007843138,0,0.2196079,0.03529412,0,0,0.1803922
17,18,9.81,500,0.7,1,0.3,160,100000,1,0.1,0.05,3.3,1,1,0,400000,1,1,0.05,3.3s,1,0.0001,1000,9.496924,0.3333333,0.007843138,0.01176471,0,0.2078432,0.03529412,0,0,0.1882353
17,19,9.81,500,0.7,1,0.3,160,100000,1,0.1,0.05,3.3,1,1,0,400000,1,1,0.05,3.3s,1,0.0001,1000,9.496924,0.3333333,0.007843138,0.01568628,0,0.1843137,0.03137255,0,0,0.1921569
17,20,9.81,500,0.7,1,0.3,160,100000,1,0.1,0.05,3.3,1,1,0,400000,1,1,0.05,3.3s,1,0.0001,1000,9.496924,0.3333333,0.007843138,0.01960784,0,0.145098,0.02745098,0,0,0.2
17,21,9.81,500,0.7,1,0.3,160,100000,1,0.1,0.05,3.3,1,1,0,400000,1,1,0.05,3.3s,1,0.0001,1000,9.496924,0.3333333,0.003921569,0.01960784,0,0.09803922,0.01568628,0,0,0.2039216
17,22,9.81,500,0.7,1,0.3,160,100000,1,0.1,0.05,3.3,1,1,0,400000,1,1,0.05,3.3s,1,0.0001,1000,9.496924,0.3333333,0.003921569,0.01960784,0,0.03921569,0.007843138,0,0,0.2078432
17,23,9.81,500,0.7,1,0.3,160,100000,1,0.1,0.05,3.3,1,1,0,400000,1,1,0.05,3.3s,1,0.0001,1000,9.496924,0.3333333,0,0.01960784,0,0,0,0,0,0.2078432
17,24,9.81,500,0.7,1,0.3,160,100000,1,0.1,0.05,3.3,1,1,0,400000,1,1,0.05,3.3s,1,0.0001,1000,9.496924,0.3333333,0,0.01960784,0,0,0,0,0,0.2039216
17,25,9.81,500,0.7,1,0.3,160,100000,1,0.1,0.05,3.3,1,1,0,400000,1,1,0.05,3.3s,1,0.0001,1000,9.496924,0.3333333,0,0.01960784,0,0,0,0,0,0.2
17,26,9.81,500,0.7,1,0.3,160,100000,1,0.1,0.05,3.3,1,1,0,400000,1,1,0.05,3.3s,1,0.0001,1000,9.496924,0.3333333,0,0.01568628,0,0,0,0,0,0.1921569
17,27,9.81,500,0.7,1,0.3,160,100000,1,0.1,0.05,3.3,1,1,0,400000,1,1,0.05,3.3s,1,0.0001,1000,9.496924,0.3333333,0,0.01176471,0,0,0,0,0,0.1843137
17,28,9.81,500,0.7,1,0.3,160,100000,1,0.1,0.05,3.3,1,1,0,400000,1,1,0.05,3.3s,1,0.0001,1000,9.496924,0.3333333,0,0.01176471,0,0,0,0,0,0.1764706
17,29,9.81,500,0.7,1,0.3,160,100000,1,0.1,0.05,3.3,1,1,0,400000,1,1,0.05,3.3s,1,0.0001,1000,9.496924,0.3333333,0,0.007843138,0,0,0,0.01960784,0,0.1686275
17,30,9.81,500,0.7,1,0.3,160,100000,1,0.1,0.05,3.3,1,1,0,400000,1,1,0.05,3.3s,1,0.0001,1000,9.496924,0.3333333,0,0.003921569,0,0,0,0.0509804,0,0.1647059
17,31,9.81,500,0.7,1,0.3,160,100000,1,0.1,0.05,3.3,1,1,0,400000,1,1,0.05,3.3s,1,0.0001,1000,9.496924,0.3333333,0,0,0,0,0,0.07450981,0,0.1607843
17,32,9.81,500,0.7,1,0.3,160,100000,1,0.1,0.05,3.3,1,1,0,400000,1,1,0.05,3.3s,1,0.0001,1000,9.496924,0.3333333,0,0,0,0,0,0.09019608,0,0.1568628
17,33,9.81,500,0.7,1,0.3,160,100000,1,0.1,0.05,3.3,1,1,0,400000,1,1,0.05,3.3s,1,0.0001,1000,9.496924,0.3333333,0,0,0,0,0,0.09803922,0,0.1568628
17,34,9.81,500,0.7,1,0.3,160,100000,1,0.1,0.05,3.3,1,1,0,400000,1,1,0.05,3.3s,1,0.0001,1000,9.496924,0.3333333,0,0,0,0,0,0.09803922,0,0.1568628
17,35,9.81,500,0.7,1,0.3,160,100000,1,0.1,0.05,3.3,1,1,0,400000,1,1,0.05,3.3s,1,0.0001,1000,9.496924,0.3333333,0,0,0,0.03137255,0,0.08627451,0,0.1568628
17,36,9.81,500,0.7,1,0.3,160,100000,1,0.1,0.05,3.3,1,1,0,400000,1,1,0.05,3.3s,1,0.0001,1000,9.496924,0.3333333,0,0,0,0.0627451,0.003921569,0.06666667,0,0.1568628
17,37,9.81,500,0.7,1,0.3,160,100000,1,0.1,0.05,3.3,1,1,0,400000,1,1,0.05,3.3s,1,0.0001,1000,9.496924,0.3333333,0.003921569,0,0.003921569,0.08627451,0.01176471,0.04313726,0,0.1607843
17,38,9.81,500,0.7,1,0.3,160,100000,1,0.1,0.05,3.3,1,1,0,400000,1,1,0.05,3.3s,1,0.0001,1000,9.496924,0.3333333,0.003921569,0,0.003921569,0.09019608,0.01960784,0.01568628,0,0.1647059
17,39,9.81,500,0.7,1,0.3,160,100000,1,0.1,0.05,3.3,1,1,0,400000,1,1,0.05,3.3s,1,0.0001,1000,9.496924,0.3333333,0.003921569,0.003921569,0.003921569,0.08235294,0.02352941,0,0,0.1686275
17,40,9.81,500,0.7,1,0.3,160,100000,1,0.1,0.05,3.3,1,1,0,400000,1,1,0.05,3.3s,1,0.0001,1000,9.496924,0.3333333,0.003921569,0.003921569,0.003921569,0.0627451,0.02745098,0,0,0.172549
17,41,9.81,500,0.7,1,0.3,160,100000,1,0.1,0.05,3.3,1,1,0,400000,1,1,0.05,3.3s,1,0.0001,1000,9.496924,0.3333333,0,0.003921569,0.003921569,0.03137255,0.03137255,0,0,0.1764706
17,42,9.81,500,0.7,1,0.3,160,100000,1,0.1,0.05,3.3,1,1,0,400000,1,1,0.05,3.3s,1,0.0001,1000,9.496924,0.3333333,0,0.003921569,0.003921569,0,0.02745098,0,0,0.1764706
17,43,9.81,500,0.7,1,0.3,160,100000,1,0.1,0.05,3.3,1,1,0,400000,1,1,0.05,3.3s,1,0.0001,1000,9.496924,0.3333333,0,0.003921569,0.003921569,0,0.01960784,0,0,0.1764706
17,44,9.81,500,0.7,1,0.3,160,100000,1,0.1,0.05,3.3,1,1,0,400000,1,1,0.05,3.3s,1,0.0001,1000,9.496924,0.3333333,0,0.003921569,0,0,0.01176471,0,0,0.172549
17,45,9.81,500,0.7,1,0.3,160,100000,1,0.1,0.05,3.3,1,1,0,400000,1,1,0.05,3.3s,1,0.0001,1000,9.496924,0.3333333,0,0.003921569,0,0,0,0.007843138,0,0.1686275
17,46,9.81,500,0.7,1,0.3,160,100000,1,0.1,0.05,3.3,1,1,0,400000,1,1,0.05,3.3s,1,0.0001,1000,9.496924,0.3333333,0,0.003921569,0,0,0,0.02745098,0,0.1647059
17,47,9.81,500,0.7,1,0.3,160,100000,1,0.1,0.05,3.3,1,1,0,400000,1,1,0.05,3.3s,1,0.0001,1000,9.496924,0.3333333,0,0.003921569,0,0,0,0.04313726,0,0.1607843
17,48,9.81,500,0.7,1,0.3,160,100000,1,0.1,0.05,3.3,1,1,0,400000,1,1,0.05,3.3s,1,0.0001,1000,9.496924,0.3333333,0,0,0,0,0,0.0509804,0,0.1607843
17,49,9.81,500,0.7,1,0.3,160,100000,1,0.1,0.05,3.3,1,1,0,400000,1,1,0.05,3.3s,1,0.0001,1000,9.496924,0.3333333,0.003921569,0.003921569,0,0.03137255,0,0.0509804,0,0.1607843
17,50,9.81,500,0.7,1,0.3,160,100000,1,0.1,0.05,3.3,1,1,0,400000,1,1,0.05,3.3s,1,0.0001,1000,9.496924,0.3333333,0.003921569,0.003921569,0,0.05490196,0,0.04313726,0,0.1607843
17,51,9.81,500,0.7,1,0.3,160,100000,1,0.1,0.05,3.3,1,1,0,400000,1,1,0.05,3.3s,1,0.0001,1000,9.496924,0.3333333,0.003921569,0.003921569,0,0.07450981,0,0.02745098,0,0.1647059
17,52,9.81,500,0.7,1,0.3,160,100000,1,0.1,0.05,3.3,1,1,0,400000,1,1,0.05,3.3s,1,0.0001,1000,9.496924,0.3333333,0.003921569,0.003921569,0,0.08235294,0,0.01176471,0,0.1686275
17,53,9.81,500,0.7,1,0.3,160,100000,1,0.1,0.05,3.3,1,1,0,400000,1,1,0.05,3.3s,1,0.0001,1000,9.496924,0.3333333,0.003921569,0.007843138,0,0.08235294,0,0,0,0.1686275
17,54,9.81,500,0.7,1,0.3,160,100000,1,0.1,0.05,3.3,1,1,0,400000,1,1,0.05,3.3s,1,0.0001,1000,9.496924,0.3333333,0.003921569,0.007843138,0,0.08235294,0,0,0,0.172549
17,55,9.81,500,0.7,1,0.3,160,100000,1,0.1,0.05,3.3,1,1,0,400000,1,1,0.05,3.3s,1,0.0001,1000,9.496924,0.3333333,0.003921569,0.007843138,0,0.07450981,0,0,0,0.172549
17,56,9.81,500,0.7,1,0.3,160,100000,1,0.1,0.05,3.3,1,1,0,400000,1,1,0.05,3.3s,1,0.0001,1000,9.496924,0.3333333,0.003921569,0.01176471,0,0.07058824,0,0,0,0.1764706
17,57,9.81,500,0.7,1,0.3,160,100000,1,0.1,0.05,3.3,1,1,0,400000,1,1,0.05,3.3s,1,0.0001,1000,9.496924,0.3333333,0.003921569,0.01176471,0,0.0627451,0,0,0,0.1764706
17,58,9.81,500,0.7,1,0.3,160,100000,1,0.1,0.05,3.3,1,1,0,400000,1,1,0.05,3.3s,1,0.0001,1000,9.496924,0.3333333,0,0.01176471,0,0.05490196,0,0,0,0.1803922
17,59,9.81,500,0.7,1,0.3,160,100000,1,0.1,0.05,3.3,1,1,0,400000,1,1,0.05,3.3s,1,0.0001,1000,9.496924,0.3333333,0,0.01176471,0,0.03921569,0,0,0,0.1843137
17,60,9.81,500,0.7,1,0.3,160,100000,1,0.1,0.05,3.3,1,1,0,400000,1,1,0.05,3.3s,1,0.0001,1000,9.496924,0.3333333,0,0.01176471,0,0.01960784,0,0,0,0.1843137
17,61,9.81,500,0.7,1,0.3,160,100000,1,0.1,0.05,3.3,1,1,0,400000,1,1,0.05,3.3s,1,0.0001,1000,9.496924,0.3333333,0,0.01176471,0,0,0,0,0,0.1882353
17,62,9.81,500,0.7,1,0.3,160,100000,1,0.1,0.05,3.3,1,1,0,400000,1,1,0.05,3.3s,1,0.0001,1000,9.496924,0.3333333,0,0.01176471,0,0,0,0,0,0.1882353
17,63,9.81,500,0.7,1,0.3,160,100000,1,0.1,0.05,3.3,1,1,0,400000,1,1,0.05,3.3s,1,0.0001,1000,9.496924,0.3333333,0,0.01176471,0,0,0,0,0,0.1843137
18,0,9.81,500,0.7,1,0.3,160,100000,1,0.1,0.05,3.3,1,1,0,400000,1,1,0.05,3.3s,1,0.0001,1000,9.496924,0.3333333,0,0.007843138,0,0,0,0,0,0.1803922
18,1,9.81,500,0.7,1,0.3,160,100000,1,0.1,0.05,3.3,1,1,0,400000,1,1,0.05,3.3s,1,0.0001,1000,9.496924,0.3333333,0,0.007843138,0,0,0,0,0.003921569,0.1764706
18,2,9.81,500,0.7,1,0.3,160,100000,1,0.1,0.05,3.3,1,1,0,400000,1,1,0.05,3.3s,1,0.0001,1000,9.496924,0.3333333,0,0.003921569,0,0,0,0,0.003921569,0.1686275
18,3,9.81,500,0.7,1,0.3,160,100000,1,0.1,0.05,3.3,1,1,0,400000,1,1,0.05,3.3s,1,0.0001,1000,9.496924,0.3333333,0,0.003921569,0,0,0,0.003921569,0.007843138,0.1647059
18,4,9.81,500,0.7,1,0.3,160,100000,1,0.1,0.05,3.3,1,1,0,400000,1,1,0.05,3.3s,1,0.0001,1000,9.496924,0.3333333,0,0,0,0,0,0.03137255,0.007843138,0.1607843
18,5,9.81,500,0.7,1,0.3,160,100000,1,0.1,0.05,3.3,1,1,0,400000,1,1,0.05,3.3s,1,0.0001,1000,9.496924,0.3333333,0,0,0,0,0,0.05490196,0.003921569,0.1568628
18,6,9.81,500,0.7,1,0.3,160,100000,1,0.1,0.05,3.3,1,1,0,400000,1,1,0.05,3.3s,1,0.0001,1000,9.496924,0.3333333,0,0,0,0,0,0.07843138,0,0.1529412
18,7,9.81,500,0.7,1,0.3,160,100000,1,0.1,0.05,3.3,1,1,0,400000,1,1,0.05,3.3s,1,0.0001,1000,9.496924,0.3333333,0,0,0,0,0,0.09411766,0,0.1529412
18,8,9.81,500,0.7,1,0.3,160,100000,1,0.1,0.05,3.3,1,1,0,400000,1,1,0.05,3.3s,1,0.0001,1000,9.496924,0.3333333,0,0,0,0,0.003921569,0.1098039,0,0.1529412
18,9,9.81,500,0.7,1,0.3,160,100000,1,0.1,0.05,3.3,1,1,0,400000,1,1,0.05,3.3s,1,0.0001,1000,9.496924,0.3333333,0,0,0,0,0.007843138,0.1176471,0,0.1490196
18,10,9.81,500,0.7,1,0.3,160,100000,1,0.1,0.05,3.3,1,1,0,400000,1,1,0.05,3.3s,1,0.0001,1000,9.496924,0.3333333,0,0,0,0.02352941,0.007843138,0.1215686,0,0.1529412
18,11,9.81,500,0.7,1,0.3,160,100000,1,0.1,0.05,3.3,1,1,0,400000,1,1,0.05,3.3s,1,0.0001,1000,9.496924,0.3333333,0.003921569,0,0,0.0627451,0.007843138,0.1215686,0,0.1529412
18,12,9.81,500,0.7,1,0.3,160,100000,1,0.1,0.05,3.3,1,1,0,400000,1,1,0.05,3.3s,1,0.0001,1000,9.496924,0.3333333,0.003921569,0,0,0.1019608,0.007843138,0.1137255,0,0.1529412
18,13,9.81,500,0.7,1,0.3,160,100000,1,0.1,0.05,3.3,1,1,0,400000,1,1,0.05,3.3s,1,0.0001,1000,9.496924,0.3333333,0.007843138,0,0,0.1411765,0.01176471,0.1019608,0,0.1568628
18,14,9.81,500,0.7,1,0.3,160,100000,1,0.1,0.05,3.3,1,1,0,400000,1,1,0.05,3.3s,1,0.0001,1000,9.496924,0.3333333,0.007843138,0,0,0.1764706,0.01176471,0.08235294,0,0.1607843
18,15,9.81,500,0.7,1,0.3,160,100000,1,0.1,0.05,3.3,1,1,0,400000,1,1,0.05,3.3s,1,0.0001,1000,9.496924,0.3333333,0.007843138,0.003921569,0,0.2039216,0.01568628,0.05490196,0,0.1647059
18,16,9.81,500,0.7,1,0.3,160,100000,1,0.1,0.05,3.3,1,1,0,400000,1,1,0.05,3.3s,1,0.0001,1000,9.496924,0.3333333,0.007843138,0.003921569,0,0.2196079,0.01960784,0.01960784,0,0.172549
18,17,9.81,500,0.7,1,0.3,160,100000,1,0.1,0.05,3.3,1,1,0,400000,1,1,0.05,3.3s,1,0.0001,1000,9.496924,0.3333333,0.007843138,0.007843138,0,0.2196079,0.01960784,0,0,0.1803922
18,18,9.81,500,0.7,1,0.3,160,100000,1,0.1,0.05,3.3,1,1,0,400000,1,1,0.05,3.3s,1,0.0001,1000,9.496924,0.3333333,0.007843138,0.01176471,0,0.2078432,0.01568628,0,0,0.1882353
18,19,9.81,500,0.7,1,0.3,160,100000,1,0.1,0.05,3.3,1,1,0,400000,1,1,0.05,3.3s,1,0.0001,1000,9.496924,0.3333333,0.007843138,0.01568628,0,0.1803922,0.01176471,0,0,0.1960784
18,20,9.81,500,0.7,1,0.3,160,100000,1,0.1,0.05,3.3,1,1,0,400000,1,1,0.05,3.3s,1,0.0001,1000,9.496924,0.3333333,0.007843138,0.01960784,0,0.1372549,0.007843138,0,0,0.2
18,21,9.81,500,0.7,1,0.3,160,100000,1,0.1,0.05,3.3,1,1,0,400000,1,1,0.05,3.3s,1,0.0001,1000,9.496924,0.3333333,0.003921569,0.01960784,0,0.08627451,0,0,0,0.2078432
18,22,9.81,500,0.7,1,0.3,160,100000,1,0.1,0.05,3.3,1,1,0,400000,1,1,0.05,3.3s,1,0.0001,1000,9.496924,0.3333333,0.003921569,0.01960784,0,0.03137255,0,0,0,0.2078432
18,23,9.81,500,0.7,1,0.3,160,100000,1,0.1,0.05,3.3,1,1,0,400000,1,1,0.05,3.3s,1,0.0001,1000,9.496924,0.3333333,0,0.01960784,0,0,0,0,0,0.2078432
18,24,9.81,500,0.7,1,0.3,160,100000,1,0.1,0.05,3.3,1,1,0,400000,1,1,0.05,3.3s,1,0.0001,1000,9.496924,0.3333333,0,0.01960784,0,0,0,0,0,0.2039216
18,25,9.81,500,0.7,1,0.3,160,100000,1,0.1,0.05,3.3,1,1,0,400000,1,1,0.05,3.3s,1,0.0001,1000,9.496924,0.3333333,0,0.01960784,0,0,0,0,0,0.1960784
18,26,9.81,500,0.7,1,0.3,160,100000,1,0.1,0.05,3.3,1,1,0,400000,1,1,0.05,3.3s,1,0.0001,1000,9.496924,0.3333333,0,0.01568628,0,0,0,0,0,0.1921569
18,27,9.81,500,0.7,1,0.3,160,100000,1,0.1,0.05,3.3,1,1,0,400000,1,1,0.05,3.3s,1,0.0001,1000,9.496924,0.3333333,0,0.01176471,0,0,0,0,0,0.1843137
18,28,9.81,500,0.7,1,0.3,160,100000,1,0.1,0.05,3.3,1,1,0,400000,1,1,0.05,3.3s,1,0.0001,1000,9.496924,0.3333333,0,0.007843138,0,0,0,0,0,0.1764706
18,29,9.81,500,0.7,1,0.3,160,100000,1,0.1,0.05,3.3,1,1,0,400000,1,1,0.05,3.3s,1,0.0001,1000,9.496924,0.3333333,0,0.007843138,0,0,0,0.02352941,0,0.1686275
18,30,9.81,500,0.7,1,0.3,160,100000,1,0.1,0.05,3.3,1,1,0,400000,1,1,0.05,3.3s,1,0.0001,1000,9.496924,0.3333333,0,0.003921569,0,0,0,0.0509804,0,0.1647059
18,31,9.81,500,0.7,1,0.3,160,100000,1,0.1,0.05,3.3,1,1,0,400000,1,1,0.05,3.3s,1,0.0001,1000,9.496924,0.3333333,0,0,0,0,0,0.07450981,0,0.1607843
18,32,9.81,500,0.7,1,0.3,160,100000,1,0.1,0.05,3.3,1,1,0,400000,1,1,0.05,3.3s,1,0.0001,1000,9.496924,0.3333333,0,0,0,0,0,0.09019608,0,0.1568628
18,33,9.81,500,0.7,1,0.3,160,100000,1,0.1,0.05,3.3,1,1,0,400000,1,1,0.05,3.3s,1,0.0001,1000,9.496924,0.3333333,0,0,0,0,0,0.09803922,0,0.1529412
18,34,9.81,500,0.7,1,0.3,160,100000,1,0.1,0.05,3.3,1,1,0,400000,1,1,0.05,3.3s,1,0.0001,1000,9.496924,0.3333333,0,0,0,0,0,0.09803922,0,0.1529412
18,35,9.81,500,0.7,1,0.3,160,100000,1,0.1,0.05,3.3,1,1,0,400000,1,1,0.05,3.3s,1,0.0001,1000,9.496924,0.3333333,0,0,0,0.03529412,0,0.08627451,0,0.1568628
18,36,9.81,500,0.7,1,0.3,160,100000,1,0.1,0.05,3.3,1,1,0,400000,1,1,0.05,3.3s,1,0.0001,1000,9.496924,0.3333333,0,0,0,0.07058824,0.003921569,0.06666667,0,0.1568628
18,37,9.81,500,0.7,1,0.3,160,100000,1,0.1,0.05,3.3,1,1,0,400000,1,1,0.05,3.3s,1,0.0001,1000,9.496924,0.3333333,0.003921569,0,0,0.09411766,0.01176471,0.03921569,0,0.1607843
18,38,9.81,500,0.7,1,0.3,160,100000,1,0.1,0.05,3.3,1,1,0,400000,1,1,0.05,3.3s,1,0.0001,1000,9.496924,0.3333333,0.003921569,0.003921569,0.003921569,0.09803922,0.01960784,0.007843138,0,0.1647059
18,39,9.81,500,0.7,1,0.3,160,100000,1,0.1,0.05,3.3,1,1,0,400000,1,1,0.05,3.3s,1,0.0001,1000,9.496924,0.3333333,0.003921569,0.003921569,0.003921569,0.09019608,0.02745098,0,0,0.1686275
18,40,9.81,500,0.7,1,0.3,160,100000,1,0.1,0.05,3.3,1,1,0,400000,1,1,0.05,3.3s,1,0.0001,1000,9.496924,0.3333333,0.003921569,0.003921569,0.003921569,0.0627451,0.03137255,0,0,0.172549
18,41,9.81,500,0.7,1,0.3,160,100000,1,0.1,0.05,3.3,1,1,0,400000,1,1,0.05,3.3s,1,0.0001,1000,9.496924,0.3333333,0,0.003921569,0.003921569,0.03137255,0.03529412,0,0,0.1764706
18,42,9.81,500,0.7,1,0.3,160,100000,1,0.1,0.05,3.3,1,1,0,400000,1,1,0.05,3.3s,1,0.0001,1000,9.496924,0.3333333,0,0.003921569,0.003921569,0,0.03137255,0,0,0.1764706
18,43,9.81,500,0.7,1,0.3,160,100000,1,0.1,0.05,3.3,1,1,0,400000,1,1,0.05,3.3s,1,0.0001,1000,9.496924,0.3333333,0,0.003921569,0.003921569,0,0.02352941,0,0,0.1764706
18,44,9.81,500,0.7,1,0.3,160,100000,1,0.1,0.05,3.3,1,1,0,400000,1,1,0.05,3.3s,1,0.0001,1000,9.496924,0.3333333,0,0.003921569,0,0,0.01176471,0,0,0.172549
18,45,9.81,500,0.7,1,0.3,160,100000,1,0.1,0.05,3.3,1,1,0,400000,1,1,0.05,3.3s,1,0.0001,1000,9.496924,0.3333333,0,0.003921569,0,0,0,0.003921569,0,0.1686275
18,46,9.81,500,0.7,1,0.3,160,100000,1,0.1,0.05,3.3,1,1,0,400000,1,1,0.05,3.3s,1,0.0001,1000,9.496924,0.3333333,0,0.003921569,0,0,0,0.02745098,0,0.1647059
18,47,9.81,500,0.7,1,0.3,160,100000,1,0.1,0.05,3.3,1,1,0,400000,1,1,0.05,3.3s,1,0.0001,1000,9.496924,0.3333333,0,0,0,0,0,0.04313726,0,0.1607843
18,48,9.81,500,0.7,1,0.3,160,100000,1,0.1,0.05,3.3,1,1,0,400000,1,1,0.05,3.3s,1,0.0001,1000,9.496924,0.3333333,0,0,0,0,0,0.05490196,0,0.1607843
18,49,9.81,500,0.7,1,0.3,160,100000,1,0.1,0.05,3.3,1,1,0,400000,1,1,0.05,3.3s,1,0.0001,1000,9.496924,0.3333333,0,0,0,0.01960784,0,0.05490196,0,0.1607843
18,50,9.81,500,0.7,1,0.3,160,100000,1,0.1,0.05,3.3,1,1,0,400000,1,1,0.05,3.3s,1,0.0001,1000,9.496924,0.3333333,0.003921569,0.003921569,0,0.0509804,0,0.04705883,0,0.1607843
18,51,9.81,500,0.7,1,0.3,160,100000,1,0.1,0.05,3.3,1,1,0,400000,1,1,0.05,3.3s,1,0.0001,1000,9.496924,0.3333333,0.003921569,0.003921569,0,0.07058824,0,0.03137255,0,0.1607843
18,52,9.81,500,0.7,1,0.3,160,100000,1,0.1,0.05,3.3,1,1,0,400000,1,1,0.05,3.3s,1,0.0001,1000,9.496924,0.3333333,0.003921569,0.003921569,0,0.08235294,0,0.01568628,0,0.1647059
18,53,9.81,500,0.7,1,0.3,160,100000,1,0.1,0.05,3.3,1,1,0,400000,1,1,0.05,3.3s,1,0.0001,1000,9.496924,0.3333333,0.003921569,0.003921569,0,0.08235294,0,0,0,0.1686275
18,54,9.81,500,0.7,1,0.3,160,100000,1,0.1,0.05,3.3,1,1,0,400000,1,1,0.05,3.3s,1,0.0001,1000,9.496924,0.3333333,0.003921569,0.007843138,0,0.07843138,0,0,0,0.1686275
18,55,9.81,500,0.7,1,0.3,160,100000,1,0.1,0.05,3.3,1,1,0,400000,1,1,0.05,3.3s,1,0.0001,1000,9.496924,0.3333333,0.003921569,0.007843138,0,0.07450981,0,0,0,0.172549
18,56,9.81,500,0.7,1,0.3,160,100000,1,0.1,0.05,3.3,1,1,0,400000,1,1,0.05,3.3s,1,0.0001,1000,9.496924,0.3333333,0.003921569,0.007843138,0,0.07058824,0,0,0,0.172549
18,57,9.81,500,0.7,1,0.3,160,100000,1,0.1,0.05,3.3,1,1,0,400000,1,1,0.05,3.3s,1,0.0001,1000,9.496924,0.3333333,0.003921569,0.01176471,0,0.0627451,0,0,0,0.1764706
18,58,9.81,500,0.7,1,0.3,160,100000,1,0.1,0.05,3.3,1,1,0,400000,1,1,0.05,3.3s,1,0.0001,1000,9.496924,0.3333333,0,0.01176471,0,0.05490196,0,0,0,0.1803922
18,59,9.81,500,0.7,1,0.3,160,100000,1,0.1,0.05,3.3,1,1,0,400000,1,1,0.05,3.3s,1,0.0001,1000,9.496924,0.3333333,0,0.01176471,0,0.03921569,0,0,0,0.1803922
18,60,9.81,500,0.7,1,0.3,160,100000,1,0.1,0.05,3.3,1,1,0,400000,1,1,0.05,3.3s,1,0.0001,1000,9.496924,0.3333333,0,0.01176471,0,0.01960784,0,0,0,0.1843137
18,61,9.81,500,0.7,1,0.3,160,100000,1,0.1,0.05,3.3,1,1,0,400000,1,1,0.05,3.3s,1,0.0001,1000,9.496924,0.3333333,0,0.01176471,0,0,0,0,0,0.1843137
18,62,9.81,500,0.7,1,0.3,160,100000,1,0.1,0.05,3.3,1,1,0,400000,1,1,0.05,3.3s,1,0.0001,1000,9.496924,0.3333333,0,0.01176471,0,0,0,0,0,0.1843137
18,63,9.81,500,0.7,1,0.3,160,100000,1,0.1,0.05,3.3,1,1,0,400000,1,1,0.05,3.3s,1,0.0001,1000,9.496924,0.3333333,0,0.01176471,0,0,0,0,0,0.1843137
19,0,9.81,500,0.7,1,0.3,160,100000,1,0.1,0.05,3.3,1,1,0,400000,1,1,0.05,3.3s,1,0.0001,1000,9.496924,0.3333333,0,0.007843138,0,0,0,0,0.01176471,0.1764706
19,1,9.81,500,0.7,1,0.3,160,100000,1,0.1,0.05,3.3,1,1,0,400000,1,1,0.05,3.3s,1,0.0001,1000,9.496924,0.3333333,0,0.007843138,0,0,0,0,0.01176471,0.172549
19,2,9.81,500,0.7,1,0.3,160,100000,1,0.1,0.05,3.3,1,1,0,400000,1,1,0.05,3.3s,1,0.0001,1000,9.496924,0.3333333,0,0.003921569,0,0,0,0,0.01176471,0.1686275
19,3,9.81,500,0.7,1,0.3,160,100000,1,0.1,0.05,3.3,1,1,0,400000,1,1,0.05,3.3s,1,0.0001,1000,9.496924,0.3333333,0,0.003921569,0,0,0,0.003921569,0.01176471,0.1647059
19,4,9.81,500,0.7,1,0.3,160,100000,1,0.1,0.05,3.3,1,1,0,400000,1,1,0.05,3.3s,1,0.0001,1000,9.496924,0.3333333,0,0,0,0,0,0.02745098,0.01176471,0.1607843
19,5,9.81,500,0.7,1,0.3,160,100000,1,0.1,0.05,3.3,1,1,0,400000,1,1,0.05,3.3s,1,0.0001,1000,9.496924,0.3333333,0,0,0,0,0,0.05490196,0.007843138,0.1568628
19,6,9.81,500,0.7,1,0.3,160,100000,1,0.1,0.05,3.3,1,1,0,400000,1,1,0.05,3.3s,1,0.0001,1000,9.496924,0.3333333,0,0,0,0,0,0.07450981,0.003921569,0.1529412
19,7,9.81,500,0.7,1,0.3,160,100000,1,0.1,0.05,3.3,1,1,0,400000,1,1,0.05,3.3s,1,0.0001,1000,9.496924,0.3333333,0,0,0,0,0.003921569,0.09019608,0,0.1529412
19,8,9.81,500,0.7,1,0.3,160,100000,1,0.1,0.05,3.3,1,1,0,400000,1,1,0.05,3.3s,1,0.0001,1000,9.496924,0.3333333,0,0,0,0,0.007843138,0.1058824,0,0.1529412
19,9,9.81,500,0.7,1,0.3,160,100000,1,0.1,0.05,3.3,1,1,0,400000,1,1,0.05,3.3s,1,0.0001,1000,9.496924,0.3333333,0,0,0,0,0.007843138,0.1137255,0,0.1529412
19,10,9.81,500,0.7,1,0.3,160,100000,1,0.1,0.05,3.3,1,1,0,400000,1,1,0.05,3.3s,1,0.0001,1000,9.496924,0.3333333,0,0,0,0.02352941,0.007843138,0.1176471,0,0.1529412
19,11,9.81,500,0.7,1,0.3,160,100000,1,0.1,0.05,3.3,1,1,0,400000,1,1,0.05,3.3s,1,0.0001,1000,9.496924,0.3333333,0.003921569,0,0,0.0627451,0.007843138,0.1176471,0,0.1529412
19,12,9.81,500,0.7,1,0.3,160,100000,1,0.1,0.05,3.3,1,1,0,400000,1,1,0.05,3.3s,1,0.0001,1000,9.496924,0.3333333,0.003921569,0,0,0.1019608,0.003921569,0.1137255,0,0.1529412
19,13,9.81,500,0.7,1,0.3,160,100000,1,0.1,0.05,3.3,1,1,0,400000,1,1,0.05,3.3s,1,0.0001,1000,9.496924,0.3333333,0.007843138,0,0,0.145098,0.003921569,0.09803922,0,0.1568628
19,14,9.81,500,0.7,1,0.3,160,100000,1,0.1,0.05,3.3,1,1,0,400000,1,1,0.05,3.3s,1,0.0001,1000,9.496924,0.3333333,0.007843138,0,0,0.1764706,0.003921569,0.07843138,0,0.1607843
19,15,9.81,500,0.7,1,0.3,160,100000,1,0.1,0.05,3.3,1,1,0,400000,1,1,0.05,3.3s,1,0.0001,1000,9.496924,0.3333333,0.007843138,0.003921569,0,0.2039216,0.003921569,0.0509804,0,0.1647059
19,16,9.81,500,0.7,1,0.3,160,100000,1,0.1,0.05,3.3,1,1,0,400000,1,1,0.05,3.3s,1,0.0001,1000,9.496924,0.3333333,0.007843138,0.003921569,0,0.2196079,0.003921569,0.01960784,0,0.172549
19,17,9.81,500,0.7,1,0.3,160,100000,1,0.1,0.05,3.3,1,1,0,400000,1,1,0.05,3.3s,1,0.0001,1000,9.496924,0.3333333,0.007843138,0.007843138,0,0.2196079,0,0,0,0.1803922
19,18,9.81,500,0.7,1,0.3,160,100000,1,0.1,0.05,3.3,1,1,0,400000,1,1,0.05,3.3s,1,0.0001,1000,9.496924,0.3333333,0.007843138,0.01176471,0,0.2039216,0,0,0,0.1882353
19,19,9.81,500,0.7,1,0.3,160,100000,1,0.1,0.05,3.3,1,1,0,400000,1,1,0.05,3.3s,1,0.0001,1000,9.496924,0.3333333,0.007843138,0.01568628,0,0.172549,0,0,0,0.1960784
19,20,9.81,500,0.7,1,0.3,160,100000,1,0.1,0.05,3.3,1,1,0,400000,1,1,0.05,3.3s,1,0.0001,1000,9.496924,0.3333333,0.007843138,0.01960784,0,0.1294118,0,0,0,0.2
19,21,9.81,500,0.7,1,0.3,160,100000,1,0.1,0.05,3.3,1,1,0,400000,1,1,0.05,3.3s,1,0.0001,1000,9.496924,0.3333333,0.003921569,0.01960784,0,0.08235294,0,0,0,0.2078432
19,22,9.81,500,0.7,1,0.3,160,100000,1,0.1,0.05,3.3,1,1,0,400000,1,1,0.05,3.3s,1,0.0001,1000,9.496924,0.3333333,0,0.01960784,0,0.02352941,0,0,0,0.2078432
19,23,9.81,500,0.7,1,0.3,160,100000,1,0.1,0.05,3.3,1,1,0,400000,1,1,0.05,3.3s,1,0.0001,1000,9.496924,0.3333333,0,0.01960784,0,0,0,0,0,0.2078432
19,24,9.81,500,0.7,1,0.3,160,100000,1,0.1,0.05,3.3,1,1,0,400000,1,1,0.05,3.3s,1,0.0001,1000,9.496924,0.3333333,0,0.01960784,0,0,0,0,0,0.2039216
19,25,9.81,500,0.7,1,0.3,160,100000,1,0.1,0.05,3.3,1,1,0,400000,1,1,0.05,3.3s,1,0.0001,1000,9.496924,0.3333333,0,0.01568628,0,0,0,0,0,0.1960784
19,26,9.81,500,0.7,1,0.3,160,100000,1,0.1,0.05,3.3,1,1,0,400000,1,1,0.05,3.3s,1,0.0001,1000,9.496924,0.3333333,0,0.01568628,0,0,0,0,0,0.1921569
19,27,9.81,500,0.7,1,0.3,160,100000,1,0.1,0.05,3.3,1,1,0,400000,1,1,0.05,3.3s,1,0.0001,1000,9.496924,0.3333333,0,0.01176471,0,0,0,0,0,0.1843137
19,28,9.81,500,0.7,1,0.3,160,100000,1,0.1,0.05,3.3,1,1,0,400000,1,1,0.05,3.3s,1,0.0001,1000,9.496924,0.3333333,0,0.007843138,0,0,0,0,0,0.1764706
19,29,9.81,500,0.7,1,0.3,160,100000,1,0.1,0.05,3.3,1,1,0,400000,1,1,0.05,3.3s,1,0.0001,1000,9.496924,0.3333333,0,0.007843138,0,0,0,0.02352941,0,0.1686275
19,30,9.81,500,0.7,1,0.3,160,100000,1,0.1,0.05,3.3,1,1,0,400000,1,1,0.05,3.3s,1,0.0001,1000,9.496924,0.3333333,0,0.003921569,0,0,0,0.05490196,0,0.1647059
19,31,9.81,500,0.7,1,0.3,160,100000,1,0.1,0.05,3.3,1,1,0,400000,1,1,0.05,3.3s,1,0.0001,1000,9.496924,0.3333333,0,0,0,0,0,0.07843138,0,0.1568628
19,32,9.81,500,0.7,1,0.3,160,100000,1,0.1,0.05,3.3,1,1,0,400000,1,1,0.05,3.3s,1,0.0001,1000,9.496924,0.3333333,0,0,0,0,0,0.09411766,0,0.1568628
19,33,9.81,500,0.7,1,0.3,160,100000,1,0.1,0.05,3.3,1,1,0,400000,1,1,0.05,3.3s,1,0.0001,1000,9.496924,0.3333333,0,0,0,0,0,0.1019608,0,0.1529412
19,34,9.81,500,0.7,1,0.3,160,100000,1,0.1,0.05,3.3,1,1,0,400000,1,1,0.05,3.3s,1,0.0001,1000,9.496924,0.3333333,0,0,0,0,0,0.09803922,0,0.1529412
19,35,9.81,500,0.7,1,0.3,160,100000,1,0.1,0.05,3.3,1,1,0,400000,1,1,0.05,3.3s,1,0.0001,1000,9.496924,0.3333333,0,0,0,0.04313726,0,0.08627451,0,0.1529412
19,36,9.81,500,0.7,1,0.3,160,100000,1,0.1,0.05,3.3,1,1,0,400000,1,1,0.05,3.3s,1,0.0001,1000,9.496924,0.3333333,0.003921569,0,0,0.07843138,0.007843138,0.0627451,0,0.1568628
19,37,9.81,500,0.7,1,0.3,160,100000,1,0.1,0.05,3.3,1,1,0,400000,1,1,0.05,3.3s,1,0.0001,1000,9.496924,0.3333333,0.003921569,0,0,0.1019608,0.01960784,0.03529412,0,0.1607843
19,38,9.81,500,0.7,1,0.3,160,100000,1,0.1,0.05,3.3,1,1,0,400000,1,1,0.05,3.3s,1,0.0001,1000,9.496924,0.3333333,0.003921569,0.003921569,0.003921569,0.1058824,0.02745098,0.003921569,0.003921569,0.1647059
19,39,9.81,500,0.7,1,0.3,160,100000,1,0.1,0.05,3.3,1,1,0,400000,1,1,0.05,3.3s,1,0.0001,1000,9.496924,0.3333333,0.003921569,0.003921569,0.003921569,0.09411766,0.03529412,0,0.003921569,0.172549
19,40,9.81,500,0.7,1,0.3,160,100000,1,0.1,0.05,3.3,1,1,0,400000,1,1,0.05,3.3s,1,0.0001,1000,9.496924,0.3333333,0.003921569,0.003921569,0.003921569,0.06666667,0.03921569,0,0.003921569,0.1764706
19,41,9.81,500,0.7,1,0.3,160,100000,1,0.1,0.05,3.3,1,1,0,400000,1,1,0.05,3.3s,1,0.0001,1000,9.496924,0.3333333,0,0.007843138,0.003921569,0.02745098,0.04313726,0,0,0.1764706
19,42,9.81,500,0.7,1,0.3,160,100000,1,0.1,0.05,3.3,1,1,0,400000,1,1,0.05,3.3s,1,0.0001,1000,9.496924,0.3333333,0,0.007843138,0.003921569,0,0.03921569,0,0,0.1764706
19,43,9.81,500,0.7,1,0.3,160,100000,1,0.1,0.05,3.3,1,1,0,400000,1,1,0.05,3.3s,1,0.0001,1000,9.496924,0.3333333,0,0.003921569,0,0,0.03137255,0,0,0.1764706
19,44,9.81,500,0.7,1,0.3,160,100000,1,0.1,0.05,3.3,1,1,0,400000,1,1,0.05,3.3s,1,0.0001,1000,9.496924,0.3333333,0,0.003921569,0,0,0.01960784,0,0,0.172549
19,45,9.81,500,0.7,1,0.3,160,100000,1,0.1,0.05,3.3,1,1,0,400000,1,1,0.05,3.3s,1,0.0001,1000,9.496924,0.3333333,0,0.003921569,0,0,0.007843138,0,0,0.1686275
19,46,9.81,500,0.7,1,0.3,160,100000,1,0.1,0.05,3.3,1,1,0,400000,1,1,0.05,3.3s,1,0.0001,1000,9.496924,0.3333333,0,0.003921569,0,0,0,0.02352941,0,0.1647059
19,47,9.81,500,0.7,1,0.3,160,100000,1,0.1,0.05,3.3,1,1,0,400000,1,1,0.05,3.3s,1,0.0001,1000,9.496924,0.3333333,0,0,0,0,0,0.04313726,0,0.1607843
19,48,9.81,500,0.7,1,0.3,160,100000,1,0.1,0.05,3.3,1,1,0,400000,1,1,0.05,3.3s,1,0.0001,1000,9.496924,0.3333333,0,0,0,0,0,0.05882353,0,0.1568628
19,49,9.81,500,0.7,1,0.3,160,100000,1,0.1,0.05,3.3,1,1,0,400000,1,1,0.05,3.3s,1,0.0001,1000,9.496924,0.3333333,0,0,0,0.01176471,0,0.05882353,0,0.1568628
19,50,9.81,500,0.7,1,0.3,160,100000,1,0.1,0.05,3.3,1,1,0,400000,1,1,0.05,3.3s,1,0.0001,1000,9.496924,0.3333333,0.003921569,0,0,0.04313726,0,0.0509804,0,0.1568628
19,51,9.81,500,0.7,1,0.3,160,100000,1,0.1,0.05,3.3,1,1,0,400000,1,1,0.05,3.3s,1,0.0001,1000,9.496924,0.3333333,0.003921569,0.003921569,0,0.06666667,0,0.03529412,0,0.1607843
19,52,9.81,500,0.7,1,0.3,160,100000,1,0.1,0.05,3.3,1,1,0,400000,1,1,0.05,3.3s,1,0.0001,1000,9.496924,0.3333333,0.003921569,0.003921569,0,0.07843138,0,0.01960784,0,0.1647059
19,53,9.81,500,0.7,1,0.3,160,100000,1,0.1,0.05,3.3,1,1,0,400000,1,1,0.05,3.3s,1,0.0001,1000,9.496924,0.3333333,0.003921569,0.003921569,0,0.08235294,0,0.003921569,0,0.1647059
19,54,9.81,500,0.7,1,0.3,160,100000,1,0.1,0.05,3.3,1,1,0,400000,1,1,0.05,3.3s,1,0.0001,1000,9.496924,0.3333333,0.003921569,0.003921569,0,0.07843138,0,0,0,0.1686275
19,55,9.81,500,0.7,1,0.3,160,100000,1,0.1,0.05,3.3,1,1,0,400000,1,1,0.05,3.3s,1,0.0001,1000,9.496924,0.3333333,0.003921569,0.007843138,0,0.07450981,0,0,0,0.172549
19,56,9.81,500,0.7,1,0.3,160,100000,1,0.1,0.05,3.3,1,1,0,400000,1,1,0.05,3.3s,1,0.0001,1000,9.496924,0.3333333,0.003921569,0.007843138,0,0.07058824,0,0,0,0.172549
19,57,9.81,500,0.7,1,0.3,160,100000,1,0.1,0.05,3.3,1,1,0,400000,1,1,0.05,3.3s,1,0.0001,1000,9.496924,0.3333333,0.003921569,0.007843138,0,0.0627451,0,0,0,0.172549
19,58,9.81,500,0.7,1,0.3,160,100000,1,0.1,0.05,3.3,1,1,0,400000,1,1,0.05,3.3s,1,0.0001,1000,9.496924,0.3333333,0,0.01176471,0,0.05490196,0,0,0,0.1764706
19,59,9.81,500,0.7,1,0.3,160,100000,1,0.1,0.05,3.3,1,1,0,400000,1,1,0.05,3.3s,1,0.0001,1000,9.496924,0.3333333,0,0.01176471,0,0.03921569,0,0,0,0.1803922
19,60,9.81,500,0.7,1,0.3,160,100000,1,0.1,0.05,3.3,1,1,0,400000,1,1,0.05,3.3s,1,0.0001,1000,9.496924,0.3333333,0,0.01176471,0,0.01960784,0,0,0,0.1803922
19,61,9.81,500,0.7,1,0.3,160,100000,1,0.1,0.05,3.3,1,1,0,400000,1,1,0.05,3.3s,1,0.0001,1000,9.496924,0.3333333,0,0.01176471,0,0,0,0,0.003921569,0.1803922
19,62,9.81,500,0.7,1,0.3,160,100000,1,0.1,0.05,3.3,1,1,0,400000,1,1,0.05,3.3s,1,0.0001,1000,9.496924,0.3333333,0,0.01176471,0,0,0,0,0.003921569,0.1803922
19,63,9.81,500,0.7,1,0.3,160,100000,1,0.1,0.05,3.3,1,1,0,400000,1,1,0.05,3.3s,1,0.0001,1000,9.496924,0.3333333,0,0.01176471,0,0,0,0,0.007843138,0.1803922
20,0,9.81,500,0.7,1,0.3,160,100000,1,0.1,0.05,3.3,1,1,0,400000,1,1,0.05,3.3s,1,0.0001,1000,9.496924,0.3333333,0,0.007843138,0,0,0,0,0.01960784,0.1764706
20,1,9.81,500,0.7,1,0.3,160,100000,1,0.1,0.05,3.3,1,1,0,400000,1,1,0.05,3.3s,1,0.0001,1000,9.496924,0.3333333,0,0.007843138,0,0,0,0,0.01960784,0.172549
20,2,9.81,500,0.7,1,0.3,160,100000,1,0.1,0.05,3.3,1,1,0,400000,1,1,0.05,3.3s,1,0.0001,1000,9.496924,0.3333333,0,0.003921569,0,0,0,0,0.01960784,0.1686275
20,3,9.81,500,0.7,1,0.3,160,100000,1,0.1,0.05,3.3,1,1,0,400000,1,1,0.05,3.3s,1,0.0001,1000,9.496924,0.3333333,0,0,0,0,0,0,0.01568628,0.1647059
20,4,9.81,500,0.7,1,0.3,160,100000,1,0.1,0.05,3.3,1,1,0,400000,1,1,0.05,3.3s,1,0.0001,1000,9.496924,0.3333333,0,0,0,0,0,0.02745098,0.01568628,0.1607843
20,5,9.81,500,0.7,1,0.3,160,100000,1,0.1,0.05,3.3,1,1,0,400000,1,1,0.05,3.3s,1,0.0001,1000,9.496924,0.3333333,0,0,0,0,0,0.0509804,0.01176471,0.1568628
20,6,9.81,500,0.7,1,0.3,160,100000,1,0.1,0.05,3.3,1,1,0,400000,1,1,0.05,3.3s,1,0.0001,1000,9.496924,0.3333333,0,0,0,0,0.003921569,0.07058824,0.003921569,0.1568628
20,7,9.81,500,0.7,1,0.3,160,100000,1,0.1,0.05,3.3,1,1,0,400000,1,1,0.05,3.3s,1,0.0001,1000,9.496924,0.3333333,0,0,0,0,0.007843138,0.08627451,0,0.1529412
20,8,9.81,500,0.7,1,0.3,160,100000,1,0.1,0.05,3.3,1,1,0,400000,1,1,0.05,3.3s,1,0.0001,1000,9.496924,0.3333333,0,0,0,0,0.007843138,0.1019608,0,0.1529412
20,9,9.81,500,0.7,1,0.3,160,100000,1,0.1,0.05,3.3,1,1,0,400000,1,1,0.05,3.3s,1,0.0001,1000,9.496924,0.3333333,0,0,0,0,0.007843138,0.1098039,0,0.1529412
20,10,9.81,500,0.7,1,0.3,160,100000,1,0.1,0.05,3.3,1,1,0,400000,1,1,0.05,3.3s,1,0.0001,1000,9.496924,0.3333333,0,0,0,0.02352941,0.003921569,0.1176471,0,0.1529412
20,11,9.81,500,0.7,1,0.3,160,100000,1,0.1,0.05,3.3,1,1,0,400000,1,1,0.05,3.3s,1,0.0001,1000,9.496924,0.3333333,0.003921569,0,0,0.0627451,0.003921569,0.1176471,0,0.1529412
20,12,9.81,500,0.7,1,0.3,160,100000,1,0.1,0.05,3.3,1,1,0,400000,1,1,0.05,3.3s,1,0.0001,1000,9.496924,0.3333333,0.003921569,0,0,0.1019608,0,0.1098039,0,0.1529412
20,13,9.81,500,0.7,1,0.3,160,100000,1,0.1,0.05,3.3,1,1,0,400000,1,1,0.05,3.3s,1,0.0001,1000,9.496924,0.3333333,0.007843138,0,0,0.1411765,0,0.09803922,0,0.1568628
20,14,9.81,500,0.7,1,0.3,160,100000,1,0.1,0.05,3.3,1,1,0,400000,1,1,0.05,3.3s,1,0.0001,1000,9.496924,0.3333333,0.007843138,0,0,0.1764706,0,0.07843138,0,0.1607843
20,15,9.81,500,0.7,1,0.3,160,100000,1,0.1,0.05,3.3,1,1,0,400000,1,1,0.05,3.3s,1,0.0001,1000,9.496924,0.3333333,0.007843138,0.003921569,0,0.2039216,0,0.04705883,0,0.1647059
20,16,9.81,500,0.7,1,0.3,160,100000,1,0.1,0.05,3.3,1,1,0,400000,1,1,0.05,3.3s,1,0.0001,1000,9.496924,0.3333333,0.007843138,0.003921569,0,0.2156863,0,0.01568628,0,0.172549
20,17,9.81,500,0.7,1,0.3,160,100000,1,0.1,0.05,3.3,1,1,0,400000,1,1,0.05,3.3s,1,0.0001,1000,9.496924,0.3333333,0.007843138,0.007843138,0,0.2156863,0,0,0,0.1803922
20,18,9.81,500,0.7,1,0.3,160,100000,1,0.1,0.05,3.3,1,1,0,400000,1,1,0.05,3.3s,1,0.0001,1000,9.496924,0.3333333,0.007843138,0.01176471,0,0.1960784,0,0,0,0.1882353
20,19,9.81,500,0.7,1,0.3,160,100000,1,0.1,0.05,3.3,1,1,0,400000,1,1,0.05,3.3s,1,0.0001,1000,9.496924,0.3333333,0.007843138,0.01568628,0,0.1647059,0,0,0,0.1960784
20,20,9.81,500,0.7,1,0.3,160,100000,1,0.1,0.05,3.3,1,1,0,400000,1,1,0.05,3.3s,1,0.0001,1000,9.496924,0.3333333,0.003921569,0.01568628,0,0.1254902,0,0,0,0.2
20,21,9.81,500,0.7,1,0.3,160,100000,1,0.1,0.05,3.3,1,1,0,400000,1,1,0.05,3.3s,1,0.0001,1000,9.496924,0.3333333,0.003921569,0.01960784,0,0.07450981,0,0,0,0.2039216
20,22,9.81,500,0.7,1,0.3,160,100000,1,0.1,0.05,3.3,1,1,0,400000,1,1,0.05,3.3s,1,0.0001,1000,9.496924,0.3333333,0,0.01960784,0,0.01960784,0,0,0,0.2078432
20,23,9.81,500,0.7,1,0.3,160,100000,1,0.1,0.05,3.3,1,1,0,400000,1,1,0.05,3.3s,1,0.0001,1000,9.496924,0.3333333,0,0.01960784,0,0,0,0,0,0.2078432
20,24,9.81,500,0.7,1,0.3,160,100000,1,0.1,0.05,3.3,1,1,0,400000,1,1,0.05,3.3s,1,0.0001,1000,9.496924,0.3333333,0,0.01960784,0,0,0,0,0,0.2039216
20,25,9.81,500,0.7,1,0.3,160,100000,1,0.1,0.05,3.3,1,1,0,400000,1,1,0.05,3.3s,1,0.0001,1000,9.496924,0.3333333,0,0.01568628,0,0,0,0,0,0.1960784
20,26,9.81,500,0.7,1,0.3,160,100000,1,0.1,0.05,3.3,1,1,0,400000,1,1,0.05,3.3s,1,0.0001,1000,9.496924,0.3333333,0,0.01568628,0,0,0,0,0,0.1882353
20,27,9.81,500,0.7,1,0.3,160,100000,1,0.1,0.05,3.3,1,1,0,400000,1,1,0.05,3.3s,1,0.0001,1000,9.496924,0.3333333,0,0.01176471,0,0,0,0,0,0.1803922
20,28,9.81,500,0.7,1,0.3,160,100000,1,0.1,0.05,3.3,1,1,0,400000,1,1,0.05,3.3s,1,0.0001,1000,9.496924,0.3333333,0,0.007843138,0,0,0,0,0,0.1764706
20,29,9.81,500,0.7,1,0.3,160,100000,1,0.1,0.05,3.3,1,1,0,400000,1,1,0.05,3.3s,1,0.0001,1000,9.496924,0.3333333,0,0.007843138,0,0,0,0.02745098,0,0.1686275
20,30,9.81,500,0.7,1,0.3,160,100000,1,0.1,0.05,3.3,1,1,0,400000,1,1,0.05,3.3s,1,0.0001,1000,9.496924,0.3333333,0,0.003921569,0,0,0,0.05490196,0,0.1607843
20,31,9.81,500,0.7,1,0.3,160,100000,1,0.1,0.05,3.3,1,1,0,400000,1,1,0.05,3.3s,1,0.0001,1000,9.496924,0.3333333,0,0,0,0,0,0.07843138,0,0.1568628
20,32,9.81,500,0.7,1,0.3,160,100000,1,0.1,0.05,3.3,1,1,0,400000,1,1,0.05,3.3s,1,0.0001,1000,9.496924,0.3333333,0,0,0,0,0,0.09411766,0,0.1529412
20,33,9.81,500,0.7,1,0.3,160,100000,1,0.1,0.05,3.3,1,1,0,400000,1,1,0.05,3.3s,1,0.0001,1000,9.496924,0.3333333,0,0,0,0,0,0.1019608,0,0.1529412
20,34,9.81,500,0.7,1,0.3,160,100000,1,0.1,0.05,3.3,1,1,0,400000,1,1,0.05,3.3s,1,0.0001,1000,9.496924,0.3333333,0,0,0,0.007843138,0,0.09803922,0,0.1529412
20,35,9.81,500,0.7,1,0.3,160,100000,1,0.1,0.05,3.3,1,1,0,400000,1,1,0.05,3.3s,1,0.0001,1000,9.496924,0.3333333,0,0,0,0.05490196,0.007843138,0.08627451,0.003921569,0.1529412
20,36,9.81,500,0.7,1,0.3,160,100000,1,0.1,0.05,3.3,1,1,0,400000,1,1,0.05,3.3s,1,0.0001,1000,9.496924,0.3333333,0.003921569,0,0,0.09019608,0.01960784,0.0627451,0.003921569,0.1568628
20,37,9.81,500,0.7,1,0.3,160,100000,1,0.1,0.05,3.3,1,1,0,400000,1,1,0.05,3.3s,1,0.0001,1000,9.496924,0.3333333,0.003921569,0,0,0.1137255,0.03137255,0.03137255,0.007843138,0.1607843
20,38,9.81,500,0.7,1,0.3,160,100000,1,0.1,0.05,3.3,1,1,0,400000,1,1,0.05,3.3s,1,0.0001,1000,9.496924,0.3333333,0.003921569,0.003921569,0.003921569,0.1176471,0.03921569,0,0.007843138,0.1647059
20,39,9.81,500,0.7,1,0.3,160,100000,1,0.1,0.05,3.3,1,1,0,400000,1,1,0.05,3.3s,1,0.0001,1000,9.496924,0.3333333,0.003921569,0.003921569,0.003921569,0.1019608,0.04705883,0,0.007843138,0.172549
20,40,9.81,500,0.7,1,0.3,160,100000,1,0.1,0.05,3.3,1,1,0,400000,1,1,0.05,3.3s,1,0.0001,1000,9.496924,0.3333333,0.003921569,0.007843138,0.003921569,0.07058824,0.0509804,0,0.003921569,0.1764706
20,41,9.81,500,0.7,1,0.3,160,100000,1,0.1,0.05,3.3,1,1,0,400000,1,1,0.05,3.3s,1,0.0001,1000,9.496924,0.3333333,0,0.007843138,0.003921569,0.02745098,0.0509804,0,0.003921569,0.1803922
20,42,9.81,500,0.7,1,0.3,160,100000,1,0.1,0.05,3.3,1,1,0,400000,1,1,0.05,3.3s,1,0.0001,1000,9.496924,0.3333333,0,0.007843138,0.003921569,0,0.04705883,0,0,0.1803922
20,43,9.81,500,0.7,1,0.3,160,100000,1,0.1,0.05,3.3,1,1,0,400000,1,1,0.05,3.3s,1,0.0001,1000,9.496924,0.3333333,0,0.007843138,0,0,0.03921569,0,0,0.1764706
20,44,9.81,500,0.7,1,0.3,160,100000,1,0.1,0.05,3.3,1,1,0,400000,1,1,0.05,3.3s,1,0.0001,1000,9.496924,0.3333333,0,0.003921569,0,0,0.03137255,0,0,0.172549
20,45,9.81,500,0.7,1,0.3,160,100000,1,0.1,0.05,3.3,1,1,0,400000,1,1,0.05,3.3s,1,0.0001,1000,9.496924,0.3333333,0,0.003921569,0,0,0.01960784,0,0,0.1686275
20,46,9.81,500,0.7,1,0.3,160,100000,1,0.1,0.05,3.3,1,1,0,400000,1,1,0.05,3.3s,1,0.0001,1000,9.496924,0.3333333,0,0.003921569,0,0,0.007843138,0.02352941,0,0.1647059
20,47,9.81,500,0.7,1,0.3,160,100000,1,0.1,0.05,3.3,1,1,0,400000,1,1,0.05,3.3s,1,0.0001,1000,9.496924,0.3333333,0,0,0,0,0,0.04705883,0,0.1607843
20,48,9.81,500,0.7,1,0.3,160,100000,1,0.1,0.05,3.3,1,1,0,400000,1,1,0.05,3.3s,1,0.0001,1000,9.496924,0.3333333,0,0,0,0,0,0.05882353,0,0.1568628
20,49,9.81,500,0.7,1,0.3,160,100000,1,0.1,0.05,3.3,1,1,0,400000,1,1,0.05,3.3s,1,0.0001,1000,9.496924,0.3333333,0,0,0,0.003921569,0,0.0627451,0.003921569,0.1568628
20,50,9.81,500,0.7,1,0.3,160,100000,1,0.1,0.05,3.3,1,1,0,400000,1,1,0.05,3.3s,1,0.0001,1000,9.496924,0.3333333,0,0,0,0.03529412,0,0.05490196,0,0.1568628
20,51,9.81,500,0.7,1,0.3,160,100000,1,0.1,0.05,3.3,1,1,0,400000,1,1,0.05,3.3s,1,0.0001,1000,9.496924,0.3333333,0.003921569,0,0,0.05882353,0,0.04313726,0,0.1607843
20,52,9.81,500,0.7,1,0.3,160,100000,1,0.1,0.05,3.3,1,1,0,400000,1,1,0.05,3.3s,1,0.0001,1000,9.496924,0.3333333,0.003921569,0.003921569,0,0.07450981,0,0.02352941,0,0.1607843
20,53,9.81,500,0.7,1,0.3,160,100000,1,0.1,0.05,3.3,1,1,0,400000,1,1,0.05,3.3s,1,0.0001,1000,9.496924,0.3333333,0.003921569,0.003921569,0,0.07843138,0,0.007843138,0.003921569,0.1647059
20,54,9.81,500,0.7,1,0.3,160,100000,1,0.1,0.05,3.3,1,1,0,400000,1,1,0.05,3.3s,1,0.0001,1000,9.496924,0.3333333,0.003921569,0.003921569,0,0.07450981,0,0,0.003921569,0.1686275
20,55,9.81,500,0.7,1,0.3,160,100000,1,0.1,0.05,3.3,1,1,0,400000,1,1,0.05,3.3s,1,0.0001,1000,9.496924,0.3333333,0.003921569,0.007843138,0,0.07058824,0,0,0.003921569,0.1686275
20,56,9.81,500,0.7,1,0.3,160,100000,1,0.1,0.05,3.3,1,1,0,400000,1,1,0.05,3.3s,1,0.0001,1000,9.496924,0.3333333,0.003921569,0.007843138,0,0.06666667,0,0,0.003921569,0.1686275
20,57,9.81,500,0.7,1,0.3,160,100000,1,0.1,0.05,3.3,1,1,0,400000,1,1,0.05,3.3s,1,0.0001,1000,9.496924,0.3333333,0.003921569,0.007843138,0,0.0627451,0,0,0.007843138,0.172549
20,58,9.81,500,0.7,1,0.3,160,100000,1,0.1,0.05,3.3,1,1,0,400000,1,1,0.05,3.3s,1,0.0001,1000,9.496924,0.3333333,0,0.007843138,0,0.05490196,0,0,0.007843138,0.172549
20,59,9.81,500,0.7,1,0.3,160,100000,1,0.1,0.05,3.3,1,1,0,400000,1,1,0.05,3.3s,1,0.0001,1000,9.496924,0.3333333,0,0.007843138,0,0.03921569,0,0,0.01176471,0.1764706
20,60,9.81,500,0.7,1,0.3,160,100000,1,0.1,0.05,3.3,1,1,0,400000,1,1,0.05,3.3s,1,0.0001,1000,9.496924,0.3333333,0,0.01176471,0,0.01960784,0,0,0.01176471,0.1764706
20,61,9.81,500,0.7,1,0.3,160,100000,1,0.1,0.05,3.3,1,1,0,400000,1,1,0.05,3.3s,1,0.0001,1000,9.496924,0.3333333,0,0.01176471,0,0,0,0,0.01568628,0.1803922
20,62,9.81,500,0.7,1,0.3,160,100000,1,0.1,0.05,3.3,1,1,0,400000,1,1,0.05,3.3s,1,0.0001,1000,9.496924,0.3333333,0,0.01176471,0,0,0,0,0.01568628,0.1803922
20,63,9.81,500,0.7,1,0.3,160,100000,1,0.1,0.05,3.3,1,1,0,400000,1,1,0.05,3.3s,1,0.0001,1000,9.496924,0.3333333,0,0.007843138,0,0,0,0,0.01960784,0.1764706
21,0,9.81,500,0.7,1,0.3,160,100000,1,0.1,0.05,3.3,1,1,0,400000,1,1,0.05,3.3s,1,0.0001,1000,9.496924,0.3333333,0,0.007843138,0,0,0,0,0.02745098,0.172549
21,1,9.81,500,0.7,1,0.3,160,100000,1,0.1,0.05,3.3,1,1,0,400000,1,1,0.05,3.3s,1,0.0001,1000,9.496924,0.3333333,0,0.003921569,0,0,0,0,0.02745098,0.1686275
21,2,9.81,500,0.7,1,0.3,160,100000,1,0.1,0.05,3.3,1,1,0,400000,1,1,0.05,3.3s,1,0.0001,1000,9.496924,0.3333333,0,0.003921569,0,0,0,0,0.02352941,0.1686275
21,3,9.81,500,0.7,1,0.3,160,100000,1,0.1,0.05,3.3,1,1,0,400000,1,1,0.05,3.3s,1,0.0001,1000,9.496924,0.3333333,0,0,0,0,0,0,0.01960784,0.1647059
21,4,9.81,500,0.7,1,0.3,160,100000,1,0.1,0.05,3.3,1,1,0,400000,1,1,0.05,3.3s,1,0.0001,1000,9.496924,0.3333333,0,0,0,0,0.003921569,0.02352941,0.01568628,0.1607843
21,5,9.81,500,0.7,1,0.3,160,100000,1,0.1,0.05,3.3,1,1,0,400000,1,1,0.05,3.3s,1,0.0001,1000,9.496924,0.3333333,0,0,0,0,0.007843138,0.04313726,0.01176471,0.1568628
21,6,9.81,500,0.7,1,0.3,160,100000,1,0.1,0.05,3.3,1,1,0,400000,1,1,0.05,3.3s,1,0.0001,1000,9.496924,0.3333333,0,0,0,0,0.01176471,0.06666667,0.007843138,0.1568628
21,7,9.81,500,0.7,1,0.3,160,100000,1,0.1,0.05,3.3,1,1,0,400000,1,1,0.05,3.3s,1,0.0001,1000,9.496924,0.3333333,0,0,0,0,0.01176471,0.08235294,0.003921569,0.1529412
21,8,9.81,500,0.7,1,0.3,160,100000,1,0.1,0.05,3.3,1,1,0,400000,1,1,0.05,3.3s,1,0.0001,1000,9.496924,0.3333333,0,0,0,0,0.007843138,0.09803922,0,0.1529412
21,9,9.81,500,0.7,1,0.3,160,100000,1,0.1,0.05,3.3,1,1,0,400000,1,1,0.05,3.3s,1,0.0001,1000,9.496924,0.3333333,0,0,0,0,0.007843138,0.1058824,0,0.1529412
21,10,9.81,500,0.7,1,0.3,160,100000,1,0.1,0.05,3.3,1,1,0,400000,1,1,0.05,3.3s,1,0.0001,1000,9.496924,0.3333333,0,0,0,0.01960784,0.003921569,0.1137255,0,0.1529412
21,11,9.81,500,0.7,1,0.3,160,100000,1,0.1,0.05,3.3,1,1,0,400000,1,1,0.05,3.3s,1,0.0001,1000,9.496924,0.3333333,0.003921569,0,0,0.05882353,0,0.1137255,0,0.1529412
21,12,9.81,500,0.7,1,0.3,160,100000,1,0.1,0.05,3.3,1,1,0,400000,1,1,0.05,3.3s,1,0.0001,1000,9.496924,0.3333333,0.003921569,0,0,0.1019608,0,0.1098039,0,0.1529412
21,13,9.81,500,0.7,1,0.3,160,100000,1,0.1,0.05,3.3,1,1,0,400000,1,1,0.05,3.3s,1,0.0001,1000,9.496924,0.3333333,0.003921569,0,0,0.1411765,0,0.09411766,0,0.1568628
21,14,9.81,500,0.7,1,0.3,160,100000,1,0.1,0.05,3.3,1,1,0,400000,1,1,0.05,3.3s,1,0.0001,1000,9.496924,0.3333333,0.007843138,0,0,0.172549,0,0.07450981,0,0.1607843
21,15,9.81,500,0.7,1,0.3,160,100000,1,0.1,0.05,3.3,1,1,0,400000,1,1,0.05,3.3s,1,0.0001,1000,9.496924,0.3333333,0.007843138,0.003921569,0,0.2,0,0.04705883,0,0.1647059
21,16,9.81,500,0.7,1,0.3,160,100000,1,0.1,0.05,3.3,1,1,0,400000,1,1,0.05,3.3s,1,0.0001,1000,9.496924,0.3333333,0.007843138,0.003921569,0,0.2117647,0,0.01176471,0,0.172549
21,17,9.81,500,0.7,1,0.3,160,100000,1,0.1,0.05,3.3,1,1,0,400000,1,1,0.05,3.3s,1,0.0001,1000,9.496924,0.3333333,0.007843138,0.007843138,0,0.2078432,0,0,0,0.1803922
21,18,9.81,500,0.7,1,0.3,160,100000,1,0.1,0.05,3.3,1,1,0,400000,1,1,0.05,3.3s,1,0.0001,1000,9.496924,0.3333333,0.007843138,0.01176471,0,0.1882353,0,0,0,0.1882353
21,19,9.81,500,0.7,1,0.3,160,100000,1,0.1,0.05,3.3,1,1,0,400000,1,1,0.05,3.3s,1,0.0001,1000,9.496924,0.3333333,0.007843138,0.01568628,0,0.1568628,0,0,0,0.1960784
21,20,9.81,500,0.7,1,0.3,160,100000,1,0.1,0.05,3.3,1,1,0,400000,1,1,0.05,3.3s,1,0.0001,1000,9.496924,0.3333333,0.003921569,0.01568628,0,0.1176471,0,0,0,0.2
21,21,9.81,500,0.7,1,0.3,160,100000,1,0.1,0.05,3.3,1,1,0,400000,1,1,0.05,3.3s,1,0.0001,1000,9.496924,0.3333333,0.003921569,0.01960784,0,0.06666667,0,0,0,0.2039216
21,22,9.81,500,0.7,1,0.3,160,100000,1,0.1,0.05,3.3,1,1,0,400000,1,1,0.05,3.3s,1,0.0001,1000,9.496924,0.3333333,0,0.01960784,0,0.01568628,0,0,0,0.2039216
21,23,9.81,500,0.7,1,0.3,160,100000,1,0.1,0.05,3.3,1,1,0,400000,1,1,0.05,3.3s,1,0.0001,1000,9.496924,0.3333333,0,0.01960784,0,0,0,0,0,0.2039216
21,24,9.81,500,0.7,1,0.3,160,100000,1,0.1,0.05,3.3,1,1,0,400000,1,1,0.05,3.3s,1,0.0001,1000,9.496924,0.3333333,0,0.01960784,0,0,0,0,0,0.2
21,25,9.81,500,0.7,1,0.3,160,100000,1,0.1,0.05,3.3,1,1,0,400000,1,1,0.05,3.3s,1,0.0001,1000,9.496924,0.3333333,0,0.01568628,0,0,0,0,0,0.1960784
21,26,9.81,500,0.7,1,0.3,160,100000,1,0.1,0.05,3.3,1,1,0,400000,1,1,0.05,3.3s,1,0.0001,1000,9.496924,0.3333333,0,0.01568628,0,0,0,0,0,0.1882353
21,27,9.81,500,0.7,1,0.3,160,100000,1,0.1,0.05,3.3,1,1,0,400000,1,1,0.05,3.3s,1,0.0001,1000,9.496924,0.3333333,0,0.01176471,0,0,0,0,0,0.1803922
21,28,9.81,500,0.7,1,0.3,160,100000,1,0.1,0.05,3.3,1,1,0,400000,1,1,0.05,3.3s,1,0.0001,1000,9.496924,0.3333333,0,0.007843138,0,0,0,0,0,0.172549
21,29,9.81,500,0.7,1,0.3,160,100000,1,0.1,0.05,3.3,1,1,0,400000,1,1,0.05,3.3s,1,0.0001,1000,9.496924,0.3333333,0,0.003921569,0,0,0,0.03137255,0,0.1686275
21,30,9.81,500,0.7,1,0.3,160,100000,1,0.1,0.05,3.3,1,1,0,400000,1,1,0.05,3.3s,1,0.0001,1000,9.496924,0.3333333,0,0.003921569,0,0,0,0.05882353,0,0.1607843
21,31,9.81,500,0.7,1,0.3,160,100000,1,0.1,0.05,3.3,1,1,0,400000,1,1,0.05,3.3s,1,0.0001,1000,9.496924,0.3333333,0,0,0,0,0,0.08235294,0,0.1568628
21,32,9.81,500,0.7,1,0.3,160,100000,1,0.1,0.05,3.3,1,1,0,400000,1,1,0.05,3.3s,1,0.0001,1000,9.496924,0.3333333,0,0,0,0,0,0.09803922,0,0.1529412
21,33,9.81,500,0.7,1,0.3,160,100000,1,0.1,0.05,3.3,1,1,0,400000,1,1,0.05,3.3s,1,0.0001,1000,9.496924,0.3333333,0,0,0,0,0,0.1019608,0,0.1529412
21,34,9.81,500,0.7,1,0.3,160,100000,1,0.1,0.05,3.3,1,1,0,400000,1,1,0.05,3.3s,1,0.0001,1000,9.496924,0.3333333,0,0,0,0.01960784,0.01176471,0.09803922,0,0.1529412
21,35,9.81,500,0.7,1,0.3,160,100000,1,0.1,0.05,3.3,1,1,0,400000,1,1,0.05,3.3s,1,0.0001,1000,9.496924,0.3333333,0,0,0,0.06666667,0.02352941,0.08235294,0.003921569,0.1529412
21,36,9.81,500,0.7,1,0.3,160,100000,1,0.1,0.05,3.3,1,1,0,400000,1,1,0.05,3.3s,1,0.0001,1000,9.496924,0.3333333,0.003921569,0,0,0.1019608,0.03529412,0.05490196,0.007843138,0.1568628
21,37,9.81,500,0.7,1,0.3,160,100000,1,0.1,0.05,3.3,1,1,0,400000,1,1,0.05,3.3s,1,0.0001,1000,9.496924,0.3333333,0.003921569,0,0.003921569,0.1215686,0.04705883,0.02352941,0.007843138,0.1607843
21,38,9.81,500,0.7,1,0.3,160,100000,1,0.1,0.05,3.3,1,1,0,400000,1,1,0.05,3.3s,1,0.0001,1000,9.496924,0.3333333,0.003921569,0.003921569,0.003921569,0.1254902,0.05490196,0,0.007843138,0.1686275
21,39,9.81,500,0.7,1,0.3,160,100000,1,0.1,0.05,3.3,1,1,0,400000,1,1,0.05,3.3s,1,0.0001,1000,9.496924,0.3333333,0.003921569,0.003921569,0.003921569,0.1058824,0.0627451,0,0.003921569,0.172549
21,40,9.81,500,0.7,1,0.3,160,100000,1,0.1,0.05,3.3,1,1,0,400000,1,1,0.05,3.3s,1,0.0001,1000,9.496924,0.3333333,0.003921569,0.007843138,0.003921569,0.07058824,0.0627451,0,0.003921569,0.1764706
21,41,9.81,500,0.7,1,0.3,160,100000,1,0.1,0.05,3.3,1,1,0,400000,1,1,0.05,3.3s,1,0.0001,1000,9.496924,0.3333333,0,0.007843138,0.003921569,0.02352941,0.0627451,0,0,0.1803922
21,42,9.81,500,0.7,1,0.3,160,100000,1,0.1,0.05,3.3,1,1,0,400000,1,1,0.05,3.3s,1,0.0001,1000,9.496924,0.3333333,0,0.007843138,0.003921569,0,0.05882353,0,0,0.1803922
21,43,9.81,500,0.7,1,0.3,160,100000,1,0.1,0.05,3.3,1,1,0,400000,1,1,0.05,3.3s,1,0.0001,1000,9.496924,0.3333333,0,0.007843138,0,0,0.0509804,0,0,0.1764706
21,44,9.81,500,0.7,1,0.3,160,100000,1,0.1,0.05,3.3,1,1,0,400000,1,1,0.05,3.3s,1,0.0001,1000,9.496924,0.3333333,0,0.003921569,0,0,0.03921569,0,0,0.172549
21,45,9.81,500,0.7,1,0.3,160,100000,1,0.1,0.05,3.3,1,1,0,400000,1,1,0.05,3.3s,1,0.0001,1000,9.496924,0.3333333,0,0.003921569,0,0,0.02745098,0,0,0.1686275
21,46,9.81,500,0.7,1,0.3,160,100000,1,0.1,0.05,3.3,1,1,0,400000,1,1,0.05,3.3s,1,0.0001,1000,9.496924,0.3333333,0,0.003921569,0,0,0.01568628,0.02352941,0,0.1647059
21,47,9.81,500,0.7,1,0.3,160,100000,1,0.1,0.05,3.3,1,1,0,400000,1,1,0.05,3.3s,1,0.0001,1000,9.496924,0.3333333,0,0,0,0,0.003921569,0.04705883,0,0.1607843
21,48,9.81,500,0.7,1,0.3,160,100000,1,0.1,0.05,3.3,1,1,0,400000,1,1,0.05,3.3s,1,0.0001,1000,9.496924,0.3333333,0,0,0,0,0,0.0627451,0,0.1568628
21,49,9.81,500,0.7,1,0.3,160,100000,1,0.1,0.05,3.3,1,1,0,400000,1,1,0.05,3.3s,1,0.0001,1000,9.496924,0.3333333,0,0,0,0,0,0.06666667,0,0.1568628
21,50,9.81,500,0.7,1,0.3,160,100000,1,0.1,0.05,3.3,1,1,0,400000,1,1,0.05,3.3s,1,0.0001,1000,9.496924,0.3333333,0,0,0,0.02745098,0,0.05882353,0,0.1568628
21,51,9.81,500,0.7,1,0.3,160,100000,1,0.1,0.05,3.3,1,1,0,400000,1,1,0.05,3.3s,1,0.0001,1000,9.496924,0.3333333,0.003921569,0,0,0.0509804,0,0.04705883,0.003921569,0.1607843
21,52,9.81,500,0.7,1,0.3,160,100000,1,0.1,0.05,3.3,1,1,0,400000,1,1,0.05,3.3s,1,0.0001,1000,9.496924,0.3333333,0.003921569,0,0,0.06666667,0,0.03137255,0.003921569,0.1607843
21,53,9.81,500,0.7,1,0.3,160,100000,1,0.1,0.05,3.3,1,1,0,400000,1,1,0.05,3.3s,1,0.0001,1000,9.496924,0.3333333,0.003921569,0.003921569,0,0.07450981,0,0.01568628,0.003921569,0.1647059
21,54,9.81,500,0.7,1,0.3,160,100000,1,0.1,0.05,3.3,1,1,0,400000,1,1,0.05,3.3s,1,0.0001,1000,9.496924,0.3333333,0.003921569,0.003921569,0,0.07450981,0,0,0.007843138,0.1647059
21,55,9.81,500,0.7,1,0.3,160,100000,1,0.1,0.05,3.3,1,1,0,400000,1,1,0.05,3.3s,1,0.0001,1000,9.496924,0.3333333,0.003921569,0.003921569,0,0.07058824,0,0,0.01176471,0.1686275
21,56,9.81,500,0.7,1,0.3,160,100000,1,0.1,0.05,3.3,1,1,0,400000,1,1,0.05,3.3s,1,0.0001,1000,9.496924,0.3333333,0.003921569,0.007843138,0,0.06666667,0,0,0.01176471,0.1686275
21,57,9.81,500,0.7,1,0.3,160,100000,1,0.1,0.05,3.3,1,1,0,400000,1,1,0.05,3.3s,1,0.0001,1000,9.496924,0.3333333,0.003921569,0.007843138,0,0.0627451,0,0,0.01568628,0.1686275
21,58,9.81,500,0.7,1,0.3,160,100000,1,0.1,0.05,3.3,1,1,0,400000,1,1,0.05,3.3s,1,0.0001,1000,9.496924,0.3333333,0,0.007843138,0,0.05490196,0,0,0.01960784,0.172549
21,59,9.81,500,0.7,1,0.3,160,100000,1,0.1,0.05,3.3,1,1,0,400000,1,1,0.05,3.3s,1,0.0001,1000,9.496924,0.3333333,0,0.007843138,0,0.03921569,0,0,0.01960784,0.172549
21,60,9.81,500,0.7,1,0.3,160,100000,1,0.1,0.05,3.3,1,1,0,400000,1,1,0.05,3.3s,1,0.0001,1000,9.496924,0.3333333,0,0.007843138,0,0.01960784,0,0,0.02352941,0.1764706
21,61,9.81,500,0.7,1,0.3,160,100000,1,0.1,0.05,3.3,1,1,0,400000,1,1,0.05,3.3s,1,0.0001,1000,9.496924,0.3333333,0,0.007843138,0,0,0,0,0.02352941,0.1764706
21,62,9.81,500,0.7,1,0.3,160,100000,1,0.1,0.05,3.3,1,1,0,400000,1,1,0.05,3.3s,1,0.0001,1000,9.496924,0.3333333,0,0.007843138,0,0,0,0,0.02352941,0.1764706
21,63,9.81,500,0.7,1,0.3,160,100000,1,0.1,0.05,3.3,1,1,0,400000,1,1,0.05,3.3s,1,0.0001,1000,9.496924,0.3333333,0,0.007843138,0,0,0,0,0.02745098,0.1764706
22,0,9.81,500,0.7,1,0.3,160,100000,1,0.1,0.05,3.3,1,1,0,400000,1,1,0.05,3.3s,1,0.0001,1000,9.496924,0.3333333,0,0.007843138,0,0,0,0,0.03137255,0.172549
22,1,9.81,500,0.7,1,0.3,160,100000,1,0.1,0.05,3.3,1,1,0,400000,1,1,0.05,3.3s,1,0.0001,1000,9.496924,0.3333333,0,0.003921569,0,0,0,0,0.02745098,0.1686275
22,2,9.81,500,0.7,1,0.3,160,100000,1,0.1,0.05,3.3,1,1,0,400000,1,1,0.05,3.3s,1,0.0001,1000,9.496924,0.3333333,0,0.003921569,0,0,0.003921569,0,0.02745098,0.1686275
22,3,9.81,500,0.7,1,0.3,160,100000,1,0.1,0.05,3.3,1,1,0,400000,1,1,0.05,3.3s,1,0.0001,1000,9.496924,0.3333333,0,0,0,0,0.01176471,0,0.02352941,0.1647059
22,4,9.81,500,0.7,1,0.3,160,100000,1,0.1,0.05,3.3,1,1,0,400000,1,1,0.05,3.3s,1,0.0001,1000,9.496924,0.3333333,0,0,0,0,0.01568628,0.01960784,0.01960784,0.1607843
22,5,9.81,500,0.7,1,0.3,160,100000,1,0.1,0.05,3.3,1,1,0,400000,1,1,0.05,3.3s,1,0.0001,1000,9.496924,0.3333333,0,0,0,0,0.01568628,0.03921569,0.01568628,0.1568628
22,6,9.81,500,0.7,1,0.3,160,100000,1,0.1,0.05,3.3,1,1,0,400000,1,1,0.05,3.3s,1,0.0001,1000,9.496924,0.3333333,0,0,0,0,0.01568628,0.05882353,0.007843138,0.1568628
22,7,9.81,500,0.7,1,0.3,160,100000,1,0.1,0.05,3.3,1,1,0,400000,1,1,0.05,3.3s,1,0.0001,1000,9.496924,0.3333333,0,0,0,0,0.01568628,0.07843138,0.003921569,0.1529412
22,8,9.81,500,0.7,1,0.3,160,100000,1,0.1,0.05,3.3,1,1,0,400000,1,1,0.05,3.3s,1,0.0001,1000,9.496924,0.3333333,0,0,0,0,0.01176471,0.09411766,0,0.1529412
22,9,9.81,500,0.7,1,0.3,160,100000,1,0.1,0.05,3.3,1,1,0,400000,1,1,0.05,3.3s,1,0.0001,1000,9.496924,0.3333333,0,0,0,0,0.007843138,0.1058824,0,0.1529412
22,10,9.81,500,0.7,1,0.3,160,100000,1,0.1,0.05,3.3,1,1,0,400000,1,1,0.05,3.3s,1,0.0001,1000,9.496924,0.3333333,0,0,0,0.01568628,0.003921569,0.1098039,0,0.1529412
22,11,9.81,500,0.7,1,0.3,160,100000,1,0.1,0.05,3.3,1,1,0,400000,1,1,0.05,3.3s,1,0.0001,1000,9.496924,0.3333333,0.003921569,0,0,0.05490196,0,0.1137255,0,0.1529412
22,12,9.81,500,0.7,1,0.3,160,100000,1,0.1,0.05,3.3,1,1,0,400000,1,1,0.05,3.3s,1,0.0001,1000,9.496924,0.3333333,0.003921569,0,0,0.09803922,0,0.1058824,0,0.1529412
22,13,9.81,500,0.7,1,0.3,160,100000,1,0.1,0.05,3.3,1,1,0,400000,1,1,0.05,3.3s,1,0.0001,1000,9.496924,0.3333333,0.003921569,0,0,0.1372549,0,0.09411766,0,0.1568628
22,14,9.81,500,0.7,1,0.3,160,100000,1,0.1,0.05,3.3,1,1,0,400000,1,1,0.05,3.3s,1,0.0001,1000,9.496924,0.3333333,0.007843138,0,0,0.1686275,0,0.07058824,0,0.1607843
22,15,9.81,500,0.7,1,0.3,160,100000,1,0.1,0.05,3.3,1,1,0,400000,1,1,0.05,3.3s,1,0.0001,1000,9.496924,0.3333333,0.007843138,0.003921569,0,0.1921569,0,0.04313726,0,0.1647059
22,16,9.81,500,0.7,1,0.3,160,100000,1,0.1,0.05,3.3,1,1,0,400000,1,1,0.05,3.3s,1,0.0001,1000,9.496924,0.3333333,0.007843138,0.003921569,0,0.2039216,0,0.01176471,0,0.172549
22,17,9.81,500,0.7,1,0.3,160,100000,1,0.1,0.05,3.3,1,1,0,400000,1,1,0.05,3.3s,1,0.0001,1000,9.496924,0.3333333,0.007843138,0.007843138,0,0.1960784,0,0,0,0.1803922
22,18,9.81,500,0.7,1,0.3,160,100000,1,0.1,0.05,3.3,1,1,0,400000,1,1,0.05,3.3s,1,0.0001,1000,9.496924,0.3333333,0.007843138,0.01176471,0,0.1803922,0,0,0,0.1882353
22,19,9.81,500,0.7,1,0.3,160,100000,1,0.1,0.05,3.3,1,1,0,400000,1,1,0.05,3.3s,1,0.0001,1000,9.496924,0.3333333,0.007843138,0.01568628,0,0.145098,0,0,0,0.1921569
22,20,9.81,500,0.7,1,0.3,160,100000,1,0.1,0.05,3.3,1,1,0,400000,1,1,0.05,3.3s,1,0.0001,1000,9.496924,0.3333333,0.003921569,0.01568628,0,0.1058824,0,0,0,0.2
22,21,9.81,500,0.7,1,0.3,160,100000,1,0.1,0.05,3.3,1,1,0,400000,1,1,0.05,3.3s,1,0.0001,1000,9.496924,0.3333333,0.003921569,0.01568628,0,0.05882353,0,0,0,0.2
22,22,9.81,500,0.7,1,0.3,160,100000,1,0.1,0.05,3.3,1,1,0,400000,1,1,0.05,3.3s,1,0.0001,1000,9.496924,0.3333333,0,0.01960784,0,0.01176471,0,0,0,0.2039216
22,23,9.81,500,0.7,1,0.3,160,100000,1,0.1,0.05,3.3,1,1,0,400000,1,1,0.05,3.3s,1,0.0001,1000,9.496924,0.3333333,0,0.01568628,0,0,0,0,0,0.2
22,24,9.81,500,0.7,1,0.3,160,100000,1,0.1,0.05,3.3,1,1,0,400000,1,1,0.05,3.3s,1,0.0001,1000,9.496924,0.3333333,0,0.01568628,0,0,0,0,0,0.2
22,25,9.81,500,0.7,1,0.3,160,100000,1,0.1,0.05,3.3,1,1,0,400000,1,1,0.05,3.3s,1,0.0001,1000,9.496924,0.3333333,0,0.01568628,0,0,0,0,0,0.1921569
22,26,9.81,500,0.7,1,0.3,160,100000,1,0.1,0.05,3.3,1,1,0,400000,1,1,0.05,3.3s,1,0.0001,1000,9.496924,0.3333333,0,0.01176471,0,0,0,0,0,0.1882353
22,27,9.81,500,0.7,1,0.3,160,100000,1,0.1,0.05,3.3,1,1,0,400000,1,1,0.05,3.3s,1,0.0001,1000,9.496924,0.3333333,0,0.01176471,0,0,0,0,0,0.1803922
22,28,9.81,500,0.7,1,0.3,160,100000,1,0.1,0.05,3.3,1,1,0,400000,1,1,0.05,3.3s,1,0.0001,1000,9.496924,0.3333333,0,0.007843138,0,0,0,0.003921569,0,0.172549
22,29,9.81,500,0.7,1,0.3,160,100000,1,0.1,0.05,3.3,1,1,0,400000,1,1,0.05,3.3s,1,0.0001,1000,9.496924,0.3333333,0,0.003921569,0,0,0,0.03137255,0,0.1686275
22,30,9.81,500,0.7,1,0.3,160,100000,1,0.1,0.05,3.3,1,1,0,400000,1,1,0.05,3.3s,1,0.0001,1000,9.496924,0.3333333,0,0.003921569,0,0,0,0.0627451,0,0.1607843
22,31,9.81,500,0.7,1,0.3,160,100000,1,0.1,0.05,3.3,1,1,0,400000,1,1,0.05,3.3s,1,0.0001,1000,9.496924,0.3333333,0,0,0,0,0,0.08235294,0,0.1568628
22,32,9.81,500,0.7,1,0.3,160,100000,1,0.1,0.05,3.3,1,1,0,400000,1,1,0.05,3.3s,1,0.0001,1000,9.496924,0.3333333,0,0,0,0,0,0.09803922,0,0.1529412
22,33,9.81,500,0.7,1,0.3,160,100000,1,0.1,0.05,3.3,1,1,0,400000,1,1,0.05,3.3s,1,0.0001,1000,9.496924,0.3333333,0,0,0,0,0.007843138,0.1019608,0,0.1529412
22,34,9.81,500,0.7,1,0.3,160,100000,1,0.1,0.05,3.3,1,1,0,400000,1,1,0.05,3.3s,1,0.0001,1000,9.496924,0.3333333,0,0,0,0.03137255,0.02352941,0.09411766,0.003921569,0.1529412
22,35,9.81,500,0.7,1,0.3,160,100000,1,0.1,0.05,3.3,1,1,0,400000,1,1,0.05,3.3s,1,0.0001,1000,9.496924,0.3333333,0.003921569,0,0,0.07843138,0.03921569,0.07843138,0.003921569,0.1529412
22,36,9.81,500,0.7,1,0.3,160,100000,1,0.1,0.05,3.3,1,1,0,400000,1,1,0.05,3.3s,1,0.0001,1000,9.496924,0.3333333,0.003921569,0,0,0.1137255,0.0509804,0.0509804,0.007843138,0.1568628
22,37,9.81,500,0.7,1,0.3,160,100000,1,0.1,0.05,3.3,1,1,0,400000,1,1,0.05,3.3s,1,0.0001,1000,9.496924,0.3333333,0.003921569,0.003921569,0.003921569,0.1333333,0.0627451,0.01568628,0.007843138,0.1647059
22,38,9.81,500,0.7,1,0.3,160,100000,1,0.1,0.05,3.3,1,1,0,400000,1,1,0.05,3.3s,1,0.0001,1000,9.496924,0.3333333,0.003921569,0.003921569,0.003921569,0.1294118,0.07058824,0,0.003921569,0.1686275
22,39,9.81,500,0.7,1,0.3,160,100000,1,0.1,0.05,3.3,1,1,0,400000,1,1,0.05,3.3s,1,0.0001,1000,9.496924,0.3333333,0.003921569,0.007843138,0.003921569,0.1098039,0.07450981,0,0,0.1764706
22,40,9.81,500,0.7,1,0.3,160,100000,1,0.1,0.05,3.3,1,1,0,400000,1,1,0.05,3.3s,1,0.0001,1000,9.496924,0.3333333,0.003921569,0.007843138,0.003921569,0.07058824,0.07450981,0,0,0.1803922
22,41,9.81,500,0.7,1,0.3,160,100000,1,0.1,0.05,3.3,1,1,0,400000,1,1,0.05,3.3s,1,0.0001,1000,9.496924,0.3333333,0,0.007843138,0.003921569,0.01960784,0.07058824,0,0,0.1843137
22,42,9.81,500,0.7,1,0.3,160,100000,1,0.1,0.05,3.3,1,1,0,400000,1,1,0.05,3.3s,1,0.0001,1000,9.496924,0.3333333,0,0.007843138,0.003921569,0,0.0627451,0,0,0.1843137
22,43,9.81,500,0.7,1,0.3,160,100000,1,0.1,0.05,3.3,1,1,0,400000,1,1,0.05,3.3s,1,0.0001,1000,9.496924,0.3333333,0,0.007843138,0,0,0.05490196,0,0,0.1803922
22,44,9.81,500,0.7,1,0.3,160,100000,1,0.1,0.05,3.3,1,1,0,400000,1,1,0.05,3.3s,1,0.0001,1000,9.496924,0.3333333,0,0.007843138,0,0,0.04313726,0,0,0.1764706
22,45,9.81,500,0.7,1,0.3,160,100000,1,0.1,0.05,3.3,1,1,0,400000,1,1,0.05,3.3s,1,0.0001,1000,9.496924,0.3333333,0,0.003921569,0,0,0.03137255,0,0,0.1686275
22,46,9.81,500,0.7,1,0.3,160,100000,1,0.1,0.05,3.3,1,1,0,400000,1,1,0.05,3.3s,1,0.0001,1000,9.496924,0.3333333,0,0.003921569,0,0,0.01960784,0.02352941,0,0.1647059
22,47,9.81,500,0.7,1,0.3,160,100000,1,0.1,0.05,3.3,1,1,0,400000,1,1,0.05,3.3s,1,0.0001,1000,9.496924,0.3333333,0,0,0,0,0.007843138,0.04705883,0,0.1607843
22,48,9.81,500,0.7,1,0.3,160,100000,1,0.1,0.05,3.3,1,1,0,400000,1,1,0.05,3.3s,1,0.0001,1000,9.496924,0.3333333,0,0,0,0,0,0.0627451,0,0.1568628
22,49,9.81,500,0.7,1,0.3,160,100000,1,0.1,0.05,3.3,1,1,0,400000,1,1,0.05,3.3s,1,0.0001,1000,9.496924,0.3333333,0,0,0,0,0,0.07058824,0,0.1568628
22,50,9.81,500,0.7,1,0.3,160,100000,1,0.1,0.05,3.3,1,1,0,400000,1,1,0.05,3.3s,1,0.0001,1000,9.496924,0.3333333,0,0,0,0.01568628,0,0.0627451,0,0.1568628
22,51,9.81,500,0.7,1,0.3,160,100000,1,0.1,0.05,3.3,1,1,0,400000,1,1,0.05,3.3s,1,0.0001,1000,9.496924,0.3333333,0,0,0,0.04313726,0,0.0509804,0.003921569,0.1568628
22,52,9.81,500,0.7,1,0.3,160,100000,1,0.1,0.05,3.3,1,1,0,400000,1,1,0.05,3.3s,1,0.0001,1000,9.496924,0.3333333,0.003921569,0,0,0.0627451,0,0.03529412,0.003921569,0.1607843
22,53,9.81,500,0.7,1,0.3,160,100000,1,0.1,0.05,3.3,1,1,0,400000,1,1,0.05,3.3s,1,0.0001,1000,9.496924,0.3333333,0.003921569,0.003921569,0,0.07058824,0,0.01960784,0.007843138,0.1607843
22,54,9.81,500,0.7,1,0.3,160,100000,1,0.1,0.05,3.3,1,1,0,400000,1,1,0.05,3.3s,1,0.0001,1000,9.496924,0.3333333,0.003921569,0.003921569,0,0.07450981,0,0.003921569,0.01176471,0.1647059
22,55,9.81,500,0.7,1,0.3,160,100000,1,0.1,0.05,3.3,1,1,0,400000,1,1,0.05,3.3s,1,0.0001,1000,9.496924,0.3333333,0.003921569,0.003921569,0,0.07058824,0,0,0.01568628,0.1647059
22,56,9.81,500,0.7,1,0.3,160,100000,1,0.1,0.05,3.3,1,1,0,400000,1,1,0.05,3.3s,1,0.0001,1000,9.496924,0.3333333,0.003921569,0.003921569,0,0.06666667,0,0,0.01960784,0.1686275
22,57,9.81,500,0.7,1,0.3,160,100000,1,0.1,0.05,3.3,1,1,0,400000,1,1,0.05,3.3s,1,0.0001,1000,9.496924,0.3333333,0.003921569,0.007843138,0,0.0627451,0,0,0.02352941,0.1686275
22,58,9.81,500,0.7,1,0.3,160,100000,1,0.1,0.05,3.3,1,1,0,400000,1,1,0.05,3.3s,1,0.0001,1000,9.496924,0.3333333,0,0.007843138,0,0.05490196,0,0,0.02352941,0.172549
22,59,9.81,500,0.7,1,0.3,160,100000,1,0.1,0.05,3.3,1,1,0,400000,1,1,0.05,3.3s,1,0.0001,1000,9.496924,0.3333333,0,0.007843138,0,0.04313726,0,0,0.02745098,0.172549
22,60,9.81,500,0.7,1,0.3,160,100000,1,0.1,0.05,3.3,1,1,0,400000,1,1,0.05,3.3s,1,0.0001,1000,9.496924,0.3333333,0,0.007843138,0,0.02352941,0,0,0.02745098,0.172549
22,61,9.81,500,0.7,1,0.3,160,100000,1,0.1,0.05,3.3,1,1,0,400000,1,1,0.05,3.3s,1,0.0001,1000,9.496924,0.3333333,0,0.007843138,0,0,0,0,0.03137255,0.1764706
22,62,9.81,500,0.7,1,0.3,160,100000,1,0.1,0.05,3.3,1,1,0,400000,1,1,0.05,3.3s,1,0.0001,1000,9.496924,0.3333333,0,0.007843138,0,0,0,0,0.03137255,0.1764706
22,63,9.81,500,0.7,1,0.3,160,100000,1,0.1,0.05,3.3,1,1,0,400000,1,1,0.05,3.3s,1,0.0001,1000,9.496924,0.3333333,0,0.007843138,0,0,0,0,0.03137255,0.1764706
23,0,9.81,500,0.7,1,0.3,160,100000,1,0.1,0.05,3.3,1,1,0,400000,1,1,0.05,3.3s,1,0.0001,1000,9.496924,0.3333333,0,0.007843138,0,0,0.007843138,0,0.03137255,0.172549
23,1,9.81,500,0.7,1,0.3,160,100000,1,0.1,0.05,3.3,1,1,0,400000,1,1,0.05,3.3s,1,0.0001,1000,9.496924,0.3333333,0,0.003921569,0,0,0.01568628,0,0.02745098,0.1686275
23,2,9.81,500,0.7,1,0.3,160,100000,1,0.1,0.05,3.3,1,1,0,400000,1,1,0.05,3.3s,1,0.0001,1000,9.496924,0.3333333,0,0.003921569,0,0,0.01960784,0,0.02352941,0.1686275
23,3,9.81,500,0.7,1,0.3,160,100000,1,0.1,0.05,3.3,1,1,0,400000,1,1,0.05,3.3s,1,0.0001,1000,9.496924,0.3333333,0,0,0,0,0.02352941,0,0.02352941,0.1647059
23,4,9.81,500,0.7,1,0.3,160,100000,1,0.1,0.05,3.3,1,1,0,400000,1,1,0.05,3.3s,1,0.0001,1000,9.496924,0.3333333,0,0,0,0,0.02745098,0.01176471,0.01960784,0.1607843
23,5,9.81,500,0.7,1,0.3,160,100000,1,0.1,0.05,3.3,1,1,0,400000,1,1,0.05,3.3s,1,0.0001,1000,9.496924,0.3333333,0,0,0,0,0.02745098,0.03529412,0.01568628,0.1568628
23,6,9.81,500,0.7,1,0.3,160,100000,1,0.1,0.05,3.3,1,1,0,400000,1,1,0.05,3.3s,1,0.0001,1000,9.496924,0.3333333,0,0,0,0,0.02352941,0.05490196,0.01176471,0.1568628
23,7,9.81,500,0.7,1,0.3,160,100000,1,0.1,0.05,3.3,1,1,0,400000,1,1,0.05,3.3s,1,0.0001,1000,9.496924,0.3333333,0,0,0,0,0.01960784,0.07450981,0.007843138,0.1529412
23,8,9.81,500,0.7,1,0.3,160,100000,1,0.1,0.05,3.3,1,1,0,400000,1,1,0.05,3.3s,1,0.0001,1000,9.496924,0.3333333,0,0,0,0,0.01568628,0.09019608,0.003921569,0.1529412
23,9,9.81,500,0.7,1,0.3,160,100000,1,0.1,0.05,3.3,1,1,0,400000,1,1,0.05,3.3s,1,0.0001,1000,9.496924,0.3333333,0,0,0,0,0.007843138,0.1019608,0,0.1529412
23,10,9.81,500,0.7,1,0.3,160,100000,1,0.1,0.05,3.3,1,1,0,400000,1,1,0.05,3.3s,1,0.0001,1000,9.496924,0.3333333,0,0,0,0.01176471,0.003921569,0.1098039,0,0.1490196
23,11,9.81,500,0.7,1,0.3,160,100000,1,0.1,0.05,3.3,1,1,0,400000,1,1,0.05,3.3s,1,0.0001,1000,9.496924,0.3333333,0,0,0,0.05490196,0,0.1098039,0,0.1529412
23,12,9.81,500,0.7,1,0.3,160,100000,1,0.1,0.05,3.3,1,1,0,400000,1,1,0.05,3.3s,1,0.0001,1000,9.496924,0.3333333,0.003921569,0,0,0.09411766,0,0.1019608,0,0.1529412
23,13,9.81,500,0.7,1,0.3,160,100000,1,0.1,0.05,3.3,1,1,0,400000,1,1,0.05,3.3s,1,0.0001,1000,9.496924,0.3333333,0.003921569,0,0,0.1333333,0,0.09019608,0,0.1568628
23,14,9.81,500,0.7,1,0.3,160,100000,1,0.1,0.05,3.3,1,1,0,400000,1,1,0.05,3.3s,1,0.0001,1000,9.496924,0.3333333,0.007843138,0,0,0.1647059,0,0.06666667,0,0.1607843
23,15,9.81,500,0.7,1,0.3,160,100000,1,0.1,0.05,3.3,1,1,0,400000,1,1,0.05,3.3s,1,0.0001,1000,9.496924,0.3333333,0.007843138,0,0,0.1843137,0,0.03921569,0,0.1647059
23,16,9.81,500,0.7,1,0.3,160,100000,1,0.1,0.05,3.3,1,1,0,400000,1,1,0.05,3.3s,1,0.0001,1000,9.496924,0.3333333,0.007843138,0.003921569,0,0.1921569,0,0.007843138,0,0.172549
23,17,9.81,500,0.7,1,0.3,160,100000,1,0.1,0.05,3.3,1,1,0,400000,1,1,0.05,3.3s,1,0.0001,1000,9.496924,0.3333333,0.007843138,0.007843138,0,0.1843137,0,0,0,0.1803922
23,18,9.81,500,0.7,1,0.3,160,100000,1,0.1,0.05,3.3,1,1,0,400000,1,1,0.05,3.3s,1,0.0001,1000,9.496924,0.3333333,0.007843138,0.01176471,0,0.1647059,0,0,0,0.1843137
23,19,9.81,500,0.7,1,0.3,160,100000,1,0.1,0.05,3.3,1,1,0,400000,1,1,0.05,3.3s,1,0.0001,1000,9.496924,0.3333333,0.003921569,0.01176471,0,0.1333333,0,0,0,0.1921569
23,20,9.81,500,0.7,1,0.3,160,100000,1,0.1,0.05,3.3,1,1,0,400000,1,1,0.05,3.3s,1,0.0001,1000,9.496924,0.3333333,0.003921569,0.01568628,0,0.09411766,0,0,0,0.1960784
23,21,9.81,500,0.7,1,0.3,160,100000,1,0.1,0.05,3.3,1,1,0,400000,1,1,0.05,3.3s,1,0.0001,1000,9.496924,0.3333333,0.003921569,0.01568628,0,0.0509804,0,0,0,0.2
23,22,9.81,500,0.7,1,0.3,160,100000,1,0.1,0.05,3.3,1,1,0,400000,1,1,0.05,3.3s,1,0.0001,1000,9.496924,0.3333333,0,0.01568628,0,0.007843138,0,0,0,0.2
23,23,9.81,500,0.7,1,0.3,160,100000,1,0.1,0.05,3.3,1,1,0,400000,1,1,0.05,3.3s,1,0.0001,1000,9.496924,0.3333333,0,0.01568628,0,0,0,0,0,0.2
23,24,9.81,500,0.7,1,0.3,160,100000,1,0.1,0.05,3.3,1,1,0,400000,1,1,0.05,3.3s,1,0.0001,1000,9.496924,0.3333333,0,0.01568628,0,0,0,0,0,0.1960784
23,25,9.81,500,0.7,1,0.3,160,100000,1,0.1,0.05,3.3,1,1,0,400000,1,1,0.05,3.3s,1,0.0001,1000,9.496924,0.3333333,0,0.01176471,0,0,0,0,0,0.1921569
23,26,9.81,500,0.7,1,0.3,160,100000,1,0.1,0.05,3.3,1,1,0,400000,1,1,0.05,3.3s,1,0.0001,1000,9.496924,0.3333333,0,0.01176471,0,0,0,0,0,0.1843137
23,27,9.81,500,0.7,1,0.3,160,100000,1,0.1,0.05,3.3,1,1,0,400000,1,1,0.05,3.3s,1,0.0001,1000,9.496924,0.3333333,0,0.007843138,0,0,0,0,0,0.1803922
23,28,9.81,500,0.7,1,0.3,160,100000,1,0.1,0.05,3.3,1,1,0,400000,1,1,0.05,3.3s,1,0.0001,1000,9.496924,0.3333333,0,0.007843138,0,0,0,0.007843138,0,0.172549
23,29,9.81,500,0.7,1,0.3,160,100000,1,0.1,0.05,3.3,1,1,0,400000,1,1,0.05,3.3s,1,0.0001,1000,9.496924,0.3333333,0,0.003921569,0,0,0,0.03529412,0,0.1686275
23,30,9.81,500,0.7,1,0.3,160,100000,1,0.1,0.05,3.3,1,1,0,400000,1,1,0.05,3.3s,1,0.0001,1000,9.496924,0.3333333,0,0,0,0,0,0.0627451,0,0.1607843
23,31,9.81,500,0.7,1,0.3,160,100000,1,0.1,0.05,3.3,1,1,0,400000,1,1,0.05,3.3s,1,0.0001,1000,9.496924,0.3333333,0,0,0,0,0,0.08627451,0,0.1568628
23,32,9.81,500,0.7,1,0.3,160,100000,1,0.1,0.05,3.3,1,1,0,400000,1,1,0.05,3.3s,1,0.0001,1000,9.496924,0.3333333,0,0,0,0,0,0.09803922,0,0.1529412
23,33,9.81,500,0.7,1,0.3,160,100000,1,0.1,0.05,3.3,1,1,0,400000,1,1,0.05,3.3s,1,0.0001,1000,9.496924,0.3333333,0,0,0,0,0.01568628,0.1019608,0,0.1529412
23,34,9.81,500,0.7,1,0.3,160,100000,1,0.1,0.05,3.3,1,1,0,400000,1,1,0.05,3.3s,1,0.0001,1000,9.496924,0.3333333,0,0,0,0.04705883,0.03529412,0.09019608,0,0.1529412
23,35,9.81,500,0.7,1,0.3,160,100000,1,0.1,0.05,3.3,1,1,0,400000,1,1,0.05,3.3s,1,0.0001,1000,9.496924,0.3333333,0.003921569,0,0,0.09411766,0.0509804,0.07058824,0.003921569,0.1568628
23,36,9.81,500,0.7,1,0.3,160,100000,1,0.1,0.05,3.3,1,1,0,400000,1,1,0.05,3.3s,1,0.0001,1000,9.496924,0.3333333,0.003921569,0,0,0.1254902,0.06666667,0.03921569,0.003921569,0.1607843
23,37,9.81,500,0.7,1,0.3,160,100000,1,0.1,0.05,3.3,1,1,0,400000,1,1,0.05,3.3s,1,0.0001,1000,9.496924,0.3333333,0.003921569,0.003921569,0.003921569,0.1411765,0.07450981,0.003921569,0,0.1647059
23,38,9.81,500,0.7,1,0.3,160,100000,1,0.1,0.05,3.3,1,1,0,400000,1,1,0.05,3.3s,1,0.0001,1000,9.496924,0.3333333,0.003921569,0.007843138,0.003921569,0.1333333,0.08235294,0,0,0.172549
23,39,9.81,500,0.7,1,0.3,160,100000,1,0.1,0.05,3.3,1,1,0,400000,1,1,0.05,3.3s,1,0.0001,1000,9.496924,0.3333333,0.003921569,0.007843138,0.003921569,0.1098039,0.08235294,0,0,0.1803922
23,40,9.81,500,0.7,1,0.3,160,100000,1,0.1,0.05,3.3,1,1,0,400000,1,1,0.05,3.3s,1,0.0001,1000,9.496924,0.3333333,0.003921569,0.007843138,0.003921569,0.06666667,0.07843138,0,0,0.1843137
23,41,9.81,500,0.7,1,0.3,160,100000,1,0.1,0.05,3.3,1,1,0,400000,1,1,0.05,3.3s,1,0.0001,1000,9.496924,0.3333333,0,0.01176471,0.003921569,0.01568628,0.07058824,0,0,0.1882353
23,42,9.81,500,0.7,1,0.3,160,100000,1,0.1,0.05,3.3,1,1,0,400000,1,1,0.05,3.3s,1,0.0001,1000,9.496924,0.3333333,0,0.007843138,0.003921569,0,0.0627451,0,0,0.1843137
23,43,9.81,500,0.7,1,0.3,160,100000,1,0.1,0.05,3.3,1,1,0,400000,1,1,0.05,3.3s,1,0.0001,1000,9.496924,0.3333333,0,0.007843138,0,0,0.0509804,0,0,0.1843137
23,44,9.81,500,0.7,1,0.3,160,100000,1,0.1,0.05,3.3,1,1,0,400000,1,1,0.05,3.3s,1,0.0001,1000,9.496924,0.3333333,0,0.007843138,0,0,0.03921569,0,0,0.1764706
23,45,9.81,500,0.7,1,0.3,160,100000,1,0.1,0.05,3.3,1,1,0,400000,1,1,0.05,3.3s,1,0.0001,1000,9.496924,0.3333333,0,0.003921569,0,0,0.03137255,0,0,0.172549
23,46,9.81,500,0.7,1,0.3,160,100000,1,0.1,0.05,3.3,1,1,0,400000,1,1,0.05,3.3s,1,0.0001,1000,9.496924,0.3333333,0,0.003921569,0,0,0.01960784,0.02352941,0,0.1647059
23,47,9.81,500,0.7,1,0.3,160,100000,1,0.1,0.05,3.3,1,1,0,400000,1,1,0.05,3.3s,1,0.0001,1000,9.496924,0.3333333,0,0,0,0,0.007843138,0.04705883,0,0.1607843
23,48,9.81,500,0.7,1,0.3,160,100000,1,0.1,0.05,3.3,1,1,0,400000,1,1,0.05,3.3s,1,0.0001,1000,9.496924,0.3333333,0,0,0,0,0,0.06666667,0,0.1568628
23,49,9.81,500,0.7,1,0.3,160,100000,1,0.1,0.05,3.3,1,1,0,400000,1,1,0.05,3.3s,1,0.0001,1000,9.496924,0.3333333,0,0,0,0,0,0.07058824,0,0.1568628
23,50,9.81,500,0.7,1,0.3,160,100000,1,0.1,0.05,3.3,1,1,0,400000,1,1,0.05,3.3s,1,0.0001,1000,9.496924,0.3333333,0,0,0,0.007843138,0,0.07058824,0,0.1568628
23,51,9.81,500,0.7,1,0.3,160,100000,1,0.1,0.05,3.3,1,1,0,400000,1,1,0.05,3.3s,1,0.0001,1000,9.496924,0.3333333,0,0,0,0.03921569,0,0.05882353,0.003921569,0.1568628
23,52,9.81,500,0.7,1,0.3,160,100000,1,0.1,0.05,3.3,1,1,0,400000,1,1,0.05,3.3s,1,0.0001,1000,9.496924,0.3333333,0.003921569,0,0,0.05882353,0,0.04313726,0.007843138,0.1607843
23,53,9.81,500,0.7,1,0.3,160,100000,1,0.1,0.05,3.3,1,1,0,400000,1,1,0.05,3.3s,1,0.0001,1000,9.496924,0.3333333,0.003921569,0,0,0.07058824,0,0.02352941,0.01176471,0.1607843
23,54,9.81,500,0.7,1,0.3,160,100000,1,0.1,0.05,3.3,1,1,0,400000,1,1,0.05,3.3s,1,0.0001,1000,9.496924,0.3333333,0.003921569,0.003921569,0,0.07450981,0,0.007843138,0.01568628,0.1647059
23,55,9.81,500,0.7,1,0.3,160,100000,1,0.1,0.05,3.3,1,1,0,400000,1,1,0.05,3.3s,1,0.0001,1000,9.496924,0.3333333,0.003921569,0.003921569,0,0.07450981,0,0,0.01960784,0.1647059
23,56,9.81,500,0.7,1,0.3,160,100000,1,0.1,0.05,3.3,1,1,0,400000,1,1,0.05,3.3s,1,0.0001,1000,9.496924,0.3333333,0.003921569,0.003921569,0,0.07058824,0,0,0.01960784,0.1647059
23,57,9.81,500,0.7,1,0.3,160,100000,1,0.1,0.05,3.3,1,1,0,400000,1,1,0.05,3.3s,1,0.0001,1000,9.496924,0.3333333,0.003921569,0.003921569,0,0.06666667,0,0,0.02352941,0.1686275
23,58,9.81,500,0.7,1,0.3,160,100000,1,0.1,0.05,3.3,1,1,0,400000,1,1,0.05,3.3s,1,0.0001,1000,9.496924,0.3333333,0,0.007843138,0,0.05882353,0,0,0.02745098,0.1686275
23,59,9.81,500,0.7,1,0.3,160,100000,1,0.1,0.05,3.3,1,1,0,400000,1,1,0.05,3.3s,1,0.0001,1000,9.496924,0.3333333,0,0.007843138,0,0.04705883,0,0,0.03137255,0.172549
23,60,9.81,500,0.7,1,0.3,160,100000,1,0.1,0.05,3.3,1,1,0,400000,1,1,0.05,3.3s,1,0.0001,1000,9.496924,0.3333333,0,0.007843138,0,0.02745098,0,0,0.03137255,0.172549
23,61,9.81,500,0.7,1,0.3,160,100000,1,0.1,0.05,3.3,1,1,0,400000,1,1,0.05,3.3s,1,0.0001,1000,9.496924,0.3333333,0,0.007843138,0,0.003921569,0,0,0.03137255,0.1764706
23,62,9.81,500,0.7,1,0.3,160,100000,1,0.1,0.05,3.3,1,1,0,400000,1,1,0.05,3.3s,1,0.0001,1000,9.496924,0.3333333,0,0.007843138,0,0,0,0,0.03137255,0.1764706
23,63,9.81,500,0.7,1,0.3,160,100000,1,0.1,0.05,3.3,1,1,0,400000,1,1,0.05,3.3s,1,0.0001,1000,9.496924,0.3333333,0,0.007843138,0,0,0,0,0.03137255,0.172549
24,0,9.81,500,0.7,1,0.3,160,100000,1,0.1,0.05,3.3,1,1,0,400000,1,1,0.05,3.3s,1,0.0001,1000,9.496924,0.3333333,0,0.007843138,0,0,0.02745098,0,0.02745098,0.172549
24,1,9.81,500,0.7,1,0.3,160,100000,1,0.1,0.05,3.3,1,1,0,400000,1,1,0.05,3.3s,1,0.0001,1000,9.496924,0.3333333,0,0.003921569,0,0,0.03137255,0,0.02352941,0.172549
24,2,9.81,500,0.7,1,0.3,160,100000,1,0.1,0.05,3.3,1,1,0,400000,1,1,0.05,3.3s,1,0.0001,1000,9.496924,0.3333333,0,0.003921569,0,0,0.03529412,0,0.01960784,0.1686275
24,3,9.81,500,0.7,1,0.3,160,100000,1,0.1,0.05,3.3,1,1,0,400000,1,1,0.05,3.3s,1,0.0001,1000,9.496924,0.3333333,0,0.003921569,0,0,0.03921569,0,0.01960784,0.1647059
24,4,9.81,500,0.7,1,0.3,160,100000,1,0.1,0.05,3.3,1,1,0,400000,1,1,0.05,3.3s,1,0.0001,1000,9.496924,0.3333333,0,0,0,0,0.03921569,0.007843138,0.01568628,0.1607843
24,5,9.81,500,0.7,1,0.3,160,100000,1,0.1,0.05,3.3,1,1,0,400000,1,1,0.05,3.3s,1,0.0001,1000,9.496924,0.3333333,0,0,0,0,0.03529412,0.03137255,0.01568628,0.1607843
24,6,9.81,500,0.7,1,0.3,160,100000,1,0.1,0.05,3.3,1,1,0,400000,1,1,0.05,3.3s,1,0.0001,1000,9.496924,0.3333333,0,0,0,0,0.03137255,0.0509804,0.01176471,0.1568628
24,7,9.81,500,0.7,1,0.3,160,100000,1,0.1,0.05,3.3,1,1,0,400000,1,1,0.05,3.3s,1,0.0001,1000,9.496924,0.3333333,0,0,0,0,0.02745098,0.07058824,0.01176471,0.1529412
24,8,9.81,500,0.7,1,0.3,160,100000,1,0.1,0.05,3.3,1,1,0,400000,1,1,0.05,3.3s,1,0.0001,1000,9.496924,0.3333333,0,0,0,0,0.02352941,0.08627451,0.007843138,0.1529412
24,9,9.81,500,0.7,1,0.3,160,100000,1,0.1,0.05,3.3,1,1,0,400000,1,1,0.05,3.3s,1,0.0001,1000,9.496924,0.3333333,0,0,0,0,0.01568628,0.09803922,0.007843138,0.1490196
24,10,9.81,500,0.7,1,0.3,160,100000,1,0.1,0.05,3.3,1,1,0,400000,1,1,0.05,3.3s,1,0.0001,1000,9.496924,0.3333333,0,0,0,0.007843138,0.01176471,0.1058824,0.003921569,0.1490196
24,11,9.81,500,0.7,1,0.3,160,100000,1,0.1,0.05,3.3,1,1,0,400000,1,1,0.05,3.3s,1,0.0001,1000,9.496924,0.3333333,0,0,0,0.0509804,0.007843138,0.1058824,0,0.1529412
24,12,9.81,500,0.7,1,0.3,160,100000,1,0.1,0.05,3.3,1,1,0,400000,1,1,0.05,3.3s,1,0.0001,1000,9.496924,0.3333333,0.003921569,0,0,0.09019608,0,0.09803922,0,0.1529412
24,13,9.81,500,0.7,1,0.3,160,100000,1,0.1,0.05,3.3,1,1,0,400000,1,1,0.05,3.3s,1,0.0001,1000,9.496924,0.3333333,0.003921569,0,0,0.1254902,0,0.08235294,0,0.1568628
24,14,9.81,500,0.7,1,0.3,160,100000,1,0.1,0.05,3.3,1,1,0,400000,1,1,0.05,3.3s,1,0.0001,1000,9.496924,0.3333333,0.003921569,0,0,0.1529412,0,0.0627451,0,0.1607843
24,15,9.81,500,0.7,1,0.3,160,100000,1,0.1,0.05,3.3,1,1,0,400000,1,1,0.05,3.3s,1,0.0001,1000,9.496924,0.3333333,0.007843138,0,0,0.172549,0,0.03529412,0,0.1647059
24,16,9.81,500,0.7,1,0.3,160,100000,1,0.1,0.05,3.3,1,1,0,400000,1,1,0.05,3.3s,1,0.0001,1000,9.496924,0.3333333,0.007843138,0.003921569,0,0.1764706,0,0.003921569,0,0.172549
24,17,9.81,500,0.7,1,0.3,160,100000,1,0.1,0.05,3.3,1,1,0,400000,1,1,0.05,3.3s,1,0.0001,1000,9.496924,0.3333333,0.007843138,0.007843138,0,0.1686275,0,0,0,0.1803922
24,18,9.81,500,0.7,1,0.3,160,100000,1,0.1,0.05,3.3,1,1,0,400000,1,1,0.05,3.3s,1,0.0001,1000,9.496924,0.3333333,0.007843138,0.007843138,0,0.1490196,0,0,0,0.1843137
24,19,9.81,500,0.7,1,0.3,160,100000,1,0.1,0.05,3.3,1,1,0,400000,1,1,0.05,3.3s,1,0.0001,1000,9.496924,0.3333333,0.003921569,0.01176471,0,0.1176471,0,0,0,0.1882353
24,20,9.81,500,0.7,1,0.3,160,100000,1,0.1,0.05,3.3,1,1,0,400000,1,1,0.05,3.3s,1,0.0001,1000,9.496924,0.3333333,0.003921569,0.01176471,0,0.08235294,0,0,0,0.1921569
24,21,9.81,500,0.7,1,0.3,160,100000,1,0.1,0.05,3.3,1,1,0,400000,1,1,0.05,3.3s,1,0.0001,1000,9.496924,0.3333333,0.003921569,0.01568628,0,0.04313726,0,0,0,0.1960784
24,22,9.81,500,0.7,1,0.3,160,100000,1,0.1,0.05,3.3,1,1,0,400000,1,1,0.05,3.3s,1,0.0001,1000,9.496924,0.3333333,0,0.01568628,0,0.003921569,0,0,0,0.1960784
24,23,9.81,500,0.7,1,0.3,160,100000,1,0.1,0.05,3.3,1,1,0,400000,1,1,0.05,3.3s,1,0.0001,1000,9.496924,0.3333333,0,0.01568628,0,0,0,0,0,0.1960784
24,24,9.81,500,0.7,1,0.3,160,100000,1,0.1,0.05,3.3,1,1,0,400000,1,1,0.05,3.3s,1,0.0001,1000,9.496924,0.3333333,0,0.01176471,0,0,0,0,0,0.1921569
24,25,9.81,500,0.7,1,0.3,160,100000,1,0.1,0.05,3.3,1,1,0,400000,1,1,0.05,3.3s,1,0.0001,1000,9.496924,0.3333333,0,0.01176471,0,0,0,0,0,0.1882353
24,26,9.81,500,0.7,1,0.3,160,100000,1,0.1,0.05,3.3,1,1,0,400000,1,1,0.05,3.3s,1,0.0001,1000,9.496924,0.3333333,0,0.01176471,0,0,0,0,0,0.1843137
24,27,9.81,500,0.7,1,0.3,160,100000,1,0.1,0.05,3.3,1,1,0,400000,1,1,0.05,3.3s,1,0.0001,1000,9.496924,0.3333333,0,0.007843138,0,0,0,0,0,0.1764706
24,28,9.81,500,0.7,1,0.3,160,100000,1,0.1,0.05,3.3,1,1,0,400000,1,1,0.05,3.3s,1,0.0001,1000,9.496924,0.3333333,0,0.003921569,0,0,0,0.01176471,0,0.172549
24,29,9.81,500,0.7,1,0.3,160,100000,1,0.1,0.05,3.3,1,1,0,400000,1,1,0.05,3.3s,1,0.0001,1000,9.496924,0.3333333,0,0.003921569,0,0,0,0.03921569,0,0.1647059
24,30,9.81,500,0.7,1,0.3,160,100000,1,0.1,0.05,3.3,1,1,0,400000,1,1,0.05,3.3s,1,0.0001,1000,9.496924,0.3333333,0,0,0,0,0,0.06666667,0,0.1607843
24,31,9.81,500,0.7,1,0.3,160,100000,1,0.1,0.05,3.3,1,1,0,400000,1,1,0.05,3.3s,1,0.0001,1000,9.496924,0.3333333,0,0,0,0,0,0.08627451,0,0.1568628
24,32,9.81,500,0.7,1,0.3,160,100000,1,0.1,0.05,3.3,1,1,0,400000,1,1,0.05,3.3s,1,0.0001,1000,9.496924,0.3333333,0,0,0,0,0.003921569,0.09803922,0,0.1529412
24,33,9.81,500,0.7,1,0.3,160,100000,1,0.1,0.05,3.3,1,1,0,400000,1,1,0.05,3.3s,1,0.0001,1000,9.496924,0.3333333,0,0,0,0.01568628,0.02352941,0.09803922,0,0.1529412
24,34,9.81,500,0.7,1,0.3,160,100000,1,0.1,0.05,3.3,1,1,0,400000,1,1,0.05,3.3s,1,0.0001,1000,9.496924,0.3333333,0.003921569,0,0,0.06666667,0.04313726,0.08627451,0,0.1529412
24,35,9.81,500,0.7,1,0.3,160,100000,1,0.1,0.05,3.3,1,1,0,400000,1,1,0.05,3.3s,1,0.0001,1000,9.496924,0.3333333,0.003921569,0,0,0.1098039,0.0627451,0.0627451,0,0.1568628
24,36,9.81,500,0.7,1,0.3,160,100000,1,0.1,0.05,3.3,1,1,0,400000,1,1,0.05,3.3s,1,0.0001,1000,9.496924,0.3333333,0.003921569,0.003921569,0,0.1372549,0.07450981,0.03137255,0,0.1607843
24,37,9.81,500,0.7,1,0.3,160,100000,1,0.1,0.05,3.3,1,1,0,400000,1,1,0.05,3.3s,1,0.0001,1000,9.496924,0.3333333,0.003921569,0.003921569,0.003921569,0.1490196,0.08235294,0,0,0.1686275
24,38,9.81,500,0.7,1,0.3,160,100000,1,0.1,0.05,3.3,1,1,0,400000,1,1,0.05,3.3s,1,0.0001,1000,9.496924,0.3333333,0.003921569,0.007843138,0.003921569,0.1372549,0.08627451,0,0,0.1764706
24,39,9.81,500,0.7,1,0.3,160,100000,1,0.1,0.05,3.3,1,1,0,400000,1,1,0.05,3.3s,1,0.0001,1000,9.496924,0.3333333,0.003921569,0.007843138,0.003921569,0.1058824,0.08235294,0,0,0.1843137
24,40,9.81,500,0.7,1,0.3,160,100000,1,0.1,0.05,3.3,1,1,0,400000,1,1,0.05,3.3s,1,0.0001,1000,9.496924,0.3333333,0.003921569,0.01176471,0.003921569,0.05882353,0.07450981,0,0,0.1882353
24,41,9.81,500,0.7,1,0.3,160,100000,1,0.1,0.05,3.3,1,1,0,400000,1,1,0.05,3.3s,1,0.0001,1000,9.496924,0.3333333,0,0.01176471,0.003921569,0.003921569,0.06666667,0,0,0.1882353
24,42,9.81,500,0.7,1,0.3,160,100000,1,0.1,0.05,3.3,1,1,0,400000,1,1,0.05,3.3s,1,0.0001,1000,9.496924,0.3333333,0,0.01176471,0,0,0.05490196,0,0,0.1882353
24,43,9.81,500,0.7,1,0.3,160,100000,1,0.1,0.05,3.3,1,1,0,400000,1,1,0.05,3.3s,1,0.0001,1000,9.496924,0.3333333,0,0.007843138,0,0,0.04313726,0,0,0.1843137
24,44,9.81,500,0.7,1,0.3,160,100000,1,0.1,0.05,3.3,1,1,0,400000,1,1,0.05,3.3s,1,0.0001,1000,9.496924,0.3333333,0,0.007843138,0,0,0.03137255,0,0,0.1803922
24,45,9.81,500,0.7,1,0.3,160,100000,1,0.1,0.05,3.3,1,1,0,400000,1,1,0.05,3.3s,1,0.0001,1000,9.496924,0.3333333,0,0.003921569,0,0,0.01960784,0,0,0.172549
24,46,9.81,500,0.7,1,0.3,160,100000,1,0.1,0.05,3.3,1,1,0,400000,1,1,0.05,3.3s,1,0.0001,1000,9.496924,0.3333333,0,0.003921569,0,0,0.01176471,0.02352941,0,0.1647059
24,47,9.81,500,0.7,1,0.3,160,100000,1,0.1,0.05,3.3,1,1,0,400000,1,1,0.05,3.3s,1,0.0001,1000,9.496924,0.3333333,0,0,0,0,0,0.0509804,0,0.1607843
24,48,9.81,500,0.7,1,0.3,160,100000,1,0.1,0.05,3.3,1,1,0,400000,1,1,0.05,3.3s,1,0.0001,1000,9.496924,0.3333333,0,0,0,0,0,0.06666667,0,0.1568628
24,49,9.81,500,0.7,1,0.3,160,100000,1,0.1,0.05,3.3,1,1,0,400000,1,1,0.05,3.3s,1,0.0001,1000,9.496924,0.3333333,0,0,0,0,0,0.07450981,0,0.1568628
24,50,9.81,500,0.7,1,0.3,160,100000,1,0.1,0.05,3.3,1,1,0,400000,1,1,0.05,3.3s,1,0.0001,1000,9.496924,0.3333333,0,0,0,0,0,0.07450981,0,0.1568628
24,51,9.81,500,0.7,1,0.3,160,100000,1,0.1,0.05,3.3,1,1,0,400000,1,1,0.05,3.3s,1,0.0001,1000,9.496924,0.3333333,0,0,0,0.03137255,0,0.0627451,0.003921569,0.1568628
24,52,9.81,500,0.7,1,0.3,160,100000,1,0.1,0.05,3.3,1,1,0,400000,1,1,0.05,3.3s,1,0.0001,1000,9.496924,0.3333333,0.003921569,0,0,0.05490196,0,0.04705883,0.007843138,0.1568628
24,53,9.81,500,0.7,1,0.3,160,100000,1,0.1,0.05,3.3,1,1,0,400000,1,1,0.05,3.3s,1,0.0001,1000,9.496924,0.3333333,0.003921569,0,0,0.07058824,0,0.03137255,0.01176471,0.1607843
24,54,9.81,500,0.7,1,0.3,160,100000,1,0.1,0.05,3.3,1,1,0,400000,1,1,0.05,3.3s,1,0.0001,1000,9.496924,0.3333333,0.003921569,0.003921569,0,0.07843138,0,0.01176471,0.01568628,0.1607843
24,55,9.81,500,0.7,1,0.3,160,100000,1,0.1,0.05,3.3,1,1,0,400000,1,1,0.05,3.3s,1,0.0001,1000,9.496924,0.3333333,0.003921569,0.003921569,0,0.07843138,0,0,0.01960784,0.1647059
24,56,9.81,500,0.7,1,0.3,160,100000,1,0.1,0.05,3.3,1,1,0,400000,1,1,0.05,3.3s,1,0.0001,1000,9.496924,0.3333333,0.003921569,0.003921569,0,0.07450981,0,0,0.01960784,0.1647059
24,57,9.81,500,0.7,1,0.3,160,100000,1,0.1,0.05,3.3,1,1,0,400000,1,1,0.05,3.3s,1,0.0001,1000,9.496924,0.3333333,0.003921569,0.003921569,0,0.07058824,0,0,0.02352941,0.1686275
24,58,9.81,500,0.7,1,0.3,160,100000,1,0.1,0.05,3.3,1,1,0,400000,1,1,0.05,3.3s,1,0.0001,1000,9.496924,0.3333333,0.003921569,0.007843138,0,0.0627451,0,0,0.02745098,0.1686275
24,59,9.81,500,0.7,1,0.3,160,100000,1,0.1,0.05,3.3,1,1,0,400000,1,1,0.05,3.3s,1,0.0001,1000,9.496924,0.3333333,0,0.007843138,0,0.0509804,0,0,0.02745098,0.172549
24,60,9.81,500,0.7,1,0.3,160,100000,1,0.1,0.05,3.3,1,1,0,400000,1,1,0.05,3.3s,1,0.0001,1000,9.496924,0.3333333,0,0.007843138,0,0.03137255,0.003921569,0,0.02745098,0.172549
24,61,9.81,500,0.7,1,0.3,160,100000,1,0.1,0.05,3.3,1,1,0,400000,1,1,0.05,3.3s,1,0.0001,1000,9.496924,0.3333333,0,0.007843138,0,0.007843138,0.01176471,0,0.03137255,0.1764706
24,62,9.81,500,0.7,1,0.3,160,100000,1,0.1,0.05,3.3,1,1,0,400000,1,1,0.05,3.3s,1,0.0001,1000,9.496924,0.3333333,0,0.007843138,0,0,0.01568628,0,0.02745098,0.1764706
24,63,9.81,500,0.7,1,0.3,160,100000,1,0.1,0.05,3.3,1,1,0,400000,1,1,0.05,3.3s,1,0.0001,1000,9.496924,0.3333333,0,0.007843138,0,0,0.01960784,0,0.02745098,0.1764706
25,0,9.81,500,0.7,1,0.3,160,100000,1,0.1,0.05,3.3,1,1,0,400000,1,1,0.05,3.3s,1,0.0001,1000,9.496924,0.3333333,0,0.007843138,0,0,0.04313726,0,0.01568628,0.1764706
25,1,9.81,500,0.7,1,0.3,160,100000,1,0.1,0.05,3.3,1,1,0,400000,1,1,0.05,3.3s,1,0.0001,1000,9.496924,0.3333333,0,0.007843138,0,0,0.04705883,0,0.01568628,0.172549
25,2,9.81,500,0.7,1,0.3,160,100000,1,0.1,0.05,3.3,1,1,0,400000,1,1,0.05,3.3s,1,0.0001,1000,9.496924,0.3333333,0,0.003921569,0,0,0.0509804,0,0.01176471,0.1686275
25,3,9.81,500,0.7,1,0.3,160,100000,1,0.1,0.05,3.3,1,1,0,400000,1,1,0.05,3.3s,1,0.0001,1000,9.496924,0.3333333,0,0.003921569,0,0,0.0509804,0,0.01176471,0.1686275
25,4,9.81,500,0.7,1,0.3,160,100000,1,0.1,0.05,3.3,1,1,0,400000,1,1,0.05,3.3s,1,0.0001,1000,9.496924,0.3333333,0,0,0,0,0.0509804,0.003921569,0.01176471,0.1647059
25,5,9.81,500,0.7,1,0.3,160,100000,1,0.1,0.05,3.3,1,1,0,400000,1,1,0.05,3.3s,1,0.0001,1000,9.496924,0.3333333,0,0,0,0,0.04705883,0.02745098,0.01176471,0.1607843
25,6,9.81,500,0.7,1,0.3,160,100000,1,0.1,0.05,3.3,1,1,0,400000,1,1,0.05,3.3s,1,0.0001,1000,9.496924,0.3333333,0,0,0,0,0.04313726,0.04705883,0.01176471,0.1568628
25,7,9.81,500,0.7,1,0.3,160,100000,1,0.1,0.05,3.3,1,1,0,400000,1,1,0.05,3.3s,1,0.0001,1000,9.496924,0.3333333,0,0,0,0,0.03921569,0.06666667,0.01176471,0.1529412
25,8,9.81,500,0.7,1,0.3,160,100000,1,0.1,0.05,3.3,1,1,0,400000,1,1,0.05,3.3s,1,0.0001,1000,9.496924,0.3333333,0,0,0,0,0.03529412,0.08235294,0.01176471,0.1529412
25,9,9.81,500,0.7,1,0.3,160,100000,1,0.1,0.05,3.3,1,1,0,400000,1,1,0.05,3.3s,1,0.0001,1000,9.496924,0.3333333,0,0,0,0,0.02745098,0.09411766,0.007843138,0.1490196
25,10,9.81,500,0.7,1,0.3,160,100000,1,0.1,0.05,3.3,1,1,0,400000,1,1,0.05,3.3s,1,0.0001,1000,9.496924,0.3333333,0,0,0,0.003921569,0.02352941,0.1019608,0.007843138,0.1490196
25,11,9.81,500,0.7,1,0.3,160,100000,1,0.1,0.05,3.3,1,1,0,400000,1,1,0.05,3.3s,1,0.0001,1000,9.496924,0.3333333,0,0,0,0.04313726,0.01568628,0.1019608,0.003921569,0.1529412
25,12,9.81,500,0.7,1,0.3,160,100000,1,0.1,0.05,3.3,1,1,0,400000,1,1,0.05,3.3s,1,0.0001,1000,9.496924,0.3333333,0.003921569,0,0,0.08235294,0.007843138,0.09411766,0,0.1529412
25,13,9.81,500,0.7,1,0.3,160,100000,1,0.1,0.05,3.3,1,1,0,400000,1,1,0.05,3.3s,1,0.0001,1000,9.496924,0.3333333,0.003921569,0,0,0.1176471,0,0.07843138,0,0.1568628
25,14,9.81,500,0.7,1,0.3,160,100000,1,0.1,0.05,3.3,1,1,0,400000,1,1,0.05,3.3s,1,0.0001,1000,9.496924,0.3333333,0.003921569,0,0,0.1411765,0,0.05882353,0,0.1607843
25,15,9.81,500,0.7,1,0.3,160,100000,1,0.1,0.05,3.3,1,1,0,400000,1,1,0.05,3.3s,1,0.0001,1000,9.496924,0.3333333,0.003921569,0,0,0.1568628,0,0.03137255,0,0.1647059
25,16,9.81,500,0.7,1,0.3,160,100000,1,0.1,0.05,3.3,1,1,0,400000,1,1,0.05,3.3s,1,0.0001,1000,9.496924,0.3333333,0.007843138,0.003921569,0,0.1607843,0,0.003921569,0,0.172549
25,17,9.81,500,0.7,1,0.3,160,100000,1,0.1,0.05,3.3,1,1,0,400000,1,1,0.05,3.3s,1,0.0001,1000,9.496924,0.3333333,0.003921569,0.007843138,0,0.1490196,0,0,0,0.1764706
25,18,9.81,500,0.7,1,0.3,160,100000,1,0.1,0.05,3.3,1,1,0,400000,1,1,0.05,3.3s,1,0.0001,1000,9.496924,0.3333333,0.003921569,0.007843138,0,0.1294118,0,0,0,0.1843137
25,19,9.81,500,0.7,1,0.3,160,100000,1,0.1,0.05,3.3,1,1,0,400000,1,1,0.05,3.3s,1,0.0001,1000,9.496924,0.3333333,0.003921569,0.01176471,0,0.1019608,0,0,0,0.1882353
25,20,9.81,500,0.7,1,0.3,160,100000,1,0.1,0.05,3.3,1,1,0,400000,1,1,0.05,3.3s,1,0.0001,1000,9.496924,0.3333333,0.003921569,0.01176471,0,0.06666667,0,0,0,0.1882353
25,21,9.81,500,0.7,1,0.3,160,100000,1,0.1,0.05,3.3,1,1,0,400000,1,1,0.05,3.3s,1,0.0001,1000,9.496924,0.3333333,0.003921569,0.01176471,0,0.03529412,0,0,0,0.1921569
25,22,9.81,500,0.7,1,0.3,160,100000,1,0.1,0.05,3.3,1,1,0,400000,1,1,0.05,3.3s,1,0.0001,1000,9.496924,0.3333333,0,0.01176471,0,0,0,0,0,0.1921569
25,23,9.81,500,0.7,1,0.3,160,100000,1,0.1,0.05,3.3,1,1,0,400000,1,1,0.05,3.3s,1,0.0001,1000,9.496924,0.3333333,0,0.01176471,0,0,0,0,0,0.1882353
25,24,9.81,500,0.7,1,0.3,160,100000,1,0.1,0.05,3.3,1,1,0,400000,1,1,0.05,3.3s,1,0.0001,1000,9.496924,0.3333333,0,0.01176471,0,0,0,0,0,0.1882353
25,25,9.81,500,0.7,1,0.3,160,100000,1,0.1,0.05,3.3,1,1,0,400000,1,1,0.05,3.3s,1,0.0001,1000,9.496924,0.3333333,0,0.01176471,0,0,0,0,0,0.1843137
25,26,9.81,500,0.7,1,0.3,160,100000,1,0.1,0.05,3.3,1,1,0,400000,1,1,0.05,3.3s,1,0.0001,1000,9.496924,0.3333333,0,0.007843138,0,0,0,0,0,0.1803922
25,27,9.81,500,0.7,1,0.3,160,100000,1,0.1,0.05,3.3,1,1,0,400000,1,1,0.05,3.3s,1,0.0001,1000,9.496924,0.3333333,0,0.007843138,0,0,0,0,0,0.1764706
25,28,9.81,500,0.7,1,0.3,160,100000,1,0.1,0.05,3.3,1,1,0,400000,1,1,0.05,3.3s,1,0.0001,1000,9.496924,0.3333333,0,0.003921569,0,0,0,0.01568628,0,0.1686275
25,29,9.81,500,0.7,1,0.3,160,100000,1,0.1,0.05,3.3,1,1,0,400000,1,1,0.05,3.3s,1,0.0001,1000,9.496924,0.3333333,0,0.003921569,0,0,0,0.04313726,0,0.1647059
25,30,9.81,500,0.7,1,0.3,160,100000,1,0.1,0.05,3.3,1,1,0,400000,1,1,0.05,3.3s,1,0.0001,1000,9.496924,0.3333333,0,0,0,0,0,0.06666667,0,0.1607843
25,31,9.81,500,0.7,1,0.3,160,100000,1,0.1,0.05,3.3,1,1,0,400000,1,1,0.05,3.3s,1,0.0001,1000,9.496924,0.3333333,0,0,0,0,0,0.08627451,0,0.1568628
25,32,9.81,500,0.7,1,0.3,160,100000,1,0.1,0.05,3.3,1,1,0,400000,1,1,0.05,3.3s,1,0.0001,1000,9.496924,0.3333333,0,0,0,0,0.003921569,0.09411766,0,0.1529412
25,33,9.81,500,0.7,1,0.3,160,100000,1,0.1,0.05,3.3,1,1,0,400000,1,1,0.05,3.3s,1,0.0001,1000,9.496924,0.3333333,0.003921569,0,0,0.03921569,0.02745098,0.09019608,0,0.1529412
25,34,9.81,500,0.7,1,0.3,160,100000,1,0.1,0.05,3.3,1,1,0,400000,1,1,0.05,3.3s,1,0.0001,1000,9.496924,0.3333333,0.003921569,0,0,0.08627451,0.0509804,0.07843138,0,0.1568628
25,35,9.81,500,0.7,1,0.3,160,100000,1,0.1,0.05,3.3,1,1,0,400000,1,1,0.05,3.3s,1,0.0001,1000,9.496924,0.3333333,0.003921569,0,0,0.1254902,0.06666667,0.0509804,0,0.1607843
25,36,9.81,500,0.7,1,0.3,160,100000,1,0.1,0.05,3.3,1,1,0,400000,1,1,0.05,3.3s,1,0.0001,1000,9.496924,0.3333333,0.003921569,0.003921569,0,0.1490196,0.07843138,0.01568628,0,0.1647059
25,37,9.81,500,0.7,1,0.3,160,100000,1,0.1,0.05,3.3,1,1,0,400000,1,1,0.05,3.3s,1,0.0001,1000,9.496924,0.3333333,0.003921569,0.007843138,0.003921569,0.1490196,0.08627451,0,0,0.172549
25,38,9.81,500,0.7,1,0.3,160,100000,1,0.1,0.05,3.3,1,1,0,400000,1,1,0.05,3.3s,1,0.0001,1000,9.496924,0.3333333,0.003921569,0.007843138,0.003921569,0.1333333,0.08627451,0,0,0.1803922
25,39,9.81,500,0.7,1,0.3,160,100000,1,0.1,0.05,3.3,1,1,0,400000,1,1,0.05,3.3s,1,0.0001,1000,9.496924,0.3333333,0.003921569,0.01176471,0.003921569,0.09803922,0.07843138,0,0,0.1843137
25,40,9.81,500,0.7,1,0.3,160,100000,1,0.1,0.05,3.3,1,1,0,400000,1,1,0.05,3.3s,1,0.0001,1000,9.496924,0.3333333,0,0.01176471,0,0.0509804,0.06666667,0,0,0.1921569
25,41,9.81,500,0.7,1,0.3,160,100000,1,0.1,0.05,3.3,1,1,0,400000,1,1,0.05,3.3s,1,0.0001,1000,9.496924,0.3333333,0,0.01176471,0,0,0.05490196,0,0,0.1921569
25,42,9.81,500,0.7,1,0.3,160,100000,1,0.1,0.05,3.3,1,1,0,400000,1,1,0.05,3.3s,1,0.0001,1000,9.496924,0.3333333,0,0.01176471,0,0,0.04313726,0,0,0.1921569
25,43,9.81,500,0.7,1,0.3,160,100000,1,0.1,0.05,3.3,1,1,0,400000,1,1,0.05,3.3s,1,0.0001,1000,9.496924,0.3333333,0,0.01176471,0,0,0.02745098,0,0,0.1843137
25,44,9.81,500,0.7,1,0.3,160,100000,1,0.1,0.05,3.3,1,1,0,400000,1,1,0.05,3.3s,1,0.0001,1000,9.496924,0.3333333,0,0.007843138,0,0,0.01960784,0,0,0.1803922
25,45,9.81,500,0.7,1,0.3,160,100000,1,0.1,0.05,3.3,1,1,0,400000,1,1,0.05,3.3s,1,0.0001,1000,9.496924,0.3333333,0,0.007843138,0,0,0.007843138,0,0,0.172549
25,46,9.81,500,0.7,1,0.3,160,100000,1,0.1,0.05,3.3,1,1,0,400000,1,1,0.05,3.3s,1,0.0001,1000,9.496924,0.3333333,0,0.003921569,0,0,0,0.02352941,0,0.1686275
25,47,9.81,500,0.7,1,0.3,160,100000,1,0.1,0.05,3.3,1,1,0,400000,1,1,0.05,3.3s,1,0.0001,1000,9.496924,0.3333333,0,0,0,0,0,0.0509804,0,0.1607843
25,48,9.81,500,0.7,1,0.3,160,100000,1,0.1,0.05,3.3,1,1,0,400000,1,1,0.05,3.3s,1,0.0001,1000,9.496924,0.3333333,0,0,0,0,0,0.07058824,0,0.1568628
25,49,9.81,500,0.7,1,0.3,160,100000,1,0.1,0.05,3.3,1,1,0,400000,1,1,0.05,3.3s,1,0.0001,1000,9.496924,0.3333333,0,0,0,0,0,0.07843138,0,0.1568628
25,50,9.81,500,0.7,1,0.3,160,100000,1,0.1,0.05,3.3,1,1,0,400000,1,1,0.05,3.3s,1,0.0001,1000,9.496924,0.3333333,0,0,0,0,0,0.07843138,0,0.1529412
25,51,9.81,500,0.7,1,0.3,160,100000,1,0.1,0.05,3.3,1,1,0,400000,1,1,0.05,3.3s,1,0.0001,1000,9.496924,0.3333333,0,0,0,0.02745098,0,0.07058824,0.003921569,0.1568628
25,52,9.81,500,0.7,1,0.3,160,100000,1,0.1,0.05,3.3,1,1,0,400000,1,1,0.05,3.3s,1,0.0001,1000,9.496924,0.3333333,0.003921569,0,0,0.05882353,0,0.05490196,0.007843138,0.1568628
25,53,9.81,500,0.7,1,0.3,160,100000,1,0.1,0.05,3.3,1,1,0,400000,1,1,0.05,3.3s,1,0.0001,1000,9.496924,0.3333333,0.003921569,0,0,0.07450981,0,0.03529412,0.01176471,0.1607843
25,54,9.81,500,0.7,1,0.3,160,100000,1,0.1,0.05,3.3,1,1,0,400000,1,1,0.05,3.3s,1,0.0001,1000,9.496924,0.3333333,0.003921569,0,0,0.08627451,0,0.01568628,0.01568628,0.1607843
25,55,9.81,500,0.7,1,0.3,160,100000,1,0.1,0.05,3.3,1,1,0,400000,1,1,0.05,3.3s,1,0.0001,1000,9.496924,0.3333333,0.003921569,0.003921569,0,0.08627451,0,0,0.01568628,0.1647059
25,56,9.81,500,0.7,1,0.3,160,100000,1,0.1,0.05,3.3,1,1,0,400000,1,1,0.05,3.3s,1,0.0001,1000,9.496924,0.3333333,0.003921569,0.003921569,0,0.08235294,0,0,0.01960784,0.1647059
25,57,9.81,500,0.7,1,0.3,160,100000,1,0.1,0.05,3.3,1,1,0,400000,1,1,0.05,3.3s,1,0.0001,1000,9.496924,0.3333333,0.003921569,0.003921569,0,0.07843138,0.003921569,0,0.01960784,0.1686275
25,58,9.81,500,0.7,1,0.3,160,100000,1,0.1,0.05,3.3,1,1,0,400000,1,1,0.05,3.3s,1,0.0001,1000,9.496924,0.3333333,0.003921569,0.007843138,0,0.06666667,0.01176471,0,0.01960784,0.172549
25,59,9.81,500,0.7,1,0.3,160,100000,1,0.1,0.05,3.3,1,1,0,400000,1,1,0.05,3.3s,1,0.0001,1000,9.496924,0.3333333,0,0.007843138,0,0.05490196,0.01960784,0,0.01960784,0.172549
25,60,9.81,500,0.7,1,0.3,160,100000,1,0.1,0.05,3.3,1,1,0,400000,1,1,0.05,3.3s,1,0.0001,1000,9.496924,0.3333333,0,0.007843138,0,0.03529412,0.02352941,0,0.01960784,0.1764706
25,61,9.81,500,0.7,1,0.3,160,100000,1,0.1,0.05,3.3,1,1,0,400000,1,1,0.05,3.3s,1,0.0001,1000,9.496924,0.3333333,0,0.007843138,0,0.01568628,0.02745098,0,0.01960784,0.1764706
25,62,9.81,500,0.7,1,0.3,160,100000,1,0.1,0.05,3.3,1,1,0,400000,1,1,0.05,3.3s,1,0.0001,1000,9.496924,0.3333333,0,0.007843138,0,0,0.03529412,0,0.01960784,0.1764706
25,63,9.81,500,0.7,1,0.3,160,100000,1,0.1,0.05,3.3,1,1,0,400000,1,1,0.05,3.3s,1,0.0001,1000,9.496924,0.3333333,0,0.007843138,0,0,0.03921569,0,0.01960784,0.1764706
26,0,9.81,500,0.7,1,0.3,160,100000,1,0.1,0.05,3.3,1,1,0,400000,1,1,0.05,3.3s,1,0.0001,1000,9.496924,0.3333333,0,0.007843138,0,0,0.05490196,0,0.003921569,0.1764706
26,1,9.81,500,0.7,1,0.3,160,100000,1,0.1,0.05,3.3,1,1,0,400000,1,1,0.05,3.3s,1,0.0001,1000,9.496924,0.3333333,0,0.007843138,0,0,0.05490196,0,0.003921569,0.1764706
26,2,9.81,500,0.7,1,0.3,160,100000,1,0.1,0.05,3.3,1,1,0,400000,1,1,0.05,3.3s,1,0.0001,1000,9.496924,0.3333333,0,0.003921569,0,0,0.05882353,0,0.003921569,0.172549
26,3,9.81,500,0.7,1,0.3,160,100000,1,0.1,0.05,3.3,1,1,0,400000,1,1,0.05,3.3s,1,0.0001,1000,9.496924,0.3333333,0,0.003921569,0,0,0.05882353,0,0.003921569,0.1686275
26,4,9.81,500,0.7,1,0.3,160,100000,1,0.1,0.05,3.3,1,1,0,400000,1,1,0.05,3.3s,1,0.0001,1000,9.496924,0.3333333,0,0.003921569,0,0,0.05882353,0,0.003921569,0.1647059
26,5,9.81,500,0.7,1,0.3,160,100000,1,0.1,0.05,3.3,1,1,0,400000,1,1,0.05,3.3s,1,0.0001,1000,9.496924,0.3333333,0,0,0,0,0.05882353,0.01960784,0.007843138,0.1607843
26,6,9.81,500,0.7,1,0.3,160,100000,1,0.1,0.05,3.3,1,1,0,400000,1,1,0.05,3.3s,1,0.0001,1000,9.496924,0.3333333,0,0,0,0,0.05490196,0.04313726,0.007843138,0.1568628
26,7,9.81,500,0.7,1,0.3,160,100000,1,0.1,0.05,3.3,1,1,0,400000,1,1,0.05,3.3s,1,0.0001,1000,9.496924,0.3333333,0,0,0,0,0.0509804,0.05882353,0.007843138,0.1568628
26,8,9.81,500,0.7,1,0.3,160,100000,1,0.1,0.05,3.3,1,1,0,400000,1,1,0.05,3.3s,1,0.0001,1000,9.496924,0.3333333,0,0,0,0,0.04705883,0.07843138,0.01176471,0.1529412
26,9,9.81,500,0.7,1,0.3,160,100000,1,0.1,0.05,3.3,1,1,0,400000,1,1,0.05,3.3s,1,0.0001,1000,9.496924,0.3333333,0,0,0,0,0.04313726,0.09019608,0.01176471,0.1529412
26,10,9.81,500,0.7,1,0.3,160,100000,1,0.1,0.05,3.3,1,1,0,400000,1,1,0.05,3.3s,1,0.0001,1000,9.496924,0.3333333,0,0,0,0,0.03529412,0.09411766,0.007843138,0.1529412
26,11,9.81,500,0.7,1,0.3,160,100000,1,0.1,0.05,3.3,1,1,0,400000,1,1,0.05,3.3s,1,0.0001,1000,9.496924,0.3333333,0,0,0,0.03529412,0.02745098,0.09411766,0.003921569,0.1529412
26,12,9.81,500,0.7,1,0.3,160,100000,1,0.1,0.05,3.3,1,1,0,400000,1,1,0.05,3.3s,1,0.0001,1000,9.496924,0.3333333,0.003921569,0,0,0.07058824,0.01960784,0.08627451,0,0.1529412
26,13,9.81,500,0.7,1,0.3,160,100000,1,0.1,0.05,3.3,1,1,0,400000,1,1,0.05,3.3s,1,0.0001,1000,9.496924,0.3333333,0.003921569,0,0,0.1058824,0.003921569,0.07058824,0,0.1568628
26,14,9.81,500,0.7,1,0.3,160,100000,1,0.1,0.05,3.3,1,1,0,400000,1,1,0.05,3.3s,1,0.0001,1000,9.496924,0.3333333,0.003921569,0,0,0.1254902,0,0.0509804,0,0.1607843
26,15,9.81,500,0.7,1,0.3,160,100000,1,0.1,0.05,3.3,1,1,0,400000,1,1,0.05,3.3s,1,0.0001,1000,9.496924,0.3333333,0.003921569,0,0,0.1372549,0,0.02745098,0,0.1647059
26,16,9.81,500,0.7,1,0.3,160,100000,1,0.1,0.05,3.3,1,1,0,400000,1,1,0.05,3.3s,1,0.0001,1000,9.496924,0.3333333,0.003921569,0.003921569,0,0.1411765,0,0.003921569,0,0.172549
26,17,9.81,500,0.7,1,0.3,160,100000,1,0.1,0.05,3.3,1,1,0,400000,1,1,0.05,3.3s,1,0.0001,1000,9.496924,0.3333333,0.003921569,0.003921569,0,0.1294118,0,0,0,0.1764706
26,18,9.81,500,0.7,1,0.3,160,100000,1,0.1,0.05,3.3,1,1,0,400000,1,1,0.05,3.3s,1,0.0001,1000,9.496924,0.3333333,0.003921569,0.007843138,0,0.1098039,0,0,0,0.1803922
26,19,9.81,500,0.7,1,0.3,160,100000,1,0.1,0.05,3.3,1,1,0,400000,1,1,0.05,3.3s,1,0.0001,1000,9.496924,0.3333333,0.003921569,0.007843138,0,0.08235294,0,0,0,0.1843137
26,20,9.81,500,0.7,1,0.3,160,100000,1,0.1,0.05,3.3,1,1,0,400000,1,1,0.05,3.3s,1,0.0001,1000,9.496924,0.3333333,0.003921569,0.007843138,0,0.05490196,0,0,0,0.1843137
26,21,9.81,500,0.7,1,0.3,160,100000,1,0.1,0.05,3.3,1,1,0,400000,1,1,0.05,3.3s,1,0.0001,1000,9.496924,0.3333333,0,0.01176471,0,0.02352941,0,0,0,0.1882353
26,22,9.81,500,0.7,1,0.3,160,100000,1,0.1,0.05,3.3,1,1,0,400000,1,1,0.05,3.3s,1,0.0001,1000,9.496924,0.3333333,0,0.01176471,0,0,0,0,0,0.1843137
26,23,9.81,500,0.7,1,0.3,160,100000,1,0.1,0.05,3.3,1,1,0,400000,1,1,0.05,3.3s,1,0.0001,1000,9.496924,0.3333333,0,0.007843138,0,0,0,0,0,0.1843137
26,24,9.81,500,0.7,1,0.3,160,100000,1,0.1,0.05,3.3,1,1,0,400000,1,1,0.05,3.3s,1,0.0001,1000,9.496924,0.3333333,0,0.007843138,0,0,0,0,0,0.1843137
26,25,9.81,500,0.7,1,0.3,160,100000,1,0.1,0.05,3.3,1,1,0,400000,1,1,0.05,3.3s,1,0.0001,1000,9.496924,0.3333333,0,0.007843138,0,0,0,0,0,0.1803922
26,26,9.81,500,0.7,1,0.3,160,100000,1,0.1,0.05,3.3,1,1,0,400000,1,1,0.05,3.3s,1,0.0001,1000,9.496924,0.3333333,0,0.007843138,0,0,0,0,0,0.1764706
26,27,9.81,500,0.7,1,0.3,160,100000,1,0.1,0.05,3.3,1,1,0,400000,1,1,0.05,3.3s,1,0.0001,1000,9.496924,0.3333333,0,0.003921569,0,0,0,0,0,0.172549
26,28,9.81,500,0.7,1,0.3,160,100000,1,0.1,0.05,3.3,1,1,0,400000,1,1,0.05,3.3s,1,0.0001,1000,9.496924,0.3333333,0,0.003921569,0,0,0,0.01960784,0,0.1686275
26,29,9.81,500,0.7,1,0.3,160,100000,1,0.1,0.05,3.3,1,1,0,400000,1,1,0.05,3.3s,1,0.0001,1000,9.496924,0.3333333,0,0,0,0,0,0.04705883,0,0.1647059
26,30,9.81,500,0.7,1,0.3,160,100000,1,0.1,0.05,3.3,1,1,0,400000,1,1,0.05,3.3s,1,0.0001,1000,9.496924,0.3333333,0,0,0,0,0,0.07058824,0,0.1607843
26,31,9.81,500,0.7,1,0.3,160,100000,1,0.1,0.05,3.3,1,1,0,400000,1,1,0.05,3.3s,1,0.0001,1000,9.496924,0.3333333,0,0,0,0,0,0.08627451,0,0.1568628
26,32,9.81,500,0.7,1,0.3,160,100000,1,0.1,0.05,3.3,1,1,0,400000,1,1,0.05,3.3s,1,0.0001,1000,9.496924,0.3333333,0,0,0,0.01176471,0.003921569,0.09019608,0,0.1568628
26,33,9.81,500,0.7,1,0.3,160,100000,1,0.1,0.05,3.3,1,1,0,400000,1,1,0.05,3.3s,1,0.0001,1000,9.496924,0.3333333,0.003921569,0,0,0.0627451,0.03137255,0.08627451,0,0.1568628
26,34,9.81,500,0.7,1,0.3,160,100000,1,0.1,0.05,3.3,1,1,0,400000,1,1,0.05,3.3s,1,0.0001,1000,9.496924,0.3333333,0.003921569,0,0,0.1058824,0.0509804,0.06666667,0,0.1568628
26,35,9.81,500,0.7,1,0.3,160,100000,1,0.1,0.05,3.3,1,1,0,400000,1,1,0.05,3.3s,1,0.0001,1000,9.496924,0.3333333,0.003921569,0.003921569,0,0.1411765,0.07058824,0.03921569,0,0.1647059
26,36,9.81,500,0.7,1,0.3,160,100000,1,0.1,0.05,3.3,1,1,0,400000,1,1,0.05,3.3s,1,0.0001,1000,9.496924,0.3333333,0.003921569,0.003921569,0,0.1568628,0.07843138,0.003921569,0,0.1686275
26,37,9.81,500,0.7,1,0.3,160,100000,1,0.1,0.05,3.3,1,1,0,400000,1,1,0.05,3.3s,1,0.0001,1000,9.496924,0.3333333,0.003921569,0.007843138,0,0.1529412,0.08235294,0,0,0.1764706
26,38,9.81,500,0.7,1,0.3,160,100000,1,0.1,0.05,3.3,1,1,0,400000,1,1,0.05,3.3s,1,0.0001,1000,9.496924,0.3333333,0.003921569,0.01176471,0,0.1294118,0.07843138,0,0,0.1843137
26,39,9.81,500,0.7,1,0.3,160,100000,1,0.1,0.05,3.3,1,1,0,400000,1,1,0.05,3.3s,1,0.0001,1000,9.496924,0.3333333,0.003921569,0.01176471,0,0.08627451,0.07058824,0,0,0.1882353
26,40,9.81,500,0.7,1,0.3,160,100000,1,0.1,0.05,3.3,1,1,0,400000,1,1,0.05,3.3s,1,0.0001,1000,9.496924,0.3333333,0,0.01176471,0,0.03529412,0.05490196,0,0,0.1921569
26,41,9.81,500,0.7,1,0.3,160,100000,1,0.1,0.05,3.3,1,1,0,400000,1,1,0.05,3.3s,1,0.0001,1000,9.496924,0.3333333,0,0.01176471,0,0,0.03921569,0,0,0.1921569
26,42,9.81,500,0.7,1,0.3,160,100000,1,0.1,0.05,3.3,1,1,0,400000,1,1,0.05,3.3s,1,0.0001,1000,9.496924,0.3333333,0,0.01176471,0,0,0.02745098,0,0,0.1921569
26,43,9.81,500,0.7,1,0.3,160,100000,1,0.1,0.05,3.3,1,1,0,400000,1,1,0.05,3.3s,1,0.0001,1000,9.496924,0.3333333,0,0.01176471,0,0,0.01176471,0,0,0.1882353
26,44,9.81,500,0.7,1,0.3,160,100000,1,0.1,0.05,3.3,1,1,0,400000,1,1,0.05,3.3s,1,0.0001,1000,9.496924,0.3333333,0,0.007843138,0,0,0.003921569,0,0,0.1803922
26,45,9.81,500,0.7,1,0.3,160,100000,1,0.1,0.05,3.3,1,1,0,400000,1,1,0.05,3.3s,1,0.0001,1000,9.496924,0.3333333,0,0.007843138,0,0,0,0,0,0.172549
26,46,9.81,500,0.7,1,0.3,160,100000,1,0.1,0.05,3.3,1,1,0,400000,1,1,0.05,3.3s,1,0.0001,1000,9.496924,0.3333333,0,0.003921569,0,0,0,0.02352941,0,0.1647059
26,47,9.81,500,0.7,1,0.3,160,100000,1,0.1,0.05,3.3,1,1,0,400000,1,1,0.05,3.3s,1,0.0001,1000,9.496924,0.3333333,0,0,0,0,0,0.0509804,0,0.1607843
26,48,9.81,500,0.7,1,0.3,160,100000,1,0.1,0.05,3.3,1,1,0,400000,1,1,0.05,3.3s,1,0.0001,1000,9.496924,0.3333333,0,0,0,0,0,0.07058824,0,0.1568628
26,49,9.81,500,0.7,1,0.3,160,100000,1,0.1,0.05,3.3,1,1,0,400000,1,1,0.05,3.3s,1,0.0001,1000,9.496924,0.3333333,0,0,0,0,0,0.08235294,0,0.1529412
26,50,9.81,500,0.7,1,0.3,160,100000,1,0.1,0.05,3.3,1,1,0,400000,1,1,0.05,3.3s,1,0.0001,1000,9.496924,0.3333333,0,0,0,0,0,0.08235294,0.003921569,0.1529412
26,51,9.81,500,0.7,1,0.3,160,100000,1,0.1,0.05,3.3,1,1,0,400000,1,1,0.05,3.3s,1,0.0001,1000,9.496924,0.3333333,0,0,0,0.02745098,0,0.07450981,0.007843138,0.1529412
26,52,9.81,500,0.7,1,0.3,160,100000,1,0.1,0.05,3.3,1,1,0,400000,1,1,0.05,3.3s,1,0.0001,1000,9.496924,0.3333333,0.003921569,0,0,0.05882353,0,0.05882353,0.01176471,0.1568628
26,53,9.81,500,0.7,1,0.3,160,100000,1,0.1,0.05,3.3,1,1,0,400000,1,1,0.05,3.3s,1,0.0001,1000,9.496924,0.3333333,0.003921569,0,0,0.07843138,0,0.03921569,0.01176471,0.1568628
26,54,9.81,500,0.7,1,0.3,160,100000,1,0.1,0.05,3.3,1,1,0,400000,1,1,0.05,3.3s,1,0.0001,1000,9.496924,0.3333333,0.003921569,0,0,0.09019608,0,0.01960784,0.01176471,0.1607843
26,55,9.81,500,0.7,1,0.3,160,100000,1,0.1,0.05,3.3,1,1,0,400000,1,1,0.05,3.3s,1,0.0001,1000,9.496924,0.3333333,0.003921569,0.003921569,0,0.09411766,0,0.003921569,0.01176471,0.1647059
26,56,9.81,500,0.7,1,0.3,160,100000,1,0.1,0.05,3.3,1,1,0,400000,1,1,0.05,3.3s,1,0.0001,1000,9.496924,0.3333333,0.003921569,0.003921569,0,0.09411766,0.003921569,0,0.01176471,0.1686275
26,57,9.81,500,0.7,1,0.3,160,100000,1,0.1,0.05,3.3,1,1,0,400000,1,1,0.05,3.3s,1,0.0001,1000,9.496924,0.3333333,0.003921569,0.003921569,0,0.08627451,0.01568628,0,0.01176471,0.1686275
26,58,9.81,500,0.7,1,0.3,160,100000,1,0.1,0.05,3.3,1,1,0,400000,1,1,0.05,3.3s,1,0.0001,1000,9.496924,0.3333333,0.003921569,0.007843138,0,0.07450981,0.02352941,0,0.01176471,0.172549
26,59,9.81,500,0.7,1,0.3,160,100000,1,0.1,0.05,3.3,1,1,0,400000,1,1,0.05,3.3s,1,0.0001,1000,9.496924,0.3333333,0,0.007843138,0,0.0627451,0.03137255,0,0.01176471,0.1764706
26,60,9.81,500,0.7,1,0.3,160,100000,1,0.1,0.05,3.3,1,1,0,400000,1,1,0.05,3.3s,1,0.0001,1000,9.496924,0.3333333,0,0.007843138,0,0.04313726,0.03529412,0,0.01176471,0.1764706
26,61,9.81,500,0.7,1,0.3,160,100000,1,0.1,0.05,3.3,1,1,0,400000,1,1,0.05,3.3s,1,0.0001,1000,9.496924,0.3333333,0,0.007843138,0,0.01960784,0.04313726,0,0.007843138,0.1803922
26,62,9.81,500,0.7,1,0.3,160,100000,1,0.1,0.05,3.3,1,1,0,400000,1,1,0.05,3.3s,1,0.0001,1000,9.496924,0.3333333,0,0.007843138,0,0,0.04705883,0,0.007843138,0.1803922
26,63,9.81,500,0.7,1,0.3,160,100000,1,0.1,0.05,3.3,1,1,0,400000,1,1,0.05,3.3s,1,0.0001,1000,9.496924,0.3333333,0,0.007843138,0,0,0.0509804,0,0.003921569,0.1803922
27,0,9.81,500,0.7,1,0.3,160,100000,1,0.1,0.05,3.3,1,1,0,400000,1,1,0.05,3.3s,1,0.0001,1000,9.496924,0.3333333,0,0.007843138,0,0,0.05882353,0,0,0.1803922
27,1,9.81,500,0.7,1,0.3,160,100000,1,0.1,0.05,3.3,1,1,0,400000,1,1,0.05,3.3s,1,0.0001,1000,9.496924,0.3333333,0,0.007843138,0,0,0.05882353,0,0,0.1803922
27,2,9.81,500,0.7,1,0.3,160,100000,1,0.1,0.05,3.3,1,1,0,400000,1,1,0.05,3.3s,1,0.0001,1000,9.496924,0.3333333,0,0.007843138,0,0,0.0627451,0,0,0.1764706
27,3,9.81,500,0.7,1,0.3,160,100000,1,0.1,0.05,3.3,1,1,0,400000,1,1,0.05,3.3s,1,0.0001,1000,9.496924,0.3333333,0,0.003921569,0,0,0.0627451,0,0,0.172549
27,4,9.81,500,0.7,1,0.3,160,100000,1,0.1,0.05,3.3,1,1,0,400000,1,1,0.05,3.3s,1,0.0001,1000,9.496924,0.3333333,0,0.003921569,0,0,0.06666667,0,0,0.1686275
27,5,9.81,500,0.7,1,0.3,160,100000,1,0.1,0.05,3.3,1,1,0,400000,1,1,0.05,3.3s,1,0.0001,1000,9.496924,0.3333333,0,0,0,0,0.06666667,0.01568628,0,0.1647059
27,6,9.81,500,0.7,1,0.3,160,100000,1,0.1,0.05,3.3,1,1,0,400000,1,1,0.05,3.3s,1,0.0001,1000,9.496924,0.3333333,0,0,0,0,0.06666667,0.03529412,0,0.1607843
27,7,9.81,500,0.7,1,0.3,160,100000,1,0.1,0.05,3.3,1,1,0,400000,1,1,0.05,3.3s,1,0.0001,1000,9.496924,0.3333333,0,0,0,0,0.06666667,0.05490196,0.003921569,0.1568628
27,8,9.81,500,0.7,1,0.3,160,100000,1,0.1,0.05,3.3,1,1,0,400000,1,1,0.05,3.3s,1,0.0001,1000,9.496924,0.3333333,0,0,0,0,0.0627451,0.07058824,0.003921569,0.1568628
27,9,9.81,500,0.7,1,0.3,160,100000,1,0.1,0.05,3.3,1,1,0,400000,1,1,0.05,3.3s,1,0.0001,1000,9.496924,0.3333333,0,0,0,0,0.05882353,0.08235294,0.007843138,0.1529412
27,10,9.81,500,0.7,1,0.3,160,100000,1,0.1,0.05,3.3,1,1,0,400000,1,1,0.05,3.3s,1,0.0001,1000,9.496924,0.3333333,0,0,0,0,0.0509804,0.08627451,0.003921569,0.1529412
27,11,9.81,500,0.7,1,0.3,160,100000,1,0.1,0.05,3.3,1,1,0,400000,1,1,0.05,3.3s,1,0.0001,1000,9.496924,0.3333333,0,0,0,0.02352941,0.04313726,0.08627451,0.003921569,0.1529412
27,12,9.81,500,0.7,1,0.3,160,100000,1,0.1,0.05,3.3,1,1,0,400000,1,1,0.05,3.3s,1,0.0001,1000,9.496924,0.3333333,0,0,0,0.05882353,0.02745098,0.07843138,0,0.1568628
27,13,9.81,500,0.7,1,0.3,160,100000,1,0.1,0.05,3.3,1,1,0,400000,1,1,0.05,3.3s,1,0.0001,1000,9.496924,0.3333333,0.003921569,0,0,0.08627451,0.01176471,0.06666667,0,0.1568628
27,14,9.81,500,0.7,1,0.3,160,100000,1,0.1,0.05,3.3,1,1,0,400000,1,1,0.05,3.3s,1,0.0001,1000,9.496924,0.3333333,0.003921569,0,0,0.1058824,0,0.04705883,0,0.1607843
27,15,9.81,500,0.7,1,0.3,160,100000,1,0.1,0.05,3.3,1,1,0,400000,1,1,0.05,3.3s,1,0.0001,1000,9.496924,0.3333333,0.003921569,0,0,0.1176471,0,0.02352941,0,0.1647059
27,16,9.81,500,0.7,1,0.3,160,100000,1,0.1,0.05,3.3,1,1,0,400000,1,1,0.05,3.3s,1,0.0001,1000,9.496924,0.3333333,0.003921569,0,0,0.1137255,0,0.003921569,0,0.172549
27,17,9.81,500,0.7,1,0.3,160,100000,1,0.1,0.05,3.3,1,1,0,400000,1,1,0.05,3.3s,1,0.0001,1000,9.496924,0.3333333,0.003921569,0.003921569,0,0.1019608,0,0,0,0.1764706
27,18,9.81,500,0.7,1,0.3,160,100000,1,0.1,0.05,3.3,1,1,0,400000,1,1,0.05,3.3s,1,0.0001,1000,9.496924,0.3333333,0.003921569,0.003921569,0,0.08627451,0,0,0,0.1764706
27,19,9.81,500,0.7,1,0.3,160,100000,1,0.1,0.05,3.3,1,1,0,400000,1,1,0.05,3.3s,1,0.0001,1000,9.496924,0.3333333,0.003921569,0.007843138,0,0.0627451,0,0,0,0.1803922
27,20,9.81,500,0.7,1,0.3,160,100000,1,0.1,0.05,3.3,1,1,0,400000,1,1,0.05,3.3s,1,0.0001,1000,9.496924,0.3333333,0.003921569,0.007843138,0,0.03921569,0,0,0,0.1803922
27,21,9.81,500,0.7,1,0.3,160,100000,1,0.1,0.05,3.3,1,1,0,400000,1,1,0.05,3.3s,1,0.0001,1000,9.496924,0.3333333,0,0.007843138,0,0.01568628,0,0,0,0.1803922
27,22,9.81,500,0.7,1,0.3,160,100000,1,0.1,0.05,3.3,1,1,0,400000,1,1,0.05,3.3s,1,0.0001,1000,9.496924,0.3333333,0,0.007843138,0,0,0,0,0,0.1803922
27,23,9.81,500,0.7,1,0.3,160,100000,1,0.1,0.05,3.3,1,1,0,400000,1,1,0.05,3.3s,1,0.0001,1000,9.496924,0.3333333,0,0.007843138,0,0,0,0,0,0.1803922
27,24,9.81,500,0.7,1,0.3,160,100000,1,0.1,0.05,3.3,1,1,0,400000,1,1,0.05,3.3s,1,0.0001,1000,9.496924,0.3333333,0,0.007843138,0,0,0,0,0,0.1803922
27,25,9.81,500,0.7,1,0.3,160,100000,1,0.1,0.05,3.3,1,1,0,400000,1,1,0.05,3.3s,1,0.0001,1000,9.496924,0.3333333,0,0.003921569,0,0,0,0,0,0.1764706
27,26,9.81,500,0.7,1,0.3,160,100000,1,0.1,0.05,3.3,1,1,0,400000,1,1,0.05,3.3s,1,0.0001,1000,9.496924,0.3333333,0,0.003921569,0,0,0,0,0,0.172549
27,27,9.81,500,0.7,1,0.3,160,100000,1,0.1,0.05,3.3,1,1,0,400000,1,1,0.05,3.3s,1,0.0001,1000,9.496924,0.3333333,0,0.003921569,0,0,0,0.003921569,0,0.1686275
27,28,9.81,500,0.7,1,0.3,160,100000,1,0.1,0.05,3.3,1,1,0,400000,1,1,0.05,3.3s,1,0.0001,1000,9.496924,0.3333333,0,0,0,0,0,0.02745098,0,0.1647059
27,29,9.81,500,0.7,1,0.3,160,100000,1,0.1,0.05,3.3,1,1,0,400000,1,1,0.05,3.3s,1,0.0001,1000,9.496924,0.3333333,0,0,0,0,0,0.0509804,0,0.1607843
27,30,9.81,500,0.7,1,0.3,160,100000,1,0.1,0.05,3.3,1,1,0,400000,1,1,0.05,3.3s,1,0.0001,1000,9.496924,0.3333333,0,0,0,0,0,0.07058824,0,0.1568628
27,31,9.81,500,0.7,1,0.3,160,100000,1,0.1,0.05,3.3,1,1,0,400000,1,1,0.05,3.3s,1,0.0001,1000,9.496924,0.3333333,0,0,0,0,0,0.08627451,0,0.1568628
27,32,9.81,500,0.7,1,0.3,160,100000,1,0.1,0.05,3.3,1,1,0,400000,1,1,0.05,3.3s,1,0.0001,1000,9.496924,0.3333333,0.003921569,0,0,0.03921569,0.007843138,0.08627451,0,0.1568628
27,33,9.81,500,0.7,1,0.3,160,100000,1,0.1,0.05,3.3,1,1,0,400000,1,1,0.05,3.3s,1,0.0001,1000,9.496924,0.3333333,0.003921569,0,0,0.08627451,0.03137255,0.07843138,0,0.1568628
27,34,9.81,500,0.7,1,0.3,160,100000,1,0.1,0.05,3.3,1,1,0,400000,1,1,0.05,3.3s,1,0.0001,1000,9.496924,0.3333333,0.003921569,0,0,0.1254902,0.0509804,0.05490196,0,0.1607843
27,35,9.81,500,0.7,1,0.3,160,100000,1,0.1,0.05,3.3,1,1,0,400000,1,1,0.05,3.3s,1,0.0001,1000,9.496924,0.3333333,0.003921569,0.003921569,0,0.1529412,0.07058824,0.02352941,0,0.1647059
27,36,9.81,500,0.7,1,0.3,160,100000,1,0.1,0.05,3.3,1,1,0,400000,1,1,0.05,3.3s,1,0.0001,1000,9.496924,0.3333333,0.003921569,0.007843138,0,0.1607843,0.07843138,0,0,0.172549
27,37,9.81,500,0.7,1,0.3,160,100000,1,0.1,0.05,3.3,1,1,0,400000,1,1,0.05,3.3s,1,0.0001,1000,9.496924,0.3333333,0.003921569,0.007843138,0,0.1490196,0.07843138,0,0,0.1803922
27,38,9.81,500,0.7,1,0.3,160,100000,1,0.1,0.05,3.3,1,1,0,400000,1,1,0.05,3.3s,1,0.0001,1000,9.496924,0.3333333,0.003921569,0.01176471,0,0.1176471,0.07058824,0,0,0.1882353
27,39,9.81,500,0.7,1,0.3,160,100000,1,0.1,0.05,3.3,1,1,0,400000,1,1,0.05,3.3s,1,0.0001,1000,9.496924,0.3333333,0.003921569,0.01176471,0,0.07450981,0.05882353,0,0,0.1921569
27,40,9.81,500,0.7,1,0.3,160,100000,1,0.1,0.05,3.3,1,1,0,400000,1,1,0.05,3.3s,1,0.0001,1000,9.496924,0.3333333,0,0.01176471,0,0.01960784,0.04313726,0,0,0.1960784
27,41,9.81,500,0.7,1,0.3,160,100000,1,0.1,0.05,3.3,1,1,0,400000,1,1,0.05,3.3s,1,0.0001,1000,9.496924,0.3333333,0,0.01176471,0,0,0.02745098,0,0,0.1960784
27,42,9.81,500,0.7,1,0.3,160,100000,1,0.1,0.05,3.3,1,1,0,400000,1,1,0.05,3.3s,1,0.0001,1000,9.496924,0.3333333,0,0.01176471,0,0,0.01176471,0,0,0.1921569
27,43,9.81,500,0.7,1,0.3,160,100000,1,0.1,0.05,3.3,1,1,0,400000,1,1,0.05,3.3s,1,0.0001,1000,9.496924,0.3333333,0,0.01176471,0,0,0,0,0,0.1843137
27,44,9.81,500,0.7,1,0.3,160,100000,1,0.1,0.05,3.3,1,1,0,400000,1,1,0.05,3.3s,1,0.0001,1000,9.496924,0.3333333,0,0.007843138,0,0,0,0,0,0.1803922
27,45,9.81,500,0.7,1,0.3,160,100000,1,0.1,0.05,3.3,1,1,0,400000,1,1,0.05,3.3s,1,0.0001,1000,9.496924,0.3333333,0,0.003921569,0,0,0,0,0,0.172549
27,46,9.81,500,0.7,1,0.3,160,100000,1,0.1,0.05,3.3,1,1,0,400000,1,1,0.05,3.3s,1,0.0001,1000,9.496924,0.3333333,0,0.003921569,0,0,0,0.02745098,0,0.1647059
27,47,9.81,500,0.7,1,0.3,160,100000,1,0.1,0.05,3.3,1,1,0,400000,1,1,0.05,3.3s,1,0.0001,1000,9.496924,0.3333333,0,0,0,0,0,0.05490196,0,0.1607843
27,48,9.81,500,0.7,1,0.3,160,100000,1,0.1,0.05,3.3,1,1,0,400000,1,1,0.05,3.3s,1,0.0001,1000,9.496924,0.3333333,0,0,0,0,0,0.07450981,0,0.1568628
27,49,9.81,500,0.7,1,0.3,160,100000,1,0.1,0.05,3.3,1,1,0,400000,1,1,0.05,3.3s,1,0.0001,1000,9.496924,0.3333333,0,0,0,0,0,0.08235294,0.003921569,0.1529412
27,50,9.81,500,0.7,1,0.3,160,100000,1,0.1,0.05,3.3,1,1,0,400000,1,1,0.05,3.3s,1,0.0001,1000,9.496924,0.3333333,0,0,0,0,0,0.08235294,0.007843138,0.1529412
27,51,9.81,500,0.7,1,0.3,160,100000,1,0.1,0.05,3.3,1,1,0,400000,1,1,0.05,3.3s,1,0.0001,1000,9.496924,0.3333333,0,0,0,0.02745098,0,0.07450981,0.01176471,0.1529412
27,52,9.81,500,0.7,1,0.3,160,100000,1,0.1,0.05,3.3,1,1,0,400000,1,1,0.05,3.3s,1,0.0001,1000,9.496924,0.3333333,0.003921569,0,0,0.0627451,0,0.0627451,0.01176471,0.1568628
27,53,9.81,500,0.7,1,0.3,160,100000,1,0.1,0.05,3.3,1,1,0,400000,1,1,0.05,3.3s,1,0.0001,1000,9.496924,0.3333333,0.003921569,0,0,0.08627451,0,0.04313726,0.01176471,0.1568628
27,54,9.81,500,0.7,1,0.3,160,100000,1,0.1,0.05,3.3,1,1,0,400000,1,1,0.05,3.3s,1,0.0001,1000,9.496924,0.3333333,0.003921569,0,0,0.09803922,0,0.02352941,0.01176471,0.1607843
27,55,9.81,500,0.7,1,0.3,160,100000,1,0.1,0.05,3.3,1,1,0,400000,1,1,0.05,3.3s,1,0.0001,1000,9.496924,0.3333333,0.003921569,0.003921569,0,0.1058824,0.003921569,0.003921569,0.007843138,0.1647059
27,56,9.81,500,0.7,1,0.3,160,100000,1,0.1,0.05,3.3,1,1,0,400000,1,1,0.05,3.3s,1,0.0001,1000,9.496924,0.3333333,0.003921569,0.003921569,0,0.1019608,0.01176471,0,0.003921569,0.1686275
27,57,9.81,500,0.7,1,0.3,160,100000,1,0.1,0.05,3.3,1,1,0,400000,1,1,0.05,3.3s,1,0.0001,1000,9.496924,0.3333333,0.003921569,0.007843138,0,0.09411766,0.01960784,0,0.003921569,0.172549
27,58,9.81,500,0.7,1,0.3,160,100000,1,0.1,0.05,3.3,1,1,0,400000,1,1,0.05,3.3s,1,0.0001,1000,9.496924,0.3333333,0.003921569,0.007843138,0,0.08235294,0.02745098,0,0,0.172549
27,59,9.81,500,0.7,1,0.3,160,100000,1,0.1,0.05,3.3,1,1,0,400000,1,1,0.05,3.3s,1,0.0001,1000,9.496924,0.3333333,0,0.007843138,0,0.06666667,0.03529412,0,0,0.1764706
27,60,9.81,500,0.7,1,0.3,160,100000,1,0.1,0.05,3.3,1,1,0,400000,1,1,0.05,3.3s,1,0.0001,1000,9.496924,0.3333333,0,0.007843138,0,0.04705883,0.04313726,0,0,0.1803922
27,61,9.81,500,0.7,1,0.3,160,100000,1,0.1,0.05,3.3,1,1,0,400000,1,1,0.05,3.3s,1,0.0001,1000,9.496924,0.3333333,0,0.01176471,0,0.02352941,0.04705883,0,0,0.1803922
27,62,9.81,500,0.7,1,0.3,160,100000,1,0.1,0.05,3.3,1,1,0,400000,1,1,0.05,3.3s,1,0.0001,1000,9.496924,0.3333333,0,0.01176471,0,0,0.0509804,0,0,0.1803922
27,63,9.81,500,0.7,1,0.3,160,100000,1,0.1,0.05,3.3,1,1,0,400000,1,1,0.05,3.3s,1,0.0001,1000,9.496924,0.3333333,0,0.01176471,0,0,0.05490196,0,0,0.1803922
28,0,9.81,500,0.7,1,0.3,160,100000,1,0.1,0.05,3.3,1,1,0,400000,1,1,0.05,3.3s,1,0.0001,1000,9.496924,0.3333333,0,0.01176471,0,0,0.0509804,0,0,0.1843137
28,1,9.81,500,0.7,1,0.3,160,100000,1,0.1,0.05,3.3,1,1,0,400000,1,1,0.05,3.3s,1,0.0001,1000,9.496924,0.3333333,0,0.007843138,0,0,0.05490196,0,0,0.1803922
28,2,9.81,500,0.7,1,0.3,160,100000,1,0.1,0.05,3.3,1,1,0,400000,1,1,0.05,3.3s,1,0.0001,1000,9.496924,0.3333333,0,0.007843138,0,0,0.05882353,0,0,0.1803922
28,3,9.81,500,0.7,1,0.3,160,100000,1,0.1,0.05,3.3,1,1,0,400000,1,1,0.05,3.3s,1,0.0001,1000,9.496924,0.3333333,0,0.007843138,0,0,0.0627451,0,0,0.1764706
28,4,9.81,500,0.7,1,0.3,160,100000,1,0.1,0.05,3.3,1,1,0,400000,1,1,0.05,3.3s,1,0.0001,1000,9.496924,0.3333333,0,0.003921569,0,0,0.06666667,0,0,0.172549
28,5,9.81,500,0.7,1,0.3,160,100000,1,0.1,0.05,3.3,1,1,0,400000,1,1,0.05,3.3s,1,0.0001,1000,9.496924,0.3333333,0,0.003921569,0,0,0.07058824,0.01176471,0,0.1686275
28,6,9.81,500,0.7,1,0.3,160,100000,1,0.1,0.05,3.3,1,1,0,400000,1,1,0.05,3.3s,1,0.0001,1000,9.496924,0.3333333,0,0,0,0,0.07450981,0.03137255,0,0.1647059
28,7,9.81,500,0.7,1,0.3,160,100000,1,0.1,0.05,3.3,1,1,0,400000,1,1,0.05,3.3s,1,0.0001,1000,9.496924,0.3333333,0,0,0,0,0.07843138,0.04705883,0,0.1607843
28,8,9.81,500,0.7,1,0.3,160,100000,1,0.1,0.05,3.3,1,1,0,400000,1,1,0.05,3.3s,1,0.0001,1000,9.496924,0.3333333,0,0,0,0,0.07450981,0.0627451,0,0.1568628
28,9,9.81,500,0.7,1,0.3,160,100000,1,0.1,0.05,3.3,1,1,0,400000,1,1,0.05,3.3s,1,0.0001,1000,9.496924,0.3333333,0,0,0,0,0.07058824,0.07450981,0,0.1568628
28,10,9.81,500,0.7,1,0.3,160,100000,1,0.1,0.05,3.3,1,1,0,400000,1,1,0.05,3.3s,1,0.0001,1000,9.496924,0.3333333,0,0,0,0,0.0627451,0.07843138,0,0.1529412
28,11,9.81,500,0.7,1,0.3,160,100000,1,0.1,0.05,3.3,1,1,0,400000,1,1,0.05,3.3s,1,0.0001,1000,9.496924,0.3333333,0,0,0,0.01176471,0.0509804,0.07843138,0,0.1568628
28,12,9.81,500,0.7,1,0.3,160,100000,1,0.1,0.05,3.3,1,1,0,400000,1,1,0.05,3.3s,1,0.0001,1000,9.496924,0.3333333,0,0,0,0.04313726,0.03529412,0.07058824,0,0.1568628
28,13,9.81,500,0.7,1,0.3,160,100000,1,0.1,0.05,3.3,1,1,0,400000,1,1,0.05,3.3s,1,0.0001,1000,9.496924,0.3333333,0,0,0,0.06666667,0.01568628,0.05882353,0,0.1607843
28,14,9.81,500,0.7,1,0.3,160,100000,1,0.1,0.05,3.3,1,1,0,400000,1,1,0.05,3.3s,1,0.0001,1000,9.496924,0.3333333,0.003921569,0,0,0.08235294,0,0.04313726,0,0.1607843
28,15,9.81,500,0.7,1,0.3,160,100000,1,0.1,0.05,3.3,1,1,0,400000,1,1,0.05,3.3s,1,0.0001,1000,9.496924,0.3333333,0.003921569,0,0,0.09019608,0,0.02352941,0,0.1647059
28,16,9.81,500,0.7,1,0.3,160,100000,1,0.1,0.05,3.3,1,1,0,400000,1,1,0.05,3.3s,1,0.0001,1000,9.496924,0.3333333,0.003921569,0,0,0.08627451,0,0.003921569,0,0.1686275
28,17,9.81,500,0.7,1,0.3,160,100000,1,0.1,0.05,3.3,1,1,0,400000,1,1,0.05,3.3s,1,0.0001,1000,9.496924,0.3333333,0.003921569,0.003921569,0,0.07843138,0,0,0,0.172549
28,18,9.81,500,0.7,1,0.3,160,100000,1,0.1,0.05,3.3,1,1,0,400000,1,1,0.05,3.3s,1,0.0001,1000,9.496924,0.3333333,0.003921569,0.003921569,0,0.0627451,0,0,0,0.1764706
28,19,9.81,500,0.7,1,0.3,160,100000,1,0.1,0.05,3.3,1,1,0,400000,1,1,0.05,3.3s,1,0.0001,1000,9.496924,0.3333333,0.003921569,0.003921569,0,0.04313726,0,0,0,0.1764706
28,20,9.81,500,0.7,1,0.3,160,100000,1,0.1,0.05,3.3,1,1,0,400000,1,1,0.05,3.3s,1,0.0001,1000,9.496924,0.3333333,0,0.003921569,0,0.02352941,0,0,0,0.1764706
28,21,9.81,500,0.7,1,0.3,160,100000,1,0.1,0.05,3.3,1,1,0,400000,1,1,0.05,3.3s,1,0.0001,1000,9.496924,0.3333333,0,0.003921569,0,0.007843138,0,0,0,0.1764706
28,22,9.81,500,0.7,1,0.3,160,100000,1,0.1,0.05,3.3,1,1,0,400000,1,1,0.05,3.3s,1,0.0001,1000,9.496924,0.3333333,0,0.003921569,0,0,0,0,0,0.1764706
28,23,9.81,500,0.7,1,0.3,160,100000,1,0.1,0.05,3.3,1,1,0,400000,1,1,0.05,3.3s,1,0.0001,1000,9.496924,0.3333333,0,0.003921569,0,0,0,0,0,0.1764706
28,24,9.81,500,0.7,1,0.3,160,100000,1,0.1,0.05,3.3,1,1,0,400000,1,1,0.05,3.3s,1,0.0001,1000,9.496924,0.3333333,0,0.003921569,0,0,0,0,0,0.172549
28,25,9.81,500,0.7,1,0.3,160,100000,1,0.1,0.05,3.3,1,1,0,400000,1,1,0.05,3.3s,1,0.0001,1000,9.496924,0.3333333,0,0.003921569,0,0,0,0,0,0.172549
28,26,9.81,500,0.7,1,0.3,160,100000,1,0.1,0.05,3.3,1,1,0,400000,1,1,0.05,3.3s,1,0.0001,1000,9.496924,0.3333333,0,0.003921569,0,0,0,0,0,0.1686275
28,27,9.81,500,0.7,1,0.3,160,100000,1,0.1,0.05,3.3,1,1,0,400000,1,1,0.05,3.3s,1,0.0001,1000,9.496924,0.3333333,0,0,0,0,0,0.01176471,0,0.1686275
28,28,9.81,500,0.7,1,0.3,160,100000,1,0.1,0.05,3.3,1,1,0,400000,1,1,0.05,3.3s,1,0.0001,1000,9.496924,0.3333333,0,0,0,0,0,0.03137255,0,0.1647059
28,29,9.81,500,0.7,1,0.3,160,100000,1,0.1,0.05,3.3,1,1,0,400000,1,1,0.05,3.3s,1,0.0001,1000,9.496924,0.3333333,0,0,0,0,0,0.05490196,0,0.1607843
28,30,9.81,500,0.7,1,0.3,160,100000,1,0.1,0.05,3.3,1,1,0,400000,1,1,0.05,3.3s,1,0.0001,1000,9.496924,0.3333333,0,0,0,0,0,0.07450981,0,0.1568628
28,31,9.81,500,0.7,1,0.3,160,100000,1,0.1,0.05,3.3,1,1,0,400000,1,1,0.05,3.3s,1,0.0001,1000,9.496924,0.3333333,0.003921569,0,0,0.01568628,0,0.08235294,0,0.1568628
28,32,9.81,500,0.7,1,0.3,160,100000,1,0.1,0.05,3.3,1,1,0,400000,1,1,0.05,3.3s,1,0.0001,1000,9.496924,0.3333333,0.003921569,0,0,0.0627451,0.007843138,0.08235294,0,0.1568628
28,33,9.81,500,0.7,1,0.3,160,100000,1,0.1,0.05,3.3,1,1,0,400000,1,1,0.05,3.3s,1,0.0001,1000,9.496924,0.3333333,0.003921569,0,0,0.1098039,0.03137255,0.06666667,0,0.1568628
28,34,9.81,500,0.7,1,0.3,160,100000,1,0.1,0.05,3.3,1,1,0,400000,1,1,0.05,3.3s,1,0.0001,1000,9.496924,0.3333333,0.003921569,0.003921569,0,0.145098,0.0509804,0.04313726,0,0.1647059
28,35,9.81,500,0.7,1,0.3,160,100000,1,0.1,0.05,3.3,1,1,0,400000,1,1,0.05,3.3s,1,0.0001,1000,9.496924,0.3333333,0.007843138,0.003921569,0,0.1647059,0.06666667,0.007843138,0,0.1686275
28,36,9.81,500,0.7,1,0.3,160,100000,1,0.1,0.05,3.3,1,1,0,400000,1,1,0.05,3.3s,1,0.0001,1000,9.496924,0.3333333,0.007843138,0.007843138,0,0.1647059,0.07058824,0,0,0.1764706
28,37,9.81,500,0.7,1,0.3,160,100000,1,0.1,0.05,3.3,1,1,0,400000,1,1,0.05,3.3s,1,0.0001,1000,9.496924,0.3333333,0.003921569,0.01176471,0,0.145098,0.07058824,0,0,0.1843137
28,38,9.81,500,0.7,1,0.3,160,100000,1,0.1,0.05,3.3,1,1,0,400000,1,1,0.05,3.3s,1,0.0001,1000,9.496924,0.3333333,0.003921569,0.01176471,0,0.1058824,0.0627451,0,0,0.1882353
28,39,9.81,500,0.7,1,0.3,160,100000,1,0.1,0.05,3.3,1,1,0,400000,1,1,0.05,3.3s,1,0.0001,1000,9.496924,0.3333333,0.003921569,0.01176471,0,0.05882353,0.04705883,0,0,0.1960784
28,40,9.81,500,0.7,1,0.3,160,100000,1,0.1,0.05,3.3,1,1,0,400000,1,1,0.05,3.3s,1,0.0001,1000,9.496924,0.3333333,0,0.01568628,0,0.003921569,0.03137255,0,0,0.1960784
28,41,9.81,500,0.7,1,0.3,160,100000,1,0.1,0.05,3.3,1,1,0,400000,1,1,0.05,3.3s,1,0.0001,1000,9.496924,0.3333333,0,0.01176471,0,0,0.01568628,0,0,0.1960784
28,42,9.81,500,0.7,1,0.3,160,100000,1,0.1,0.05,3.3,1,1,0,400000,1,1,0.05,3.3s,1,0.0001,1000,9.496924,0.3333333,0,0.01176471,0,0,0,0,0,0.1921569
28,43,9.81,500,0.7,1,0.3,160,100000,1,0.1,0.05,3.3,1,1,0,400000,1,1,0.05,3.3s,1,0.0001,1000,9.496924,0.3333333,0,0.01176471,0,0,0,0,0,0.1843137
28,44,9.81,500,0.7,1,0.3,160,100000,1,0.1,0.05,3.3,1,1,0,400000,1,1,0.05,3.3s,1,0.0001,1000,9.496924,0.3333333,0,0.007843138,0,0,0,0,0,0.1764706
28,45,9.81,500,0.7,1,0.3,160,100000,1,0.1,0.05,3.3,1,1,0,400000,1,1,0.05,3.3s,1,0.0001,1000,9.496924,0.3333333,0,0.003921569,0,0,0,0,0,0.1686275
28,46,9.81,500,0.7,1,0.3,160,100000,1,0.1,0.05,3.3,1,1,0,400000,1,1,0.05,3.3s,1,0.0001,1000,9.496924,0.3333333,0,0.003921569,0,0,0,0.03137255,0,0.1647059
28,47,9.81,500,0.7,1,0.3,160,100000,1,0.1,0.05,3.3,1,1,0,400000,1,1,0.05,3.3s,1,0.0001,1000,9.496924,0.3333333,0,0,0,0,0,0.05490196,0,0.1568628
28,48,9.81,500,0.7,1,0.3,160,100000,1,0.1,0.05,3.3,1,1,0,400000,1,1,0.05,3.3s,1,0.0001,1000,9.496924,0.3333333,0,0,0,0,0,0.07450981,0,0.1568628
28,49,9.81,500,0.7,1,0.3,160,100000,1,0.1,0.05,3.3,1,1,0,400000,1,1,0.05,3.3s,1,0.0001,1000,9.496924,0.3333333,0,0,0,0,0,0.08235294,0.007843138,0.1529412
28,50,9.81,500,0.7,1,0.3,160,100000,1,0.1,0.05,3.3,1,1,0,400000,1,1,0.05,3.3s,1,0.0001,1000,9.496924,0.3333333,0,0,0,0,0,0.08627451,0.01176471,0.1529412
28,51,9.81,500,0.7,1,0.3,160,100000,1,0.1,0.05,3.3,1,1,0,400000,1,1,0.05,3.3s,1,0.0001,1000,9.496924,0.3333333,0,0,0,0.03137255,0,0.07843138,0.01176471,0.1529412
28,52,9.81,500,0.7,1,0.3,160,100000,1,0.1,0.05,3.3,1,1,0,400000,1,1,0.05,3.3s,1,0.0001,1000,9.496924,0.3333333,0.003921569,0,0,0.0627451,0,0.0627451,0.01176471,0.1529412
28,53,9.81,500,0.7,1,0.3,160,100000,1,0.1,0.05,3.3,1,1,0,400000,1,1,0.05,3.3s,1,0.0001,1000,9.496924,0.3333333,0.003921569,0,0,0.09019608,0,0.04705883,0.01176471,0.1568628
28,54,9.81,500,0.7,1,0.3,160,100000,1,0.1,0.05,3.3,1,1,0,400000,1,1,0.05,3.3s,1,0.0001,1000,9.496924,0.3333333,0.003921569,0,0,0.1058824,0.003921569,0.02745098,0.007843138,0.1607843
28,55,9.81,500,0.7,1,0.3,160,100000,1,0.1,0.05,3.3,1,1,0,400000,1,1,0.05,3.3s,1,0.0001,1000,9.496924,0.3333333,0.003921569,0.003921569,0,0.1098039,0.007843138,0.007843138,0.003921569,0.1647059
28,56,9.81,500,0.7,1,0.3,160,100000,1,0.1,0.05,3.3,1,1,0,400000,1,1,0.05,3.3s,1,0.0001,1000,9.496924,0.3333333,0.003921569,0.003921569,0,0.1098039,0.01568628,0,0,0.1686275
28,57,9.81,500,0.7,1,0.3,160,100000,1,0.1,0.05,3.3,1,1,0,400000,1,1,0.05,3.3s,1,0.0001,1000,9.496924,0.3333333,0.003921569,0.007843138,0,0.1019608,0.01960784,0,0,0.172549
28,58,9.81,500,0.7,1,0.3,160,100000,1,0.1,0.05,3.3,1,1,0,400000,1,1,0.05,3.3s,1,0.0001,1000,9.496924,0.3333333,0.003921569,0.007843138,0,0.09019608,0.02745098,0,0,0.1764706
28,59,9.81,500,0.7,1,0.3,160,100000,1,0.1,0.05,3.3,1,1,0,400000,1,1,0.05,3.3s,1,0.0001,1000,9.496924,0.3333333,0.003921569,0.007843138,0,0.07450981,0.03529412,0,0,0.1803922
28,60,9.81,500,0.7,1,0.3,160,100000,1,0.1,0.05,3.3,1,1,0,400000,1,1,0.05,3.3s,1,0.0001,1000,9.496924,0.3333333,0,0.01176471,0,0.05490196,0.03921569,0,0,0.1803922
28,61,9.81,500,0.7,1,0.3,160,100000,1,0.1,0.05,3.3,1,1,0,400000,1,1,0.05,3.3s,1,0.0001,1000,9.496924,0.3333333,0,0.01176471,0,0.02745098,0.04313726,0,0,0.1843137
28,62,9.81,500,0.7,1,0.3,160,100000,1,0.1,0.05,3.3,1,1,0,400000,1,1,0.05,3.3s,1,0.0001,1000,9.496924,0.3333333,0,0.01176471,0,0,0.04705883,0,0,0.1843137
28,63,9.81,500,0.7,1,0.3,160,100000,1,0.1,0.05,3.3,1,1,0,400000,1,1,0.05,3.3s,1,0.0001,1000,9.496924,0.3333333,0,0.01176471,0,0,0.0509804,0,0,0.1843137
29,0,9.81,500,0.7,1,0.3,160,100000,1,0.1,0.05,3.3,1,1,0,400000,1,1,0.05,3.3s,1,0.0001,1000,9.496924,0.3333333,0,0.01176471,0,0,0.03921569,0,0,0.1882353
29,1,9.81,500,0.7,1,0.3,160,100000,1,0.1,0.05,3.3,1,1,0,400000,1,1,0.05,3.3s,1,0.0001,1000,9.496924,0.3333333,0,0.007843138,0,0,0.04313726,0,0,0.1843137
29,2,9.81,500,0.7,1,0.3,160,100000,1,0.1,0.05,3.3,1,1,0,400000,1,1,0.05,3.3s,1,0.0001,1000,9.496924,0.3333333,0,0.007843138,0,0,0.04705883,0,0,0.1803922
29,3,9.81,500,0.7,1,0.3,160,100000,1,0.1,0.05,3.3,1,1,0,400000,1,1,0.05,3.3s,1,0.0001,1000,9.496924,0.3333333,0,0.007843138,0,0,0.0509804,0,0,0.1764706
29,4,9.81,500,0.7,1,0.3,160,100000,1,0.1,0.05,3.3,1,1,0,400000,1,1,0.05,3.3s,1,0.0001,1000,9.496924,0.3333333,0,0.003921569,0,0,0.05882353,0,0,0.172549
29,5,9.81,500,0.7,1,0.3,160,100000,1,0.1,0.05,3.3,1,1,0,400000,1,1,0.05,3.3s,1,0.0001,1000,9.496924,0.3333333,0,0.003921569,0,0,0.06666667,0.007843138,0,0.1686275
29,6,9.81,500,0.7,1,0.3,160,100000,1,0.1,0.05,3.3,1,1,0,400000,1,1,0.05,3.3s,1,0.0001,1000,9.496924,0.3333333,0,0,0,0,0.07450981,0.02352941,0,0.1686275
29,7,9.81,500,0.7,1,0.3,160,100000,1,0.1,0.05,3.3,1,1,0,400000,1,1,0.05,3.3s,1,0.0001,1000,9.496924,0.3333333,0,0,0,0,0.08235294,0.03921569,0,0.1647059
29,8,9.81,500,0.7,1,0.3,160,100000,1,0.1,0.05,3.3,1,1,0,400000,1,1,0.05,3.3s,1,0.0001,1000,9.496924,0.3333333,0,0,0,0,0.08235294,0.0509804,0,0.1607843
29,9,9.81,500,0.7,1,0.3,160,100000,1,0.1,0.05,3.3,1,1,0,400000,1,1,0.05,3.3s,1,0.0001,1000,9.496924,0.3333333,0,0,0,0,0.08235294,0.0627451,0,0.1607843
29,10,9.81,500,0.7,1,0.3,160,100000,1,0.1,0.05,3.3,1,1,0,400000,1,1,0.05,3.3s,1,0.0001,1000,9.496924,0.3333333,0,0,0,0,0.07450981,0.06666667,0,0.1568628
29,11,9.81,500,0.7,1,0.3,160,100000,1,0.1,0.05,3.3,1,1,0,400000,1,1,0.05,3.3s,1,0.0001,1000,9.496924,0.3333333,0,0,0,0,0.05882353,0.06666667,0,0.1568628
29,12,9.81,500,0.7,1,0.3,160,100000,1,0.1,0.05,3.3,1,1,0,400000,1,1,0.05,3.3s,1,0.0001,1000,9.496924,0.3333333,0,0,0,0.02352941,0.04313726,0.0627451,0,0.1607843
29,13,9.81,500,0.7,1,0.3,160,100000,1,0.1,0.05,3.3,1,1,0,400000,1,1,0.05,3.3s,1,0.0001,1000,9.496924,0.3333333,0,0,0,0.04313726,0.01960784,0.0509804,0,0.1607843
29,14,9.81,500,0.7,1,0.3,160,100000,1,0.1,0.05,3.3,1,1,0,400000,1,1,0.05,3.3s,1,0.0001,1000,9.496924,0.3333333,0,0,0,0.05882353,0,0.03529412,0,0.1647059
29,15,9.81,500,0.7,1,0.3,160,100000,1,0.1,0.05,3.3,1,1,0,400000,1,1,0.05,3.3s,1,0.0001,1000,9.496924,0.3333333,0,0,0,0.0627451,0,0.01960784,0,0.1647059
29,16,9.81,500,0.7,1,0.3,160,100000,1,0.1,0.05,3.3,1,1,0,400000,1,1,0.05,3.3s,1,0.0001,1000,9.496924,0.3333333,0,0,0,0.05882353,0,0.007843138,0,0.1686275
29,17,9.81,500,0.7,1,0.3,160,100000,1,0.1,0.05,3.3,1,1,0,400000,1,1,0.05,3.3s,1,0.0001,1000,9.496924,0.3333333,0,0,0,0.0509804,0,0,0,0.172549
29,18,9.81,500,0.7,1,0.3,160,100000,1,0.1,0.05,3.3,1,1,0,400000,1,1,0.05,3.3s,1,0.0001,1000,9.496924,0.3333333,0,0,0,0.03529412,0,0,0,0.172549
29,19,9.81,500,0.7,1,0.3,160,100000,1,0.1,0.05,3.3,1,1,0,400000,1,1,0.05,3.3s,1,0.0001,1000,9.496924,0.3333333,0,0.003921569,0,0.02352941,0,0,0,0.172549
29,20,9.81,500,0.7,1,0.3,160,100000,1,0.1,0.05,3.3,1,1,0,400000,1,1,0.05,3.3s,1,0.0001,1000,9.496924,0.3333333,0,0.003921569,0,0.01176471,0,0,0,0.172549
29,21,9.81,500,0.7,1,0.3,160,100000,1,0.1,0.05,3.3,1,1,0,400000,1,1,0.05,3.3s,1,0.0001,1000,9.496924,0.3333333,0,0.003921569,0,0,0,0,0,0.172549
29,22,9.81,500,0.7,1,0.3,160,100000,1,0.1,0.05,3.3,1,1,0,400000,1,1,0.05,3.3s,1,0.0001,1000,9.496924,0.3333333,0,0.003921569,0,0,0,0,0,0.172549
29,23,9.81,500,0.7,1,0.3,160,100000,1,0.1,0.05,3.3,1,1,0,400000,1,1,0.05,3.3s,1,0.0001,1000,9.496924,0.3333333,0,0.003921569,0,0,0,0,0,0.1686275
29,24,9.81,500,0.7,1,0.3,160,100000,1,0.1,0.05,3.3,1,1,0,400000,1,1,0.05,3.3s,1,0.0001,1000,9.496924,0.3333333,0,0,0,0,0,0,0,0.1686275
29,25,9.81,500,0.7,1,0.3,160,100000,1,0.1,0.05,3.3,1,1,0,400000,1,1,0.05,3.3s,1,0.0001,1000,9.496924,0.3333333,0,0,0,0,0,0,0,0.1686275
29,26,9.81,500,0.7,1,0.3,160,100000,1,0.1,0.05,3.3,1,1,0,400000,1,1,0.05,3.3s,1,0.0001,1000,9.496924,0.3333333,0,0,0,0,0,0.003921569,0,0.1686275
29,27,9.81,500,0.7,1,0.3,160,100000,1,0.1,0.05,3.3,1,1,0,400000,1,1,0.05,3.3s,1,0.0001,1000,9.496924,0.3333333,0,0,0,0,0,0.01960784,0,0.1647059
29,28,9.81,500,0.7,1,0.3,160,100000,1,0.1,0.05,3.3,1,1,0,400000,1,1,0.05,3.3s,1,0.0001,1000,9.496924,0.3333333,0,0,0,0,0,0.03921569,0,0.1607843
29,29,9.81,500,0.7,1,0.3,160,100000,1,0.1,0.05,3.3,1,1,0,400000,1,1,0.05,3.3s,1,0.0001,1000,9.496924,0.3333333,0,0,0,0,0,0.05882353,0,0.1568628
29,30,9.81,500,0.7,1,0.3,160,100000,1,0.1,0.05,3.3,1,1,0,400000,1,1,0.05,3.3s,1,0.0001,1000,9.496924,0.3333333,0.003921569,0,0,0,0,0.07450981,0,0.1568628
29,31,9.81,500,0.7,1,0.3,160,100000,1,0.1,0.05,3.3,1,1,0,400000,1,1,0.05,3.3s,1,0.0001,1000,9.496924,0.3333333,0.003921569,0,0,0.04313726,0,0.08235294,0,0.1568628
29,32,9.81,500,0.7,1,0.3,160,100000,1,0.1,0.05,3.3,1,1,0,400000,1,1,0.05,3.3s,1,0.0001,1000,9.496924,0.3333333,0.003921569,0,0,0.09019608,0.01176471,0.07450981,0,0.1568628
29,33,9.81,500,0.7,1,0.3,160,100000,1,0.1,0.05,3.3,1,1,0,400000,1,1,0.05,3.3s,1,0.0001,1000,9.496924,0.3333333,0.003921569,0,0,0.1333333,0.03137255,0.05882353,0,0.1607843
29,34,9.81,500,0.7,1,0.3,160,100000,1,0.1,0.05,3.3,1,1,0,400000,1,1,0.05,3.3s,1,0.0001,1000,9.496924,0.3333333,0.007843138,0.003921569,0,0.1607843,0.0509804,0.03137255,0,0.1647059
29,35,9.81,500,0.7,1,0.3,160,100000,1,0.1,0.05,3.3,1,1,0,400000,1,1,0.05,3.3s,1,0.0001,1000,9.496924,0.3333333,0.007843138,0.007843138,0,0.172549,0.0627451,0,0,0.172549
29,36,9.81,500,0.7,1,0.3,160,100000,1,0.1,0.05,3.3,1,1,0,400000,1,1,0.05,3.3s,1,0.0001,1000,9.496924,0.3333333,0.007843138,0.007843138,0,0.1647059,0.06666667,0,0,0.1803922
29,37,9.81,500,0.7,1,0.3,160,100000,1,0.1,0.05,3.3,1,1,0,400000,1,1,0.05,3.3s,1,0.0001,1000,9.496924,0.3333333,0.003921569,0.01176471,0,0.1372549,0.0627451,0,0,0.1882353
29,38,9.81,500,0.7,1,0.3,160,100000,1,0.1,0.05,3.3,1,1,0,400000,1,1,0.05,3.3s,1,0.0001,1000,9.496924,0.3333333,0.003921569,0.01176471,0,0.09411766,0.0509804,0,0,0.1921569
29,39,9.81,500,0.7,1,0.3,160,100000,1,0.1,0.05,3.3,1,1,0,400000,1,1,0.05,3.3s,1,0.0001,1000,9.496924,0.3333333,0.003921569,0.01568628,0,0.04313726,0.03529412,0,0,0.1960784
29,40,9.81,500,0.7,1,0.3,160,100000,1,0.1,0.05,3.3,1,1,0,400000,1,1,0.05,3.3s,1,0.0001,1000,9.496924,0.3333333,0,0.01568628,0,0,0.01960784,0,0,0.1960784
29,41,9.81,500,0.7,1,0.3,160,100000,1,0.1,0.05,3.3,1,1,0,400000,1,1,0.05,3.3s,1,0.0001,1000,9.496924,0.3333333,0,0.01176471,0,0,0.003921569,0,0,0.1921569
29,42,9.81,500,0.7,1,0.3,160,100000,1,0.1,0.05,3.3,1,1,0,400000,1,1,0.05,3.3s,1,0.0001,1000,9.496924,0.3333333,0,0.01176471,0,0,0,0,0,0.1882353
29,43,9.81,500,0.7,1,0.3,160,100000,1,0.1,0.05,3.3,1,1,0,400000,1,1,0.05,3.3s,1,0.0001,1000,9.496924,0.3333333,0,0.01176471,0,0,0,0,0,0.1803922
29,44,9.81,500,0.7,1,0.3,160,100000,1,0.1,0.05,3.3,1,1,0,400000,1,1,0.05,3.3s,1,0.0001,1000,9.496924,0.3333333,0,0.007843138,0,0,0,0,0,0.1764706
29,45,9.81,500,0.7,1,0.3,160,100000,1,0.1,0.05,3.3,1,1,0,400000,1,1,0.05,3.3s,1,0.0001,1000,9.496924,0.3333333,0,0.003921569,0,0,0,0.003921569,0,0.1686275
29,46,9.81,500,0.7,1,0.3,160,100000,1,0.1,0.05,3.3,1,1,0,400000,1,1,0.05,3.3s,1,0.0001,1000,9.496924,0.3333333,0,0.003921569,0,0,0,0.03529412,0,0.1607843
29,47,9.81,500,0.7,1,0.3,160,100000,1,0.1,0.05,3.3,1,1,0,400000,1,1,0.05,3.3s,1,0.0001,1000,9.496924,0.3333333,0,0,0,0,0,0.05882353,0,0.1568628
29,48,9.81,500,0.7,1,0.3,160,100000,1,0.1,0.05,3.3,1,1,0,400000,1,1,0.05,3.3s,1,0.0001,1000,9.496924,0.3333333,0,0,0,0,0,0.07450981,0.003921569,0.1529412
29,49,9.81,500,0.7,1,0.3,160,100000,1,0.1,0.05,3.3,1,1,0,400000,1,1,0.05,3.3s,1,0.0001,1000,9.496924,0.3333333,0,0,0,0,0.003921569,0.08235294,0.007843138,0.1529412
29,50,9.81,500,0.7,1,0.3,160,100000,1,0.1,0.05,3.3,1,1,0,400000,1,1,0.05,3.3s,1,0.0001,1000,9.496924,0.3333333,0,0,0,0,0.007843138,0.08235294,0.01176471,0.1529412
29,51,9.81,500,0.7,1,0.3,160,100000,1,0.1,0.05,3.3,1,1,0,400000,1,1,0.05,3.3s,1,0.0001,1000,9.496924,0.3333333,0,0,0,0.03137255,0.01176471,0.07450981,0.01176471,0.1529412
29,52,9.81,500,0.7,1,0.3,160,100000,1,0.1,0.05,3.3,1,1,0,400000,1,1,0.05,3.3s,1,0.0001,1000,9.496924,0.3333333,0.003921569,0,0,0.06666667,0.01176471,0.0627451,0.01176471,0.1568628
29,53,9.81,500,0.7,1,0.3,160,100000,1,0.1,0.05,3.3,1,1,0,400000,1,1,0.05,3.3s,1,0.0001,1000,9.496924,0.3333333,0.003921569,0,0,0.09019608,0.01176471,0.04705883,0.007843138,0.1568628
29,54,9.81,500,0.7,1,0.3,160,100000,1,0.1,0.05,3.3,1,1,0,400000,1,1,0.05,3.3s,1,0.0001,1000,9.496924,0.3333333,0.003921569,0,0,0.1058824,0.01176471,0.02745098,0.003921569,0.1607843
29,55,9.81,500,0.7,1,0.3,160,100000,1,0.1,0.05,3.3,1,1,0,400000,1,1,0.05,3.3s,1,0.0001,1000,9.496924,0.3333333,0.003921569,0.003921569,0,0.1137255,0.01176471,0.007843138,0,0.1647059
29,56,9.81,500,0.7,1,0.3,160,100000,1,0.1,0.05,3.3,1,1,0,400000,1,1,0.05,3.3s,1,0.0001,1000,9.496924,0.3333333,0.003921569,0.003921569,0,0.1137255,0.01568628,0,0,0.1686275
29,57,9.81,500,0.7,1,0.3,160,100000,1,0.1,0.05,3.3,1,1,0,400000,1,1,0.05,3.3s,1,0.0001,1000,9.496924,0.3333333,0.003921569,0.007843138,0,0.1098039,0.01568628,0,0,0.172549
29,58,9.81,500,0.7,1,0.3,160,100000,1,0.1,0.05,3.3,1,1,0,400000,1,1,0.05,3.3s,1,0.0001,1000,9.496924,0.3333333,0.003921569,0.007843138,0,0.09803922,0.01960784,0,0,0.1764706
29,59,9.81,500,0.7,1,0.3,160,100000,1,0.1,0.05,3.3,1,1,0,400000,1,1,0.05,3.3s,1,0.0001,1000,9.496924,0.3333333,0.003921569,0.007843138,0,0.08235294,0.02745098,0,0,0.1803922
29,60,9.81,500,0.7,1,0.3,160,100000,1,0.1,0.05,3.3,1,1,0,400000,1,1,0.05,3.3s,1,0.0001,1000,9.496924,0.3333333,0,0.01176471,0,0.05882353,0.03137255,0,0,0.1843137
29,61,9.81,500,0.7,1,0.3,160,100000,1,0.1,0.05,3.3,1,1,0,400000,1,1,0.05,3.3s,1,0.0001,1000,9.496924,0.3333333,0,0.01176471,0,0.03137255,0.03529412,0,0,0.1882353
29,62,9.81,500,0.7,1,0.3,160,100000,1,0.1,0.05,3.3,1,1,0,400000,1,1,0.05,3.3s,1,0.0001,1000,9.496924,0.3333333,0,0.01176471,0,0.003921569,0.03529412,0,0,0.1882353
29,63,9.81,500,0.7,1,0.3,160,100000,1,0.1,0.05,3.3,1,1,0,400000,1,1,0.05,3.3s,1,0.0001,1000,9.496924,0.3333333,0,0.01176471,0,0,0.03921569,0,0,0.1882353
30,0,9.81,500,0.7,1,0.3,160,100000,1,0.1,0.05,3.3,1,1,0,400000,1,1,0.05,3.3s,1,0.0001,1000,9.496924,0.3333333,0,0.01176471,0,0,0.01960784,0,0,0.1882353
30,1,9.81,500,0.7,1,0.3,160,100000,1,0.1,0.05,3.3,1,1,0,400000,1,1,0.05,3.3s,1,0.0001,1000,9.496924,0.3333333,0,0.01176471,0,0,0.01960784,0,0,0.1843137
30,2,9.81,500,0.7,1,0.3,160,100000,1,0.1,0.05,3.3,1,1,0,400000,1,1,0.05,3.3s,1,0.0001,1000,9.496924,0.3333333,0,0.007843138,0,0,0.02745098,0,0,0.1843137
30,3,9.81,500,0.7,1,0.3,160,100000,1,0.1,0.05,3.3,1,1,0,400000,1,1,0.05,3.3s,1,0.0001,1000,9.496924,0.3333333,0,0.007843138,0,0,0.03529412,0,0,0.1803922
30,4,9.81,500,0.7,1,0.3,160,100000,1,0.1,0.05,3.3,1,1,0,400000,1,1,0.05,3.3s,1,0.0001,1000,9.496924,0.3333333,0,0.007843138,0,0,0.04705883,0,0,0.1764706
30,5,9.81,500,0.7,1,0.3,160,100000,1,0.1,0.05,3.3,1,1,0,400000,1,1,0.05,3.3s,1,0.0001,1000,9.496924,0.3333333,0,0.003921569,0,0,0.05882353,0.003921569,0,0.172549
30,6,9.81,500,0.7,1,0.3,160,100000,1,0.1,0.05,3.3,1,1,0,400000,1,1,0.05,3.3s,1,0.0001,1000,9.496924,0.3333333,0,0.003921569,0,0,0.07058824,0.01960784,0,0.1686275
30,7,9.81,500,0.7,1,0.3,160,100000,1,0.1,0.05,3.3,1,1,0,400000,1,1,0.05,3.3s,1,0.0001,1000,9.496924,0.3333333,0,0,0,0,0.07843138,0.03137255,0,0.1686275
30,8,9.81,500,0.7,1,0.3,160,100000,1,0.1,0.05,3.3,1,1,0,400000,1,1,0.05,3.3s,1,0.0001,1000,9.496924,0.3333333,0,0,0,0,0.08235294,0.04313726,0,0.1647059
30,9,9.81,500,0.7,1,0.3,160,100000,1,0.1,0.05,3.3,1,1,0,400000,1,1,0.05,3.3s,1,0.0001,1000,9.496924,0.3333333,0,0,0,0,0.08235294,0.0509804,0,0.1647059
30,10,9.81,500,0.7,1,0.3,160,100000,1,0.1,0.05,3.3,1,1,0,400000,1,1,0.05,3.3s,1,0.0001,1000,9.496924,0.3333333,0,0,0,0,0.07450981,0.05490196,0,0.1607843
30,11,9.81,500,0.7,1,0.3,160,100000,1,0.1,0.05,3.3,1,1,0,400000,1,1,0.05,3.3s,1,0.0001,1000,9.496924,0.3333333,0,0,0,0,0.0627451,0.05490196,0,0.1607843
30,12,9.81,500,0.7,1,0.3,160,100000,1,0.1,0.05,3.3,1,1,0,400000,1,1,0.05,3.3s,1,0.0001,1000,9.496924,0.3333333,0,0,0,0.003921569,0.04313726,0.0509804,0,0.1607843
30,13,9.81,500,0.7,1,0.3,160,100000,1,0.1,0.05,3.3,1,1,0,400000,1,1,0.05,3.3s,1,0.0001,1000,9.496924,0.3333333,0,0,0,0.01960784,0.02352941,0.04313726,0,0.1647059
30,14,9.81,500,0.7,1,0.3,160,100000,1,0.1,0.05,3.3,1,1,0,400000,1,1,0.05,3.3s,1,0.0001,1000,9.496924,0.3333333,0,0,0,0.03137255,0,0.03137255,0,0.1647059
30,15,9.81,500,0.7,1,0.3,160,100000,1,0.1,0.05,3.3,1,1,0,400000,1,1,0.05,3.3s,1,0.0001,1000,9.496924,0.3333333,0,0,0,0.03137255,0,0.01960784,0,0.1647059
30,16,9.81,500,0.7,1,0.3,160,100000,1,0.1,0.05,3.3,1,1,0,400000,1,1,0.05,3.3s,1,0.0001,1000,9.496924,0.3333333,0,0,0,0.02745098,0,0.007843138,0,0.1686275
30,17,9.81,500,0.7,1,0.3,160,100000,1,0.1,0.05,3.3,1,1,0,400000,1,1,0.05,3.3s,1,0.0001,1000,9.496924,0.3333333,0,0,0,0.02352941,0,0,0,0.1686275
30,18,9.81,500,0.7,1,0.3,160,100000,1,0.1,0.05,3.3,1,1,0,400000,1,1,0.05,3.3s,1,0.0001,1000,9.496924,0.3333333,0,0,0,0.01176471,0,0,0,0.1686275
30,19,9.81,500,0.7,1,0.3,160,100000,1,0.1,0.05,3.3,1,1,0,400000,1,1,0.05,3.3s,1,0.0001,1000,9.496924,0.3333333,0,0,0,0.003921569,0,0,0,0.1686275
30,20,9.81,500,0.7,1,0.3,160,100000,1,0.1,0.05,3.3,1,1,0,400000,1,1,0.05,3.3s,1,0.0001,1000,9.496924,0.3333333,0,0,0,0,0,0,0,0.1686275
30,21,9.81,500,0.7,1,0.3,160,100000,1,0.1,0.05,3.3,1,1,0,400000,1,1,0.05,3.3s,1,0.0001,1000,9.496924,0.3333333,0,0,0,0,0,0,0.003921569,0.1686275
30,22,9.81,500,0.7,1,0.3,160,100000,1,0.1,0.05,3.3,1,1,0,400000,1,1,0.05,3.3s,1,0.0001,1000,9.496924,0.3333333,0,0,0,0,0,0,0.003921569,0.1647059
30,23,9.81,500,0.7,1,0.3,160,100000,1,0.1,0.05,3.3,1,1,0,400000,1,1,0.05,3.3s,1,0.0001,1000,9.496924,0.3333333,0,0,0,0,0,0,0.003921569,0.1647059
30,24,9.81,500,0.7,1,0.3,160,100000,1,0.1,0.05,3.3,1,1,0,400000,1,1,0.05,3.3s,1,0.0001,1000,9.496924,0.3333333,0,0,0,0,0,0,0.007843138,0.1647059
30,25,9.81,500,0.7,1,0.3,160,100000,1,0.1,0.05,3.3,1,1,0,400000,1,1,0.05,3.3s,1,0.0001,1000,9.496924,0.3333333,0,0,0,0,0,0.003921569,0.007843138,0.1647059
30,26,9.81,500,0.7,1,0.3,160,100000,1,0.1,0.05,3.3,1,1,0,400000,1,1,0.05,3.3s,1,0.0001,1000,9.496924,0.3333333,0,0,0,0,0,0.01176471,0.007843138,0.1647059
30,27,9.81,500,0.7,1,0.3,160,100000,1,0.1,0.05,3.3,1,1,0,400000,1,1,0.05,3.3s,1,0.0001,1000,9.496924,0.3333333,0,0,0,0,0,0.02352941,0.007843138,0.1607843
30,28,9.81,500,0.7,1,0.3,160,100000,1,0.1,0.05,3.3,1,1,0,400000,1,1,0.05,3.3s,1,0.0001,1000,9.496924,0.3333333,0,0,0,0,0,0.04313726,0.003921569,0.1607843
30,29,9.81,500,0.7,1,0.3,160,100000,1,0.1,0.05,3.3,1,1,0,400000,1,1,0.05,3.3s,1,0.0001,1000,9.496924,0.3333333,0.003921569,0,0,0,0,0.05882353,0.003921569,0.1568628
30,30,9.81,500,0.7,1,0.3,160,100000,1,0.1,0.05,3.3,1,1,0,400000,1,1,0.05,3.3s,1,0.0001,1000,9.496924,0.3333333,0.003921569,0,0,0.02745098,0,0.07450981,0,0.1568628
30,31,9.81,500,0.7,1,0.3,160,100000,1,0.1,0.05,3.3,1,1,0,400000,1,1,0.05,3.3s,1,0.0001,1000,9.496924,0.3333333,0.003921569,0,0,0.06666667,0,0.07843138,0,0.1568628
30,32,9.81,500,0.7,1,0.3,160,100000,1,0.1,0.05,3.3,1,1,0,400000,1,1,0.05,3.3s,1,0.0001,1000,9.496924,0.3333333,0.003921569,0,0,0.1137255,0.01176471,0.07058824,0,0.1568628
30,33,9.81,500,0.7,1,0.3,160,100000,1,0.1,0.05,3.3,1,1,0,400000,1,1,0.05,3.3s,1,0.0001,1000,9.496924,0.3333333,0.007843138,0,0,0.1490196,0.03529412,0.04705883,0,0.1607843
30,34,9.81,500,0.7,1,0.3,160,100000,1,0.1,0.05,3.3,1,1,0,400000,1,1,0.05,3.3s,1,0.0001,1000,9.496924,0.3333333,0.007843138,0.003921569,0,0.1764706,0.04705883,0.01568628,0,0.1686275
30,35,9.81,500,0.7,1,0.3,160,100000,1,0.1,0.05,3.3,1,1,0,400000,1,1,0.05,3.3s,1,0.0001,1000,9.496924,0.3333333,0.007843138,0.007843138,0,0.1803922,0.05882353,0,0,0.1764706
30,36,9.81,500,0.7,1,0.3,160,100000,1,0.1,0.05,3.3,1,1,0,400000,1,1,0.05,3.3s,1,0.0001,1000,9.496924,0.3333333,0.007843138,0.007843138,0,0.1647059,0.05882353,0,0,0.1843137
30,37,9.81,500,0.7,1,0.3,160,100000,1,0.1,0.05,3.3,1,1,0,400000,1,1,0.05,3.3s,1,0.0001,1000,9.496924,0.3333333,0.003921569,0.01176471,0,0.1294118,0.05490196,0,0,0.1882353
30,38,9.81,500,0.7,1,0.3,160,100000,1,0.1,0.05,3.3,1,1,0,400000,1,1,0.05,3.3s,1,0.0001,1000,9.496924,0.3333333,0.003921569,0.01568628,0,0.08235294,0.04313726,0,0,0.1960784
30,39,9.81,500,0.7,1,0.3,160,100000,1,0.1,0.05,3.3,1,1,0,400000,1,1,0.05,3.3s,1,0.0001,1000,9.496924,0.3333333,0,0.01568628,0,0.02745098,0.02745098,0,0,0.1960784
30,40,9.81,500,0.7,1,0.3,160,100000,1,0.1,0.05,3.3,1,1,0,400000,1,1,0.05,3.3s,1,0.0001,1000,9.496924,0.3333333,0,0.01568628,0,0,0.01176471,0,0,0.1960784
30,41,9.81,500,0.7,1,0.3,160,100000,1,0.1,0.05,3.3,1,1,0,400000,1,1,0.05,3.3s,1,0.0001,1000,9.496924,0.3333333,0,0.01176471,0,0,0,0,0,0.1921569
30,42,9.81,500,0.7,1,0.3,160,100000,1,0.1,0.05,3.3,1,1,0,400000,1,1,0.05,3.3s,1,0.0001,1000,9.496924,0.3333333,0,0.01176471,0,0,0,0,0,0.1882353
30,43,9.81,500,0.7,1,0.3,160,100000,1,0.1,0.05,3.3,1,1,0,400000,1,1,0.05,3.3s,1,0.0001,1000,9.496924,0.3333333,0,0.01176471,0,0,0,0,0,0.1803922
30,44,9.81,500,0.7,1,0.3,160,100000,1,0.1,0.05,3.3,1,1,0,400000,1,1,0.05,3.3s,1,0.0001,1000,9.496924,0.3333333,0,0.007843138,0,0,0,0,0,0.172549
30,45,9.81,500,0.7,1,0.3,160,100000,1,0.1,0.05,3.3,1,1,0,400000,1,1,0.05,3.3s,1,0.0001,1000,9.496924,0.3333333,0,0.003921569,0,0,0,0.007843138,0,0.1686275
30,46,9.81,500,0.7,1,0.3,160,100000,1,0.1,0.05,3.3,1,1,0,400000,1,1,0.05,3.3s,1,0.0001,1000,9.496924,0.3333333,0,0.003921569,0,0,0,0.03529412,0,0.1607843
30,47,9.81,500,0.7,1,0.3,160,100000,1,0.1,0.05,3.3,1,1,0,400000,1,1,0.05,3.3s,1,0.0001,1000,9.496924,0.3333333,0,0,0,0,0,0.05882353,0,0.1568628
30,48,9.81,500,0.7,1,0.3,160,100000,1,0.1,0.05,3.3,1,1,0,400000,1,1,0.05,3.3s,1,0.0001,1000,9.496924,0.3333333,0,0,0,0,0.007843138,0.07450981,0.003921569,0.1529412
30,49,9.81,500,0.7,1,0.3,160,100000,1,0.1,0.05,3.3,1,1,0,400000,1,1,0.05,3.3s,1,0.0001,1000,9.496924,0.3333333,0,0,0,0,0.01568628,0.08235294,0.003921569,0.1529412
30,50,9.81,500,0.7,1,0.3,160,100000,1,0.1,0.05,3.3,1,1,0,400000,1,1,0.05,3.3s,1,0.0001,1000,9.496924,0.3333333,0,0,0,0,0.01960784,0.07843138,0.007843138,0.1529412
30,51,9.81,500,0.7,1,0.3,160,100000,1,0.1,0.05,3.3,1,1,0,400000,1,1,0.05,3.3s,1,0.0001,1000,9.496924,0.3333333,0,0,0,0.03529412,0.02352941,0.07450981,0.007843138,0.1529412
30,52,9.81,500,0.7,1,0.3,160,100000,1,0.1,0.05,3.3,1,1,0,400000,1,1,0.05,3.3s,1,0.0001,1000,9.496924,0.3333333,0,0,0,0.06666667,0.02352941,0.0627451,0.003921569,0.1568628
30,53,9.81,500,0.7,1,0.3,160,100000,1,0.1,0.05,3.3,1,1,0,400000,1,1,0.05,3.3s,1,0.0001,1000,9.496924,0.3333333,0.003921569,0,0,0.09019608,0.01960784,0.04705883,0,0.1607843
30,54,9.81,500,0.7,1,0.3,160,100000,1,0.1,0.05,3.3,1,1,0,400000,1,1,0.05,3.3s,1,0.0001,1000,9.496924,0.3333333,0.003921569,0,0,0.1058824,0.01568628,0.02745098,0,0.1647059
30,55,9.81,500,0.7,1,0.3,160,100000,1,0.1,0.05,3.3,1,1,0,400000,1,1,0.05,3.3s,1,0.0001,1000,9.496924,0.3333333,0.003921569,0.003921569,0,0.1137255,0.01176471,0.007843138,0,0.1686275
30,56,9.81,500,0.7,1,0.3,160,100000,1,0.1,0.05,3.3,1,1,0,400000,1,1,0.05,3.3s,1,0.0001,1000,9.496924,0.3333333,0.003921569,0.003921569,0,0.1137255,0.01176471,0,0,0.172549
30,57,9.81,500,0.7,1,0.3,160,100000,1,0.1,0.05,3.3,1,1,0,400000,1,1,0.05,3.3s,1,0.0001,1000,9.496924,0.3333333,0.003921569,0.007843138,0,0.1098039,0.007843138,0,0,0.1764706
30,58,9.81,500,0.7,1,0.3,160,100000,1,0.1,0.05,3.3,1,1,0,400000,1,1,0.05,3.3s,1,0.0001,1000,9.496924,0.3333333,0.003921569,0.007843138,0,0.09803922,0.01176471,0,0,0.1803922
30,59,9.81,500,0.7,1,0.3,160,100000,1,0.1,0.05,3.3,1,1,0,400000,1,1,0.05,3.3s,1,0.0001,1000,9.496924,0.3333333,0.003921569,0.01176471,0,0.08235294,0.01176471,0,0,0.1843137
30,60,9.81,500,0.7,1,0.3,160,100000,1,0.1,0.05,3.3,1,1,0,400000,1,1,0.05,3.3s,1,0.0001,1000,9.496924,0.3333333,0,0.01176471,0,0.0627451,0.01568628,0,0,0.1882353
30,61,9.81,500,0.7,1,0.3,160,100000,1,0.1,0.05,3.3,1,1,0,400000,1,1,0.05,3.3s,1,0.0001,1000,9.496924,0.3333333,0,0.01176471,0,0.03529412,0.01568628,0,0,0.1882353
30,62,9.81,500,0.7,1,0.3,160,100000,1,0.1,0.05,3.3,1,1,0,400000,1,1,0.05,3.3s,1,0.0001,1000,9.496924,0.3333333,0,0.01176471,0,0.003921569,0.01568628,0,0,0.1921569
30,63,9.81,500,0.7,1,0.3,160,100000,1,0.1,0.05,3.3,1,1,0,400000,1,1,0.05,3.3s,1,0.0001,1000,9.496924,0.3333333,0,0.01176471,0,0,0.01568628,0,0,0.1882353
31,0,9.81,500,0.7,1,0.3,160,100000,1,0.1,0.05,3.3,1,1,0,400000,1,1,0.05,3.3s,1,0.0001,1000,9.496924,0.3333333,0,0.01176471,0,0,0,0,0,0.1882353
31,1,9.81,500,0.7,1,0.3,160,100000,1,0.1,0.05,3.3,1,1,0,400000,1,1,0.05,3.3s,1,0.0001,1000,9.496924,0.3333333,0,0.01176471,0,0,0,0,0,0.1882353
31,2,9.81,500,0.7,1,0.3,160,100000,1,0.1,0.05,3.3,1,1,0,400000,1,1,0.05,3.3s,1,0.0001,1000,9.496924,0.3333333,0,0.007843138,0,0,0,0,0,0.1843137
31,3,9.81,500,0.7,1,0.3,160,100000,1,0.1,0.05,3.3,1,1,0,400000,1,1,0.05,3.3s,1,0.0001,1000,9.496924,0.3333333,0,0.007843138,0,0,0.01176471,0,0,0.1803922
31,4,9.81,500,0.7,1,0.3,160,100000,1,0.1,0.05,3.3,1,1,0,400000,1,1,0.05,3.3s,1,0.0001,1000,9.496924,0.3333333,0,0.007843138,0,0,0.02352941,0,0,0.1803922
31,5,9.81,500,0.7,1,0.3,160,100000,1,0.1,0.05,3.3,1,1,0,400000,1,1,0.05,3.3s,1,0.0001,1000,9.496924,0.3333333,0,0.003921569,0,0,0.03921569,0.003921569,0,0.1764706
31,6,9.81,500,0.7,1,0.3,160,100000,1,0.1,0.05,3.3,1,1,0,400000,1,1,0.05,3.3s,1,0.0001,1000,9.496924,0.3333333,0,0.003921569,0,0,0.05490196,0.01176471,0,0.172549
31,7,9.81,500,0.7,1,0.3,160,100000,1,0.1,0.05,3.3,1,1,0,400000,1,1,0.05,3.3s,1,0.0001,1000,9.496924,0.3333333,0,0.003921569,0,0,0.06666667,0.01960784,0,0.172549
31,8,9.81,500,0.7,1,0.3,160,100000,1,0.1,0.05,3.3,1,1,0,400000,1,1,0.05,3.3s,1,0.0001,1000,9.496924,0.3333333,0,0,0,0,0.07058824,0.03137255,0,0.1686275
31,9,9.81,500,0.7,1,0.3,160,100000,1,0.1,0.05,3.3,1,1,0,400000,1,1,0.05,3.3s,1,0.0001,1000,9.496924,0.3333333,0,0,0,0,0.07450981,0.03921569,0,0.1686275
31,10,9.81,500,0.7,1,0.3,160,100000,1,0.1,0.05,3.3,1,1,0,400000,1,1,0.05,3.3s,1,0.0001,1000,9.496924,0.3333333,0,0,0,0,0.07058824,0.04313726,0,0.1647059
31,11,9.81,500,0.7,1,0.3,160,100000,1,0.1,0.05,3.3,1,1,0,400000,1,1,0.05,3.3s,1,0.0001,1000,9.496924,0.3333333,0,0,0,0,0.05882353,0.04313726,0,0.1647059
31,12,9.81,500,0.7,1,0.3,160,100000,1,0.1,0.05,3.3,1,1,0,400000,1,1,0.05,3.3s,1,0.0001,1000,9.496924,0.3333333,0,0,0,0,0.03921569,0.04313726,0,0.1647059
31,13,9.81,500,0.7,1,0.3,160,100000,1,0.1,0.05,3.3,1,1,0,400000,1,1,0.05,3.3s,1,0.0001,1000,9.496924,0.3333333,0,0,0,0,0.01960784,0.03529412,0,0.1647059
31,14,9.81,500,0.7,1,0.3,160,100000,1,0.1,0.05,3.3,1,1,0,400000,1,1,0.05,3.3s,1,0.0001,1000,9.496924,0.3333333,0,0,0,0.003921569,0,0.02745098,0,0.1647059
31,15,9.81,500,0.7,1,0.3,160,100000,1,0.1,0.05,3.3,1,1,0,400000,1,1,0.05,3.3s,1,0.0001,1000,9.496924,0.3333333,0,0,0,0.003921569,0,0.01960784,0,0.1686275
31,16,9.81,500,0.7,1,0.3,160,100000,1,0.1,0.05,3.3,1,1,0,400000,1,1,0.05,3.3s,1,0.0001,1000,9.496924,0.3333333,0,0,0,0,0,0.01176471,0,0.1686275
31,17,9.81,500,0.7,1,0.3,160,100000,1,0.1,0.05,3.3,1,1,0,400000,1,1,0.05,3.3s,1,0.0001,1000,9.496924,0.3333333,0,0,0,0,0,0.007843138,0,0.1686275
31,18,9.81,500,0.7,1,0.3,160,100000,1,0.1,0.05,3.3,1,1,0,400000,1,1,0.05,3.3s,1,0.0001,1000,9.496924,0.3333333,0,0,0,0,0,0.007843138,0,0.1647059
31,19,9.81,500,0.7,1,0.3,160,100000,1,0.1,0.05,3.3,1,1,0,400000,1,1,0.05,3.3s,1,0.0001,1000,9.496924,0.3333333,0,0,0,0,0,0.007843138,0.003921569,0.1647059
31,20,9.81,500,0.7,1,0.3,160,100000,1,0.1,0.05,3.3,1,1,0,400000,1,1,0.05,3.3s,1,0.0001,1000,9.496924,0.3333333,0,0,0,0,0,0.007843138,0.007843138,0.1647059
31,21,9.81,500,0.7,1,0.3,160,100000,1,0.1,0.05,3.3,1,1,0,400000,1,1,0.05,3.3s,1,0.0001,1000,9.496924,0.3333333,0,0,0,0,0,0.01176471,0.01176471,0.1647059
31,22,9.81,500,0.7,1,0.3,160,100000,1,0.1,0.05,3.3,1,1,0,400000,1,1,0.05,3.3s,1,0.0001,1000,9.496924,0.3333333,0,0,0,0,0,0.01176471,0.01568628,0.1607843
31,23,9.81,500,0.7,1,0.3,160,100000,1,0.1,0.05,3.3,1,1,0,400000,1,1,0.05,3.3s,1,0.0001,1000,9.496924,0.3333333,0,0,0,0,0,0.01176471,0.01568628,0.1607843
31,24,9.81,500,0.7,1,0.3,160,100000,1,0.1,0.05,3.3,1,1,0,400000,1,1,0.05,3.3s,1,0.0001,1000,9.496924,0.3333333,0,0,0,0,0,0.01176471,0.01568628,0.1607843
31,25,9.81,500,0.7,1,0.3,160,100000,1,0.1,0.05,3.3,1,1,0,400000,1,1,0.05,3.3s,1,0.0001,1000,9.496924,0.3333333,0,0,0,0,0,0.01568628,0.01568628,0.1607843
31,26,9.81,500,0.7,1,0.3,160,100000,1,0.1,0.05,3.3,1,1,0,400000,1,1,0.05,3.3s,1,0.0001,1000,9.496924,0.3333333,0,0,0,0,0,0.01960784,0.01568628,0.1607843
31,27,9.81,500,0.7,1,0.3,160,100000,1,0.1,0.05,3.3,1,1,0,400000,1,1,0.05,3.3s,1,0.0001,1000,9.496924,0.3333333,0,0,0,0,0,0.03137255,0.01176471,0.1607843
31,28,9.81,500,0.7,1,0.3,160,100000,1,0.1,0.05,3.3,1,1,0,400000,1,1,0.05,3.3s,1,0.0001,1000,9.496924,0.3333333,0.003921569,0,0,0,0,0.04705883,0.01176471,0.1568628
31,29,9.81,500,0.7,1,0.3,160,100000,1,0.1,0.05,3.3,1,1,0,400000,1,1,0.05,3.3s,1,0.0001,1000,9.496924,0.3333333,0.003921569,0,0,0.01960784,0,0.05882353,0.007843138,0.1568628
31,30,9.81,500,0.7,1,0.3,160,100000,1,0.1,0.05,3.3,1,1,0,400000,1,1,0.05,3.3s,1,0.0001,1000,9.496924,0.3333333,0.003921569,0,0,0.0509804,0,0.07058824,0,0.1568628
31,31,9.81,500,0.7,1,0.3,160,100000,1,0.1,0.05,3.3,1,1,0,400000,1,1,0.05,3.3s,1,0.0001,1000,9.496924,0.3333333,0.003921569,0,0,0.09019608,0,0.07058824,0,0.1568628
31,32,9.81,500,0.7,1,0.3,160,100000,1,0.1,0.05,3.3,1,1,0,400000,1,1,0.05,3.3s,1,0.0001,1000,9.496924,0.3333333,0.007843138,0,0,0.1333333,0.01568628,0.0627451,0,0.1607843
31,33,9.81,500,0.7,1,0.3,160,100000,1,0.1,0.05,3.3,1,1,0,400000,1,1,0.05,3.3s,1,0.0001,1000,9.496924,0.3333333,0.007843138,0.003921569,0,0.1686275,0.03137255,0.03921569,0,0.1647059
31,34,9.81,500,0.7,1,0.3,160,100000,1,0.1,0.05,3.3,1,1,0,400000,1,1,0.05,3.3s,1,0.0001,1000,9.496924,0.3333333,0.007843138,0.003921569,0,0.1843137,0.04313726,0.003921569,0,0.172549
31,35,9.81,500,0.7,1,0.3,160,100000,1,0.1,0.05,3.3,1,1,0,400000,1,1,0.05,3.3s,1,0.0001,1000,9.496924,0.3333333,0.007843138,0.007843138,0,0.1843137,0.0509804,0,0,0.1764706
31,36,9.81,500,0.7,1,0.3,160,100000,1,0.1,0.05,3.3,1,1,0,400000,1,1,0.05,3.3s,1,0.0001,1000,9.496924,0.3333333,0.007843138,0.01176471,0,0.1607843,0.0509804,0,0,0.1843137
31,37,9.81,500,0.7,1,0.3,160,100000,1,0.1,0.05,3.3,1,1,0,400000,1,1,0.05,3.3s,1,0.0001,1000,9.496924,0.3333333,0.003921569,0.01176471,0,0.1215686,0.04313726,0,0,0.1921569
31,38,9.81,500,0.7,1,0.3,160,100000,1,0.1,0.05,3.3,1,1,0,400000,1,1,0.05,3.3s,1,0.0001,1000,9.496924,0.3333333,0.003921569,0.01568628,0,0.07058824,0.03137255,0,0,0.1960784
31,39,9.81,500,0.7,1,0.3,160,100000,1,0.1,0.05,3.3,1,1,0,400000,1,1,0.05,3.3s,1,0.0001,1000,9.496924,0.3333333,0,0.01568628,0,0.01176471,0.01960784,0,0,0.2
31,40,9.81,500,0.7,1,0.3,160,100000,1,0.1,0.05,3.3,1,1,0,400000,1,1,0.05,3.3s,1,0.0001,1000,9.496924,0.3333333,0,0.01568628,0,0,0.003921569,0,0,0.1960784
31,41,9.81,500,0.7,1,0.3,160,100000,1,0.1,0.05,3.3,1,1,0,400000,1,1,0.05,3.3s,1,0.0001,1000,9.496924,0.3333333,0,0.01176471,0,0,0,0,0,0.1921569
31,42,9.81,500,0.7,1,0.3,160,100000,1,0.1,0.05,3.3,1,1,0,400000,1,1,0.05,3.3s,1,0.0001,1000,9.496924,0.3333333,0,0.01176471,0,0,0,0,0,0.1843137
31,43,9.81,500,0.7,1,0.3,160,100000,1,0.1,0.05,3.3,1,1,0,400000,1,1,0.05,3.3s,1,0.0001,1000,9.496924,0.3333333,0,0.007843138,0,0,0,0,0,0.1803922
31,44,9.81,500,0.7,1,0.3,160,100000,1,0.1,0.05,3.3,1,1,0,400000,1,1,0.05,3.3s,1,0.0001,1000,9.496924,0.3333333,0,0.007843138,0,0,0,0,0,0.172549
31,45,9.81,500,0.7,1,0.3,160,100000,1,0.1,0.05,3.3,1,1,0,400000,1,1,0.05,3.3s,1,0.0001,1000,9.496924,0.3333333,0,0.003921569,0,0,0,0.01176471,0,0.1647059
31,46,9.81,500,0.7,1,0.3,160,100000,1,0.1,0.05,3.3,1,1,0,400000,1,1,0.05,3.3s,1,0.0001,1000,9.496924,0.3333333,0,0.003921569,0,0,0,0.03921569,0,0.1607843
31,47,9.81,500,0.7,1,0.3,160,100000,1,0.1,0.05,3.3,1,1,0,400000,1,1,0.05,3.3s,1,0.0001,1000,9.496924,0.3333333,0,0,0,0,0.007843138,0.05882353,0,0.1568628
31,48,9.81,500,0.7,1,0.3,160,100000,1,0.1,0.05,3.3,1,1,0,400000,1,1,0.05,3.3s,1,0.0001,1000,9.496924,0.3333333,0,0,0,0,0.01568628,0.07058824,0,0.1568628
31,49,9.81,500,0.7,1,0.3,160,100000,1,0.1,0.05,3.3,1,1,0,400000,1,1,0.05,3.3s,1,0.0001,1000,9.496924,0.3333333,0,0,0,0,0.02352941,0.07843138,0,0.1529412
31,50,9.81,500,0.7,1,0.3,160,100000,1,0.1,0.05,3.3,1,1,0,400000,1,1,0.05,3.3s,1,0.0001,1000,9.496924,0.3333333,0,0,0,0.003921569,0.03137255,0.07450981,0,0.1529412
31,51,9.81,500,0.7,1,0.3,160,100000,1,0.1,0.05,3.3,1,1,0,400000,1,1,0.05,3.3s,1,0.0001,1000,9.496924,0.3333333,0,0,0,0.03529412,0.03137255,0.07058824,0,0.1568628
31,52,9.81,500,0.7,1,0.3,160,100000,1,0.1,0.05,3.3,1,1,0,400000,1,1,0.05,3.3s,1,0.0001,1000,9.496924,0.3333333,0,0,0,0.0627451,0.03137255,0.05882353,0,0.1568628
31,53,9.81,500,0.7,1,0.3,160,100000,1,0.1,0.05,3.3,1,1,0,400000,1,1,0.05,3.3s,1,0.0001,1000,9.496924,0.3333333,0.003921569,0,0,0.08627451,0.02352941,0.04313726,0,0.1607843
31,54,9.81,500,0.7,1,0.3,160,100000,1,0.1,0.05,3.3,1,1,0,400000,1,1,0.05,3.3s,1,0.0001,1000,9.496924,0.3333333,0.003921569,0,0,0.09803922,0.01960784,0.02745098,0,0.1647059
31,55,9.81,500,0.7,1,0.3,160,100000,1,0.1,0.05,3.3,1,1,0,400000,1,1,0.05,3.3s,1,0.0001,1000,9.496924,0.3333333,0.003921569,0.003921569,0,0.1058824,0.01176471,0.01176471,0,0.1686275
31,56,9.81,500,0.7,1,0.3,160,100000,1,0.1,0.05,3.3,1,1,0,400000,1,1,0.05,3.3s,1,0.0001,1000,9.496924,0.3333333,0.003921569,0.003921569,0,0.1098039,0.003921569,0,0,0.172549
31,57,9.81,500,0.7,1,0.3,160,100000,1,0.1,0.05,3.3,1,1,0,400000,1,1,0.05,3.3s,1,0.0001,1000,9.496924,0.3333333,0.003921569,0.007843138,0,0.1058824,0,0,0,0.1764706
31,58,9.81,500,0.7,1,0.3,160,100000,1,0.1,0.05,3.3,1,1,0,400000,1,1,0.05,3.3s,1,0.0001,1000,9.496924,0.3333333,0.003921569,0.007843138,0,0.09803922,0,0,0,0.1803922
31,59,9.81,500,0.7,1,0.3,160,100000,1,0.1,0.05,3.3,1,1,0,400000,1,1,0.05,3.3s,1,0.0001,1000,9.496924,0.3333333,0.003921569,0.01176471,0,0.08627451,0,0,0,0.1843137
31,60,9.81,500,0.7,1,0.3,160,100000,1,0.1,0.05,3.3,1,1,0,400000,1,1,0.05,3.3s,1,0.0001,1000,9.496924,0.3333333,0,0.01176471,0,0.0627451,0,0,0,0.1882353
31,61,9.81,500,0.7,1,0.3,160,100000,1,0.1,0.05,3.3,1,1,0,400000,1,1,0.05,3.3s,1,0.0001,1000,9.496924,0.3333333,0,0.01176471,0,0.03529412,0,0,0,0.1921569
31,62,9.81,500,0.7,1,0.3,160,100000,1,0.1,0.05,3.3,1,1,0,400000,1,1,0.05,3.3s,1,0.0001,1000,9.496924,0.3333333,0,0.01176471,0,0.003921569,0,0,0,0.1921569
31,63,9.81,500,0.7,1,0.3,160,100000,1,0.1,0.05,3.3,1,1,0,400000,1,1,0.05,3.3s,1,0.0001,1000,9.496924,0.3333333,0,0.01176471,0,0,0,0,0,0.1921569
32,0,9.81,500,0.7,1,0.3,160,100000,1,0.1,0.05,3.3,1,1,0,400000,1,1,0.05,3.3s,1,0.0001,1000,9.496924,0.3333333,0,0.01176471,0,0,0,0,0,0.1882353
32,1,9.81,500,0.7,1,0.3,160,100000,1,0.1,0.05,3.3,1,1,0,400000,1,1,0.05,3.3s,1,0.0001,1000,9.496924,0.3333333,0,0.01176471,0,0,0,0,0,0.1882353
32,2,9.81,500,0.7,1,0.3,160,100000,1,0.1,0.05,3.3,1,1,0,400000,1,1,0.05,3.3s,1,0.0001,1000,9.496924,0.3333333,0,0.007843138,0,0,0,0,0,0.1843137
32,3,9.81,500,0.7,1,0.3,160,100000,1,0.1,0.05,3.3,1,1,0,400000,1,1,0.05,3.3s,1,0.0001,1000,9.496924,0.3333333,0,0.007843138,0,0,0,0,0,0.1803922
32,4,9.81,500,0.7,1,0.3,160,100000,1,0.1,0.05,3.3,1,1,0,400000,1,1,0.05,3.3s,1,0.0001,1000,9.496924,0.3333333,0,0.007843138,0,0,0,0,0,0.1803922
32,5,9.81,500,0.7,1,0.3,160,100000,1,0.1,0.05,3.3,1,1,0,400000,1,1,0.05,3.3s,1,0.0001,1000,9.496924,0.3333333,0,0.003921569,0,0,0.01568628,0,0,0.1764706
32,6,9.81,500,0.7,1,0.3,160,100000,1,0.1,0.05,3.3,1,1,0,400000,1,1,0.05,3.3s,1,0.0001,1000,9.496924,0.3333333,0,0.003921569,0,0,0.03137255,0.007843138,0,0.1764706
32,7,9.81,500,0.7,1,0.3,160,100000,1,0.1,0.05,3.3,1,1,0,400000,1,1,0.05,3.3s,1,0.0001,1000,9.496924,0.3333333,0,0.003921569,0,0,0.04313726,0.01176471,0,0.1764706
32,8,9.81,500,0.7,1,0.3,160,100000,1,0.1,0.05,3.3,1,1,0,400000,1,1,0.05,3.3s,1,0.0001,1000,9.496924,0.3333333,0,0.003921569,0,0,0.0509804,0.01960784,0,0.172549
32,9,9.81,500,0.7,1,0.3,160,100000,1,0.1,0.05,3.3,1,1,0,400000,1,1,0.05,3.3s,1,0.0001,1000,9.496924,0.3333333,0,0,0,0,0.05490196,0.02745098,0,0.172549
32,10,9.81,500,0.7,1,0.3,160,100000,1,0.1,0.05,3.3,1,1,0,400000,1,1,0.05,3.3s,1,0.0001,1000,9.496924,0.3333333,0,0,0,0,0.05490196,0.03137255,0,0.1686275
32,11,9.81,500,0.7,1,0.3,160,100000,1,0.1,0.05,3.3,1,1,0,400000,1,1,0.05,3.3s,1,0.0001,1000,9.496924,0.3333333,0,0,0,0,0.04705883,0.03529412,0,0.1686275
32,12,9.81,500,0.7,1,0.3,160,100000,1,0.1,0.05,3.3,1,1,0,400000,1,1,0.05,3.3s,1,0.0001,1000,9.496924,0.3333333,0,0,0,0,0.03137255,0.03137255,0,0.1686275
32,13,9.81,500,0.7,1,0.3,160,100000,1,0.1,0.05,3.3,1,1,0,400000,1,1,0.05,3.3s,1,0.0001,1000,9.496924,0.3333333,0,0,0,0,0.01176471,0.02745098,0,0.1686275
32,14,9.81,500,0.7,1,0.3,160,100000,1,0.1,0.05,3.3,1,1,0,400000,1,1,0.05,3.3s,1,0.0001,1000,9.496924,0.3333333,0,0,0,0,0,0.02352941,0,0.1686275
32,15,9.81,500,0.7,1,0.3,160,100000,1,0.1,0.05,3.3,1,1,0,400000,1,1,0.05,3.3s,1,0.0001,1000,9.496924,0.3333333,0,0,0,0,0,0.01960784,0,0.1686275
32,16,9.81,500,0.7,1,0.3,160,100000,1,0.1,0.05,3.3,1,1,0,400000,1,1,0.05,3.3s,1,0.0001,1000,9.496924,0.3333333,0,0,0,0,0,0.01568628,0,0.1647059
32,17,9.81,500,0.7,1,0.3,160,100000,1,0.1,0.05,3.3,1,1,0,400000,1,1,0.05,3.3s,1,0.0001,1000,9.496924,0.3333333,0,0,0,0,0,0.01568628,0,0.1647059
32,18,9.81,500,0.7,1,0.3,160,100000,1,0.1,0.05,3.3,1,1,0,400000,1,1,0.05,3.3s,1,0.0001,1000,9.496924,0.3333333,0,0,0,0,0,0.01568628,0.003921569,0.1647059
32,19,9.81,500,0.7,1,0.3,160,100000,1,0.1,0.05,3.3,1,1,0,400000,1,1,0.05,3.3s,1,0.0001,1000,9.496924,0.3333333,0,0,0,0,0,0.01960784,0.01176471,0.1607843
32,20,9.81,500,0.7,1,0.3,160,100000,1,0.1,0.05,3.3,1,1,0,400000,1,1,0.05,3.3s,1,0.0001,1000,9.496924,0.3333333,0,0,0,0,0,0.02352941,0.01568628,0.1607843
32,21,9.81,500,0.7,1,0.3,160,100000,1,0.1,0.05,3.3,1,1,0,400000,1,1,0.05,3.3s,1,0.0001,1000,9.496924,0.3333333,0,0,0,0,0,0.02745098,0.01960784,0.1607843
32,22,9.81,500,0.7,1,0.3,160,100000,1,0.1,0.05,3.3,1,1,0,400000,1,1,0.05,3.3s,1,0.0001,1000,9.496924,0.3333333,0,0,0,0,0,0.02745098,0.02352941,0.1568628
32,23,9.81,500,0.7,1,0.3,160,100000,1,0.1,0.05,3.3,1,1,0,400000,1,1,0.05,3.3s,1,0.0001,1000,9.496924,0.3333333,0,0,0,0,0,0.02745098,0.02352941,0.1568628
32,24,9.81,500,0.7,1,0.3,160,100000,1,0.1,0.05,3.3,1,1,0,400000,1,1,0.05,3.3s,1,0.0001,1000,9.496924,0.3333333,0,0,0,0.003921569,0,0.02352941,0.02352941,0.1568628
32,25,9.81,500,0.7,1,0.3,160,100000,1,0.1,0.05,3.3,1,1,0,400000,1,1,0.05,3.3s,1,0.0001,1000,9.496924,0.3333333,0,0,0,0.007843138,0,0.02352941,0.02352941,0.1607843
32,26,9.81,500,0.7,1,0.3,160,100000,1,0.1,0.05,3.3,1,1,0,400000,1,1,0.05,3.3s,1,0.0001,1000,9.496924,0.3333333,0.003921569,0,0,0.007843138,0,0.02745098,0.02352941,0.1607843
32,27,9.81,500,0.7,1,0.3,160,100000,1,0.1,0.05,3.3,1,1,0,400000,1,1,0.05,3.3s,1,0.0001,1000,9.496924,0.3333333,0.003921569,0,0,0.01176471,0,0.03529412,0.01960784,0.1568628
32,28,9.81,500,0.7,1,0.3,160,100000,1,0.1,0.05,3.3,1,1,0,400000,1,1,0.05,3.3s,1,0.0001,1000,9.496924,0.3333333,0.003921569,0,0,0.01960784,0,0.04705883,0.01176471,0.1568628
32,29,9.81,500,0.7,1,0.3,160,100000,1,0.1,0.05,3.3,1,1,0,400000,1,1,0.05,3.3s,1,0.0001,1000,9.496924,0.3333333,0.003921569,0,0,0.03921569,0,0.05882353,0.007843138,0.1568628
32,30,9.81,500,0.7,1,0.3,160,100000,1,0.1,0.05,3.3,1,1,0,400000,1,1,0.05,3.3s,1,0.0001,1000,9.496924,0.3333333,0.003921569,0,0,0.07058824,0,0.06666667,0,0.1568628
32,31,9.81,500,0.7,1,0.3,160,100000,1,0.1,0.05,3.3,1,1,0,400000,1,1,0.05,3.3s,1,0.0001,1000,9.496924,0.3333333,0.007843138,0,0,0.1098039,0,0.06666667,0,0.1568628
32,32,9.81,500,0.7,1,0.3,160,100000,1,0.1,0.05,3.3,1,1,0,400000,1,1,0.05,3.3s,1,0.0001,1000,9.496924,0.3333333,0.007843138,0,0,0.1490196,0.01568628,0.0509804,0,0.1607843
32,33,9.81,500,0.7,1,0.3,160,100000,1,0.1,0.05,3.3,1,1,0,400000,1,1,0.05,3.3s,1,0.0001,1000,9.496924,0.3333333,0.007843138,0.003921569,0,0.1803922,0.03137255,0.02745098,0,0.1647059
32,34,9.81,500,0.7,1,0.3,160,100000,1,0.1,0.05,3.3,1,1,0,400000,1,1,0.05,3.3s,1,0.0001,1000,9.496924,0.3333333,0.007843138,0.003921569,0,0.1921569,0.03921569,0,0,0.172549
32,35,9.81,500,0.7,1,0.3,160,100000,1,0.1,0.05,3.3,1,1,0,400000,1,1,0.05,3.3s,1,0.0001,1000,9.496924,0.3333333,0.007843138,0.007843138,0,0.1843137,0.03921569,0,0,0.1803922
32,36,9.81,500,0.7,1,0.3,160,100000,1,0.1,0.05,3.3,1,1,0,400000,1,1,0.05,3.3s,1,0.0001,1000,9.496924,0.3333333,0.007843138,0.01176471,0,0.1568628,0.03921569,0,0,0.1882353
32,37,9.81,500,0.7,1,0.3,160,100000,1,0.1,0.05,3.3,1,1,0,400000,1,1,0.05,3.3s,1,0.0001,1000,9.496924,0.3333333,0.003921569,0.01176471,0,0.1137255,0.03137255,0,0,0.1960784
32,38,9.81,500,0.7,1,0.3,160,100000,1,0.1,0.05,3.3,1,1,0,400000,1,1,0.05,3.3s,1,0.0001,1000,9.496924,0.3333333,0.003921569,0.01568628,0,0.05490196,0.01960784,0,0,0.2
32,39,9.81,500,0.7,1,0.3,160,100000,1,0.1,0.05,3.3,1,1,0,400000,1,1,0.05,3.3s,1,0.0001,1000,9.496924,0.3333333,0,0.01568628,0,0,0.007843138,0,0,0.2
32,40,9.81,500,0.7,1,0.3,160,100000,1,0.1,0.05,3.3,1,1,0,400000,1,1,0.05,3.3s,1,0.0001,1000,9.496924,0.3333333,0,0.01568628,0,0,0,0,0,0.1960784
32,41,9.81,500,0.7,1,0.3,160,100000,1,0.1,0.05,3.3,1,1,0,400000,1,1,0.05,3.3s,1,0.0001,1000,9.496924,0.3333333,0,0.01176471,0,0,0,0,0,0.1921569
32,42,9.81,500,0.7,1,0.3,160,100000,1,0.1,0.05,3.3,1,1,0,400000,1,1,0.05,3.3s,1,0.0001,1000,9.496924,0.3333333,0,0.01176471,0,0,0,0,0,0.1843137
32,43,9.81,500,0.7,1,0.3,160,100000,1,0.1,0.05,3.3,1,1,0,400000,1,1,0.05,3.3s,1,0.0001,1000,9.496924,0.3333333,0,0.007843138,0,0,0,0,0,0.1764706
32,44,9.81,500,0.7,1,0.3,160,100000,1,0.1,0.05,3.3,1,1,0,400000,1,1,0.05,3.3s,1,0.0001,1000,9.496924,0.3333333,0,0.007843138,0,0,0,0,0,0.172549
32,45,9.81,500,0.7,1,0.3,160,100000,1,0.1,0.05,3.3,1,1,0,400000,1,1,0.05,3.3s,1,0.0001,1000,9.496924,0.3333333,0,0.003921569,0,0,0,0.01568628,0,0.1647059
32,46,9.81,500,0.7,1,0.3,160,100000,1,0.1,0.05,3.3,1,1,0,400000,1,1,0.05,3.3s,1,0.0001,1000,9.496924,0.3333333,0,0.003921569,0,0,0.003921569,0.03921569,0,0.1607843
32,47,9.81,500,0.7,1,0.3,160,100000,1,0.1,0.05,3.3,1,1,0,400000,1,1,0.05,3.3s,1,0.0001,1000,9.496924,0.3333333,0,0,0,0,0.01176471,0.05882353,0,0.1607843
32,48,9.81,500,0.7,1,0.3,160,100000,1,0.1,0.05,3.3,1,1,0,400000,1,1,0.05,3.3s,1,0.0001,1000,9.496924,0.3333333,0,0,0,0,0.02352941,0.06666667,0,0.1568628
32,49,9.81,500,0.7,1,0.3,160,100000,1,0.1,0.05,3.3,1,1,0,400000,1,1,0.05,3.3s,1,0.0001,1000,9.496924,0.3333333,0,0,0,0,0.03137255,0.07058824,0,0.1568628
32,50,9.81,500,0.7,1,0.3,160,100000,1,0.1,0.05,3.3,1,1,0,400000,1,1,0.05,3.3s,1,0.0001,1000,9.496924,0.3333333,0,0,0,0.003921569,0.03529412,0.07058824,0,0.1568628
32,51,9.81,500,0.7,1,0.3,160,100000,1,0.1,0.05,3.3,1,1,0,400000,1,1,0.05,3.3s,1,0.0001,1000,9.496924,0.3333333,0,0,0,0.03529412,0.03529412,0.0627451,0,0.1568628
32,52,9.81,500,0.7,1,0.3,160,100000,1,0.1,0.05,3.3,1,1,0,400000,1,1,0.05,3.3s,1,0.0001,1000,9.496924,0.3333333,0,0,0,0.05882353,0.03137255,0.0509804,0,0.1607843
32,53,9.81,500,0.7,1,0.3,160,100000,1,0.1,0.05,3.3,1,1,0,400000,1,1,0.05,3.3s,1,0.0001,1000,9.496924,0.3333333,0.003921569,0,0,0.07843138,0.02745098,0.03921569,0,0.1607843
32,54,9.81,500,0.7,1,0.3,160,100000,1,0.1,0.05,3.3,1,1,0,400000,1,1,0.05,3.3s,1,0.0001,1000,9.496924,0.3333333,0.003921569,0.003921569,0,0.09019608,0.01568628,0.02352941,0,0.1647059
32,55,9.81,500,0.7,1,0.3,160,100000,1,0.1,0.05,3.3,1,1,0,400000,1,1,0.05,3.3s,1,0.0001,1000,9.496924,0.3333333,0.003921569,0.003921569,0,0.09803922,0.003921569,0.01176471,0,0.1686275
32,56,9.81,500,0.7,1,0.3,160,100000,1,0.1,0.05,3.3,1,1,0,400000,1,1,0.05,3.3s,1,0.0001,1000,9.496924,0.3333333,0.003921569,0.003921569,0,0.1019608,0,0,0,0.172549
32,57,9.81,500,0.7,1,0.3,160,100000,1,0.1,0.05,3.3,1,1,0,400000,1,1,0.05,3.3s,1,0.0001,1000,9.496924,0.3333333,0.003921569,0.007843138,0,0.1019608,0,0,0,0.1764706
32,58,9.81,500,0.7,1,0.3,160,100000,1,0.1,0.05,3.3,1,1,0,400000,1,1,0.05,3.3s,1,0.0001,1000,9.496924,0.3333333,0.003921569,0.007843138,0,0.09411766,0,0,0,0.1803922
32,59,9.81,500,0.7,1,0.3,160,100000,1,0.1,0.05,3.3,1,1,0,400000,1,1,0.05,3.3s,1,0.0001,1000,9.496924,0.3333333,0,0.007843138,0,0.08235294,0,0,0,0.1843137
32,60,9.81,500,0.7,1,0.3,160,100000,1,0.1,0.05,3.3,1,1,0,400000,1,1,0.05,3.3s,1,0.0001,1000,9.496924,0.3333333,0,0.01176471,0,0.05882353,0,0,0,0.1882353
32,61,9.81,500,0.7,1,0.3,160,100000,1,0.1,0.05,3.3,1,1,0,400000,1,1,0.05,3.3s,1,0.0001,1000,9.496924,0.3333333,0,0.01176471,0,0.03137255,0,0,0,0.1921569
32,62,9.81,500,0.7,1,0.3,160,100000,1,0.1,0.05,3.3,1,1,0,400000,1,1,0.05,3.3s,1,0.0001,1000,9.496924,0.3333333,0,0.01176471,0,0.003921569,0,0,0,0.1921569
32,63,9.81,500,0.7,1,0.3,160,100000,1,0.1,0.05,3.3,1,1,0,400000,1,1,0.05,3.3s,1,0.0001,1000,9.496924,0.3333333,0,0.01176471,0,0,0,0,0,0.1921569
33,0,9.81,500,0.7,1,0.3,160,100000,1,0.1,0.05,3.3,1,1,0,400000,1,1,0.05,3.3s,1,0.0001,1000,9.496924,0.3333333,0,0.01176471,0,0,0,0,0,0.1882353
33,1,9.81,500,0.7,1,0.3,160,100000,1,0.1,0.05,3.3,1,1,0,400000,1,1,0.05,3.3s,1,0.0001,1000,9.496924,0.3333333,0,0.007843138,0,0,0,0,0,0.1843137
33,2,9.81,500,0.7,1,0.3,160,100000,1,0.1,0.05,3.3,1,1,0,400000,1,1,0.05,3.3s,1,0.0001,1000,9.496924,0.3333333,0,0.007843138,0,0,0,0,0,0.1843137
33,3,9.81,500,0.7,1,0.3,160,100000,1,0.1,0.05,3.3,1,1,0,400000,1,1,0.05,3.3s,1,0.0001,1000,9.496924,0.3333333,0,0.007843138,0,0,0,0,0,0.1803922
33,4,9.81,500,0.7,1,0.3,160,100000,1,0.1,0.05,3.3,1,1,0,400000,1,1,0.05,3.3s,1,0.0001,1000,9.496924,0.3333333,0,0.007843138,0,0,0,0,0,0.1803922
33,5,9.81,500,0.7,1,0.3,160,100000,1,0.1,0.05,3.3,1,1,0,400000,1,1,0.05,3.3s,1,0.0001,1000,9.496924,0.3333333,0,0.003921569,0,0,0,0,0,0.1803922
33,6,9.81,500,0.7,1,0.3,160,100000,1,0.1,0.05,3.3,1,1,0,400000,1,1,0.05,3.3s,1,0.0001,1000,9.496924,0.3333333,0,0.003921569,0,0,0,0,0,0.1803922
33,7,9.81,500,0.7,1,0.3,160,100000,1,0.1,0.05,3.3,1,1,0,400000,1,1,0.05,3.3s,1,0.0001,1000,9.496924,0.3333333,0,0.003921569,0,0,0.01568628,0.003921569,0,0.1764706
33,8,9.81,500,0.7,1,0.3,160,100000,1,0.1,0.05,3.3,1,1,0,400000,1,1,0.05,3.3s,1,0.0001,1000,9.496924,0.3333333,0,0.003921569,0,0,0.02745098,0.007843138,0,0.1764706
33,9,9.81,500,0.7,1,0.3,160,100000,1,0.1,0.05,3.3,1,1,0,400000,1,1,0.05,3.3s,1,0.0001,1000,9.496924,0.3333333,0,0,0,0,0.03137255,0.01568628,0,0.1764706
33,10,9.81,500,0.7,1,0.3,160,100000,1,0.1,0.05,3.3,1,1,0,400000,1,1,0.05,3.3s,1,0.0001,1000,9.496924,0.3333333,0,0,0,0,0.03137255,0.01960784,0,0.172549
33,11,9.81,500,0.7,1,0.3,160,100000,1,0.1,0.05,3.3,1,1,0,400000,1,1,0.05,3.3s,1,0.0001,1000,9.496924,0.3333333,0,0,0,0,0.02745098,0.02352941,0,0.172549
33,12,9.81,500,0.7,1,0.3,160,100000,1,0.1,0.05,3.3,1,1,0,400000,1,1,0.05,3.3s,1,0.0001,1000,9.496924,0.3333333,0,0,0,0,0.01568628,0.02352941,0,0.1686275
33,13,9.81,500,0.7,1,0.3,160,100000,1,0.1,0.05,3.3,1,1,0,400000,1,1,0.05,3.3s,1,0.0001,1000,9.496924,0.3333333,0,0,0,0,0,0.01960784,0,0.1686275
33,14,9.81,500,0.7,1,0.3,160,100000,1,0.1,0.05,3.3,1,1,0,400000,1,1,0.05,3.3s,1,0.0001,1000,9.496924,0.3333333,0,0,0,0,0,0.01960784,0,0.1686275
33,15,9.81,500,0.7,1,0.3,160,100000,1,0.1,0.05,3.3,1,1,0,400000,1,1,0.05,3.3s,1,0.0001,1000,9.496924,0.3333333,0,0,0,0,0,0.01568628,0,0.1686275
33,16,9.81,500,0.7,1,0.3,160,100000,1,0.1,0.05,3.3,1,1,0,400000,1,1,0.05,3.3s,1,0.0001,1000,9.496924,0.3333333,0,0,0,0,0,0.01960784,0,0.1647059
33,17,9.81,500,0.7,1,0.3,160,100000,1,0.1,0.05,3.3,1,1,0,400000,1,1,0.05,3.3s,1,0.0001,1000,9.496924,0.3333333,0,0,0,0,0,0.01960784,0,0.1647059
33,18,9.81,500,0.7,1,0.3,160,100000,1,0.1,0.05,3.3,1,1,0,400000,1,1,0.05,3.3s,1,0.0001,1000,9.496924,0.3333333,0,0,0,0,0,0.02352941,0.007843138,0.1607843
33,19,9.81,500,0.7,1,0.3,160,100000,1,0.1,0.05,3.3,1,1,0,400000,1,1,0.05,3.3s,1,0.0001,1000,9.496924,0.3333333,0,0,0,0,0,0.03137255,0.01176471,0.1607843
33,20,9.81,500,0.7,1,0.3,160,100000,1,0.1,0.05,3.3,1,1,0,400000,1,1,0.05,3.3s,1,0.0001,1000,9.496924,0.3333333,0,0,0,0,0,0.03529412,0.01960784,0.1568628
33,21,9.81,500,0.7,1,0.3,160,100000,1,0.1,0.05,3.3,1,1,0,400000,1,1,0.05,3.3s,1,0.0001,1000,9.496924,0.3333333,0,0,0,0,0,0.03921569,0.02352941,0.1568628
33,22,9.81,500,0.7,1,0.3,160,100000,1,0.1,0.05,3.3,1,1,0,400000,1,1,0.05,3.3s,1,0.0001,1000,9.496924,0.3333333,0,0,0,0,0,0.03921569,0.02745098,0.1568628
33,23,9.81,500,0.7,1,0.3,160,100000,1,0.1,0.05,3.3,1,1,0,400000,1,1,0.05,3.3s,1,0.0001,1000,9.496924,0.3333333,0,0,0,0.007843138,0,0.03921569,0.03137255,0.1568628
33,24,9.81,500,0.7,1,0.3,160,100000,1,0.1,0.05,3.3,1,1,0,400000,1,1,0.05,3.3s,1,0.0001,1000,9.496924,0.3333333,0,0,0,0.01568628,0,0.03529412,0.03137255,0.1568628
33,25,9.81,500,0.7,1,0.3,160,100000,1,0.1,0.05,3.3,1,1,0,400000,1,1,0.05,3.3s,1,0.0001,1000,9.496924,0.3333333,0.003921569,0,0,0.02352941,0,0.03529412,0.02745098,0.1568628
33,26,9.81,500,0.7,1,0.3,160,100000,1,0.1,0.05,3.3,1,1,0,400000,1,1,0.05,3.3s,1,0.0001,1000,9.496924,0.3333333,0.003921569,0,0,0.02352941,0,0.03529412,0.02745098,0.1568628
33,27,9.81,500,0.7,1,0.3,160,100000,1,0.1,0.05,3.3,1,1,0,400000,1,1,0.05,3.3s,1,0.0001,1000,9.496924,0.3333333,0.003921569,0,0,0.03137255,0,0.03921569,0.02352941,0.1568628
33,28,9.81,500,0.7,1,0.3,160,100000,1,0.1,0.05,3.3,1,1,0,400000,1,1,0.05,3.3s,1,0.0001,1000,9.496924,0.3333333,0.003921569,0,0,0.03921569,0,0.0509804,0.01568628,0.1568628
33,29,9.81,500,0.7,1,0.3,160,100000,1,0.1,0.05,3.3,1,1,0,400000,1,1,0.05,3.3s,1,0.0001,1000,9.496924,0.3333333,0.003921569,0,0,0.0627451,0,0.05882353,0.007843138,0.1568628
33,30,9.81,500,0.7,1,0.3,160,100000,1,0.1,0.05,3.3,1,1,0,400000,1,1,0.05,3.3s,1,0.0001,1000,9.496924,0.3333333,0.007843138,0,0,0.09019608,0,0.0627451,0,0.1568628
33,31,9.81,500,0.7,1,0.3,160,100000,1,0.1,0.05,3.3,1,1,0,400000,1,1,0.05,3.3s,1,0.0001,1000,9.496924,0.3333333,0.007843138,0,0,0.1294118,0,0.05882353,0,0.1568628
33,32,9.81,500,0.7,1,0.3,160,100000,1,0.1,0.05,3.3,1,1,0,400000,1,1,0.05,3.3s,1,0.0001,1000,9.496924,0.3333333,0.007843138,0,0,0.1647059,0.01568628,0.04313726,0,0.1607843
33,33,9.81,500,0.7,1,0.3,160,100000,1,0.1,0.05,3.3,1,1,0,400000,1,1,0.05,3.3s,1,0.0001,1000,9.496924,0.3333333,0.007843138,0.003921569,0,0.1882353,0.02352941,0.01568628,0,0.1686275
33,34,9.81,500,0.7,1,0.3,160,100000,1,0.1,0.05,3.3,1,1,0,400000,1,1,0.05,3.3s,1,0.0001,1000,9.496924,0.3333333,0.007843138,0.007843138,0,0.1960784,0.02745098,0,0,0.1764706
33,35,9.81,500,0.7,1,0.3,160,100000,1,0.1,0.05,3.3,1,1,0,400000,1,1,0.05,3.3s,1,0.0001,1000,9.496924,0.3333333,0.007843138,0.007843138,0,0.1843137,0.02745098,0,0,0.1843137
33,36,9.81,500,0.7,1,0.3,160,100000,1,0.1,0.05,3.3,1,1,0,400000,1,1,0.05,3.3s,1,0.0001,1000,9.496924,0.3333333,0.007843138,0.01176471,0,0.1529412,0.02352941,0,0,0.1921569
33,37,9.81,500,0.7,1,0.3,160,100000,1,0.1,0.05,3.3,1,1,0,400000,1,1,0.05,3.3s,1,0.0001,1000,9.496924,0.3333333,0.003921569,0.01568628,0,0.1019608,0.01568628,0,0,0.1960784
33,38,9.81,500,0.7,1,0.3,160,100000,1,0.1,0.05,3.3,1,1,0,400000,1,1,0.05,3.3s,1,0.0001,1000,9.496924,0.3333333,0.003921569,0.01568628,0,0.04313726,0.003921569,0,0,0.2
33,39,9.81,500,0.7,1,0.3,160,100000,1,0.1,0.05,3.3,1,1,0,400000,1,1,0.05,3.3s,1,0.0001,1000,9.496924,0.3333333,0,0.01568628,0,0,0,0,0,0.2
33,40,9.81,500,0.7,1,0.3,160,100000,1,0.1,0.05,3.3,1,1,0,400000,1,1,0.05,3.3s,1,0.0001,1000,9.496924,0.3333333,0,0.01568628,0,0,0,0,0,0.1960784
33,41,9.81,500,0.7,1,0.3,160,100000,1,0.1,0.05,3.3,1,1,0,400000,1,1,0.05,3.3s,1,0.0001,1000,9.496924,0.3333333,0,0.01176471,0,0,0,0,0,0.1921569
33,42,9.81,500,0.7,1,0.3,160,100000,1,0.1,0.05,3.3,1,1,0,400000,1,1,0.05,3.3s,1,0.0001,1000,9.496924,0.3333333,0,0.01176471,0,0,0,0,0,0.1843137
33,43,9.81,500,0.7,1,0.3,160,100000,1,0.1,0.05,3.3,1,1,0,400000,1,1,0.05,3.3s,1,0.0001,1000,9.496924,0.3333333,0,0.007843138,0,0,0,0,0,0.1764706
33,44,9.81,500,0.7,1,0.3,160,100000,1,0.1,0.05,3.3,1,1,0,400000,1,1,0.05,3.3s,1,0.0001,1000,9.496924,0.3333333,0,0.007843138,0,0,0,0,0,0.172549
33,45,9.81,500,0.7,1,0.3,160,100000,1,0.1,0.05,3.3,1,1,0,400000,1,1,0.05,3.3s,1,0.0001,1000,9.496924,0.3333333,0,0.003921569,0,0,0,0.01960784,0,0.1686275
33,46,9.81,500,0.7,1,0.3,160,100000,1,0.1,0.05,3.3,1,1,0,400000,1,1,0.05,3.3s,1,0.0001,1000,9.496924,0.3333333,0,0.003921569,0,0,0.003921569,0.03921569,0,0.1647059
33,47,9.81,500,0.7,1,0.3,160,100000,1,0.1,0.05,3.3,1,1,0,400000,1,1,0.05,3.3s,1,0.0001,1000,9.496924,0.3333333,0,0,0,0,0.01176471,0.05490196,0,0.1607843
33,48,9.81,500,0.7,1,0.3,160,100000,1,0.1,0.05,3.3,1,1,0,400000,1,1,0.05,3.3s,1,0.0001,1000,9.496924,0.3333333,0,0,0,0,0.02352941,0.0627451,0,0.1607843
33,49,9.81,500,0.7,1,0.3,160,100000,1,0.1,0.05,3.3,1,1,0,400000,1,1,0.05,3.3s,1,0.0001,1000,9.496924,0.3333333,0,0,0,0,0.02745098,0.06666667,0,0.1568628
33,50,9.81,500,0.7,1,0.3,160,100000,1,0.1,0.05,3.3,1,1,0,400000,1,1,0.05,3.3s,1,0.0001,1000,9.496924,0.3333333,0,0,0,0.007843138,0.03137255,0.0627451,0,0.1607843
33,51,9.81,500,0.7,1,0.3,160,100000,1,0.1,0.05,3.3,1,1,0,400000,1,1,0.05,3.3s,1,0.0001,1000,9.496924,0.3333333,0,0,0,0.03529412,0.03137255,0.05490196,0,0.1607843
33,52,9.81,500,0.7,1,0.3,160,100000,1,0.1,0.05,3.3,1,1,0,400000,1,1,0.05,3.3s,1,0.0001,1000,9.496924,0.3333333,0,0,0,0.05490196,0.02745098,0.04313726,0,0.1607843
33,53,9.81,500,0.7,1,0.3,160,100000,1,0.1,0.05,3.3,1,1,0,400000,1,1,0.05,3.3s,1,0.0001,1000,9.496924,0.3333333,0.003921569,0,0,0.06666667,0.01960784,0.03137255,0,0.1647059
33,54,9.81,500,0.7,1,0.3,160,100000,1,0.1,0.05,3.3,1,1,0,400000,1,1,0.05,3.3s,1,0.0001,1000,9.496924,0.3333333,0.003921569,0.003921569,0,0.07843138,0.01176471,0.01960784,0,0.1686275
33,55,9.81,500,0.7,1,0.3,160,100000,1,0.1,0.05,3.3,1,1,0,400000,1,1,0.05,3.3s,1,0.0001,1000,9.496924,0.3333333,0.003921569,0.003921569,0,0.08627451,0,0.007843138,0,0.1686275
33,56,9.81,500,0.7,1,0.3,160,100000,1,0.1,0.05,3.3,1,1,0,400000,1,1,0.05,3.3s,1,0.0001,1000,9.496924,0.3333333,0.003921569,0.003921569,0,0.09019608,0,0,0,0.172549
33,57,9.81,500,0.7,1,0.3,160,100000,1,0.1,0.05,3.3,1,1,0,400000,1,1,0.05,3.3s,1,0.0001,1000,9.496924,0.3333333,0.003921569,0.007843138,0,0.09019608,0,0,0,0.1764706
33,58,9.81,500,0.7,1,0.3,160,100000,1,0.1,0.05,3.3,1,1,0,400000,1,1,0.05,3.3s,1,0.0001,1000,9.496924,0.3333333,0.003921569,0.007843138,0,0.08627451,0,0,0,0.1803922
33,59,9.81,500,0.7,1,0.3,160,100000,1,0.1,0.05,3.3,1,1,0,400000,1,1,0.05,3.3s,1,0.0001,1000,9.496924,0.3333333,0,0.007843138,0,0.07450981,0,0,0,0.1843137
33,60,9.81,500,0.7,1,0.3,160,100000,1,0.1,0.05,3.3,1,1,0,400000,1,1,0.05,3.3s,1,0.0001,1000,9.496924,0.3333333,0,0.01176471,0,0.05490196,0,0,0,0.1882353
33,61,9.81,500,0.7,1,0.3,160,100000,1,0.1,0.05,3.3,1,1,0,400000,1,1,0.05,3.3s,1,0.0001,1000,9.496924,0.3333333,0,0.01176471,0,0.02745098,0,0,0,0.1882353
33,62,9.81,500,0.7,1,0.3,160,100000,1,0.1,0.05,3.3,1,1,0,400000,1,1,0.05,3.3s,1,0.0001,1000,9.496924,0.3333333,0,0.01176471,0,0,0,0,0,0.1882353
33,63,9.81,500,0.7,1,0.3,160,100000,1,0.1,0.05,3.3,1,1,0,400000,1,1,0.05,3.3s,1,0.0001,1000,9.496924,0.3333333,0,0.01176471,0,0,0,0,0,0.1882353
34,0,9.81,500,0.7,1,0.3,160,100000,1,0.1,0.05,3.3,1,1,0,400000,1,1,0.05,3.3s,1,0.0001,1000,9.496924,0.3333333,0,0.007843138,0,0,0,0,0,0.1843137
34,1,9.81,500,0.7,1,0.3,160,100000,1,0.1,0.05,3.3,1,1,0,400000,1,1,0.05,3.3s,1,0.0001,1000,9.496924,0.3333333,0,0.007843138,0,0,0,0,0,0.1803922
34,2,9.81,500,0.7,1,0.3,160,100000,1,0.1,0.05,3.3,1,1,0,400000,1,1,0.05,3.3s,1,0.0001,1000,9.496924,0.3333333,0,0.007843138,0,0,0,0,0,0.1803922
34,3,9.81,500,0.7,1,0.3,160,100000,1,0.1,0.05,3.3,1,1,0,400000,1,1,0.05,3.3s,1,0.0001,1000,9.496924,0.3333333,0,0.007843138,0,0,0,0,0,0.1803922
34,4,9.81,500,0.7,1,0.3,160,100000,1,0.1,0.05,3.3,1,1,0,400000,1,1,0.05,3.3s,1,0.0001,1000,9.496924,0.3333333,0,0.003921569,0,0,0,0,0,0.1764706
34,5,9.81,500,0.7,1,0.3,160,100000,1,0.1,0.05,3.3,1,1,0,400000,1,1,0.05,3.3s,1,0.0001,1000,9.496924,0.3333333,0,0.003921569,0,0,0,0,0,0.1803922
34,6,9.81,500,0.7,1,0.3,160,100000,1,0.1,0.05,3.3,1,1,0,400000,1,1,0.05,3.3s,1,0.0001,1000,9.496924,0.3333333,0,0.003921569,0,0,0,0,0,0.1803922
34,7,9.81,500,0.7,1,0.3,160,100000,1,0.1,0.05,3.3,1,1,0,400000,1,1,0.05,3.3s,1,0.0001,1000,9.496924,0.3333333,0,0.003921569,0,0,0,0,0,0.1803922
34,8,9.81,500,0.7,1,0.3,160,100000,1,0.1,0.05,3.3,1,1,0,400000,1,1,0.05,3.3s,1,0.0001,1000,9.496924,0.3333333,0,0.003921569,0,0,0,0,0,0.1764706
34,9,9.81,500,0.7,1,0.3,160,100000,1,0.1,0.05,3.3,1,1,0,400000,1,1,0.05,3.3s,1,0.0001,1000,9.496924,0.3333333,0,0.003921569,0,0,0,0.003921569,0,0.1764706
34,10,9.81,500,0.7,1,0.3,160,100000,1,0.1,0.05,3.3,1,1,0,400000,1,1,0.05,3.3s,1,0.0001,1000,9.496924,0.3333333,0,0,0,0,0.003921569,0.007843138,0,0.1764706
34,11,9.81,500,0.7,1,0.3,160,100000,1,0.1,0.05,3.3,1,1,0,400000,1,1,0.05,3.3s,1,0.0001,1000,9.496924,0.3333333,0,0,0,0,0,0.01176471,0,0.172549
34,12,9.81,500,0.7,1,0.3,160,100000,1,0.1,0.05,3.3,1,1,0,400000,1,1,0.05,3.3s,1,0.0001,1000,9.496924,0.3333333,0,0,0,0,0,0.01568628,0,0.172549
34,13,9.81,500,0.7,1,0.3,160,100000,1,0.1,0.05,3.3,1,1,0,400000,1,1,0.05,3.3s,1,0.0001,1000,9.496924,0.3333333,0,0,0,0,0,0.01568628,0,0.172549
34,14,9.81,500,0.7,1,0.3,160,100000,1,0.1,0.05,3.3,1,1,0,400000,1,1,0.05,3.3s,1,0.0001,1000,9.496924,0.3333333,0,0,0,0,0,0.01568628,0,0.1686275
34,15,9.81,500,0.7,1,0.3,160,100000,1,0.1,0.05,3.3,1,1,0,400000,1,1,0.05,3.3s,1,0.0001,1000,9.496924,0.3333333,0,0,0,0,0,0.01568628,0,0.1686275
34,16,9.81,500,0.7,1,0.3,160,100000,1,0.1,0.05,3.3,1,1,0,400000,1,1,0.05,3.3s,1,0.0001,1000,9.496924,0.3333333,0,0,0,0,0,0.01960784,0,0.1647059
34,17,9.81,500,0.7,1,0.3,160,100000,1,0.1,0.05,3.3,1,1,0,400000,1,1,0.05,3.3s,1,0.0001,1000,9.496924,0.3333333,0,0,0,0,0,0.02745098,0,0.1647059
34,18,9.81,500,0.7,1,0.3,160,100000,1,0.1,0.05,3.3,1,1,0,400000,1,1,0.05,3.3s,1,0.0001,1000,9.496924,0.3333333,0,0,0,0,0,0.03529412,0.007843138,0.1607843
34,19,9.81,500,0.7,1,0.3,160,100000,1,0.1,0.05,3.3,1,1,0,400000,1,1,0.05,3.3s,1,0.0001,1000,9.496924,0.3333333,0,0,0,0,0,0.04313726,0.01568628,0.1568628
34,20,9.81,500,0.7,1,0.3,160,100000,1,0.1,0.05,3.3,1,1,0,400000,1,1,0.05,3.3s,1,0.0001,1000,9.496924,0.3333333,0,0,0,0,0,0.04705883,0.02352941,0.1568628
34,21,9.81,500,0.7,1,0.3,160,100000,1,0.1,0.05,3.3,1,1,0,400000,1,1,0.05,3.3s,1,0.0001,1000,9.496924,0.3333333,0,0,0,0,0,0.0509804,0.02745098,0.1529412
34,22,9.81,500,0.7,1,0.3,160,100000,1,0.1,0.05,3.3,1,1,0,400000,1,1,0.05,3.3s,1,0.0001,1000,9.496924,0.3333333,0,0,0,0,0,0.0509804,0.03137255,0.1529412
34,23,9.81,500,0.7,1,0.3,160,100000,1,0.1,0.05,3.3,1,1,0,400000,1,1,0.05,3.3s,1,0.0001,1000,9.496924,0.3333333,0,0,0,0.01568628,0,0.0509804,0.03529412,0.1529412
34,24,9.81,500,0.7,1,0.3,160,100000,1,0.1,0.05,3.3,1,1,0,400000,1,1,0.05,3.3s,1,0.0001,1000,9.496924,0.3333333,0.003921569,0,0,0.02745098,0,0.04313726,0.03529412,0.1529412
34,25,9.81,500,0.7,1,0.3,160,100000,1,0.1,0.05,3.3,1,1,0,400000,1,1,0.05,3.3s,1,0.0001,1000,9.496924,0.3333333,0.003921569,0,0,0.03529412,0,0.03921569,0.03137255,0.1568628
34,26,9.81,500,0.7,1,0.3,160,100000,1,0.1,0.05,3.3,1,1,0,400000,1,1,0.05,3.3s,1,0.0001,1000,9.496924,0.3333333,0.003921569,0,0,0.04313726,0,0.03921569,0.02745098,0.1568628
34,27,9.81,500,0.7,1,0.3,160,100000,1,0.1,0.05,3.3,1,1,0,400000,1,1,0.05,3.3s,1,0.0001,1000,9.496924,0.3333333,0.003921569,0,0,0.04705883,0,0.04313726,0.02352941,0.1568628
34,28,9.81,500,0.7,1,0.3,160,100000,1,0.1,0.05,3.3,1,1,0,400000,1,1,0.05,3.3s,1,0.0001,1000,9.496924,0.3333333,0.003921569,0,0,0.05882353,0,0.0509804,0.01568628,0.1568628
34,29,9.81,500,0.7,1,0.3,160,100000,1,0.1,0.05,3.3,1,1,0,400000,1,1,0.05,3.3s,1,0.0001,1000,9.496924,0.3333333,0.003921569,0,0,0.07843138,0,0.05882353,0.007843138,0.1568628
34,30,9.81,500,0.7,1,0.3,160,100000,1,0.1,0.05,3.3,1,1,0,400000,1,1,0.05,3.3s,1,0.0001,1000,9.496924,0.3333333,0.007843138,0,0,0.1098039,0,0.05882353,0,0.1568628
34,31,9.81,500,0.7,1,0.3,160,100000,1,0.1,0.05,3.3,1,1,0,400000,1,1,0.05,3.3s,1,0.0001,1000,9.496924,0.3333333,0.007843138,0,0,0.1411765,0,0.05490196,0,0.1607843
34,32,9.81,500,0.7,1,0.3,160,100000,1,0.1,0.05,3.3,1,1,0,400000,1,1,0.05,3.3s,1,0.0001,1000,9.496924,0.3333333,0.007843138,0,0,0.172549,0.007843138,0.03529412,0,0.1647059
34,33,9.81,500,0.7,1,0.3,160,100000,1,0.1,0.05,3.3,1,1,0,400000,1,1,0.05,3.3s,1,0.0001,1000,9.496924,0.3333333,0.007843138,0.003921569,0,0.1960784,0.01568628,0.007843138,0,0.1686275
34,34,9.81,500,0.7,1,0.3,160,100000,1,0.1,0.05,3.3,1,1,0,400000,1,1,0.05,3.3s,1,0.0001,1000,9.496924,0.3333333,0.007843138,0.007843138,0,0.1960784,0.01568628,0,0,0.1764706
34,35,9.81,500,0.7,1,0.3,160,100000,1,0.1,0.05,3.3,1,1,0,400000,1,1,0.05,3.3s,1,0.0001,1000,9.496924,0.3333333,0.007843138,0.007843138,0,0.1803922,0.01568628,0,0,0.1882353
34,36,9.81,500,0.7,1,0.3,160,100000,1,0.1,0.05,3.3,1,1,0,400000,1,1,0.05,3.3s,1,0.0001,1000,9.496924,0.3333333,0.007843138,0.01176471,0,0.145098,0.007843138,0,0,0.1921569
34,37,9.81,500,0.7,1,0.3,160,100000,1,0.1,0.05,3.3,1,1,0,400000,1,1,0.05,3.3s,1,0.0001,1000,9.496924,0.3333333,0.003921569,0.01568628,0,0.09411766,0,0,0,0.2
34,38,9.81,500,0.7,1,0.3,160,100000,1,0.1,0.05,3.3,1,1,0,400000,1,1,0.05,3.3s,1,0.0001,1000,9.496924,0.3333333,0.003921569,0.01568628,0,0.03529412,0,0,0,0.2
34,39,9.81,500,0.7,1,0.3,160,100000,1,0.1,0.05,3.3,1,1,0,400000,1,1,0.05,3.3s,1,0.0001,1000,9.496924,0.3333333,0,0.01568628,0,0,0,0,0,0.2
34,40,9.81,500,0.7,1,0.3,160,100000,1,0.1,0.05,3.3,1,1,0,400000,1,1,0.05,3.3s,1,0.0001,1000,9.496924,0.3333333,0,0.01568628,0,0,0,0,0,0.1960784
34,41,9.81,500,0.7,1,0.3,160,100000,1,0.1,0.05,3.3,1,1,0,400000,1,1,0.05,3.3s,1,0.0001,1000,9.496924,0.3333333,0,0.01176471,0,0,0,0,0,0.1921569
34,42,9.81,500,0.7,1,0.3,160,100000,1,0.1,0.05,3.3,1,1,0,400000,1,1,0.05,3.3s,1,0.0001,1000,9.496924,0.3333333,0,0.01176471,0,0,0,0,0,0.1843137
34,43,9.81,500,0.7,1,0.3,160,100000,1,0.1,0.05,3.3,1,1,0,400000,1,1,0.05,3.3s,1,0.0001,1000,9.496924,0.3333333,0,0.007843138,0,0,0,0,0,0.1764706
34,44,9.81,500,0.7,1,0.3,160,100000,1,0.1,0.05,3.3,1,1,0,400000,1,1,0.05,3.3s,1,0.0001,1000,9.496924,0.3333333,0,0.007843138,0,0,0,0,0,0.172549
34,45,9.81,500,0.7,1,0.3,160,100000,1,0.1,0.05,3.3,1,1,0,400000,1,1,0.05,3.3s,1,0.0001,1000,9.496924,0.3333333,0,0.003921569,0,0,0,0.02352941,0,0.1686275
34,46,9.81,500,0.7,1,0.3,160,100000,1,0.1,0.05,3.3,1,1,0,400000,1,1,0.05,3.3s,1,0.0001,1000,9.496924,0.3333333,0,0.003921569,0,0,0,0.03921569,0,0.1647059
34,47,9.81,500,0.7,1,0.3,160,100000,1,0.1,0.05,3.3,1,1,0,400000,1,1,0.05,3.3s,1,0.0001,1000,9.496924,0.3333333,0,0,0,0,0.007843138,0.0509804,0,0.1607843
34,48,9.81,500,0.7,1,0.3,160,100000,1,0.1,0.05,3.3,1,1,0,400000,1,1,0.05,3.3s,1,0.0001,1000,9.496924,0.3333333,0,0,0,0,0.01568628,0.05882353,0,0.1607843
34,49,9.81,500,0.7,1,0.3,160,100000,1,0.1,0.05,3.3,1,1,0,400000,1,1,0.05,3.3s,1,0.0001,1000,9.496924,0.3333333,0,0,0,0,0.02352941,0.05882353,0,0.1607843
34,50,9.81,500,0.7,1,0.3,160,100000,1,0.1,0.05,3.3,1,1,0,400000,1,1,0.05,3.3s,1,0.0001,1000,9.496924,0.3333333,0,0,0,0.007843138,0.02352941,0.05490196,0,0.1607843
34,51,9.81,500,0.7,1,0.3,160,100000,1,0.1,0.05,3.3,1,1,0,400000,1,1,0.05,3.3s,1,0.0001,1000,9.496924,0.3333333,0,0,0,0.03137255,0.02352941,0.04705883,0,0.1607843
34,52,9.81,500,0.7,1,0.3,160,100000,1,0.1,0.05,3.3,1,1,0,400000,1,1,0.05,3.3s,1,0.0001,1000,9.496924,0.3333333,0,0,0,0.04705883,0.01960784,0.03921569,0,0.1647059
34,53,9.81,500,0.7,1,0.3,160,100000,1,0.1,0.05,3.3,1,1,0,400000,1,1,0.05,3.3s,1,0.0001,1000,9.496924,0.3333333,0,0,0,0.05882353,0.01176471,0.02745098,0,0.1647059
34,54,9.81,500,0.7,1,0.3,160,100000,1,0.1,0.05,3.3,1,1,0,400000,1,1,0.05,3.3s,1,0.0001,1000,9.496924,0.3333333,0.003921569,0.003921569,0,0.06666667,0,0.01568628,0,0.1686275
34,55,9.81,500,0.7,1,0.3,160,100000,1,0.1,0.05,3.3,1,1,0,400000,1,1,0.05,3.3s,1,0.0001,1000,9.496924,0.3333333,0.003921569,0.003921569,0,0.07058824,0,0.007843138,0,0.1686275
34,56,9.81,500,0.7,1,0.3,160,100000,1,0.1,0.05,3.3,1,1,0,400000,1,1,0.05,3.3s,1,0.0001,1000,9.496924,0.3333333,0.003921569,0.003921569,0,0.07450981,0,0,0,0.172549
34,57,9.81,500,0.7,1,0.3,160,100000,1,0.1,0.05,3.3,1,1,0,400000,1,1,0.05,3.3s,1,0.0001,1000,9.496924,0.3333333,0.003921569,0.003921569,0,0.07843138,0,0,0,0.1764706
34,58,9.81,500,0.7,1,0.3,160,100000,1,0.1,0.05,3.3,1,1,0,400000,1,1,0.05,3.3s,1,0.0001,1000,9.496924,0.3333333,0,0.007843138,0,0.07843138,0,0,0,0.1764706
34,59,9.81,500,0.7,1,0.3,160,100000,1,0.1,0.05,3.3,1,1,0,400000,1,1,0.05,3.3s,1,0.0001,1000,9.496924,0.3333333,0,0.007843138,0,0.06666667,0,0,0,0.1803922
34,60,9.81,500,0.7,1,0.3,160,100000,1,0.1,0.05,3.3,1,1,0,400000,1,1,0.05,3.3s,1,0.0001,1000,9.496924,0.3333333,0,0.007843138,0,0.0509804,0,0,0,0.1843137
34,61,9.81,500,0.7,1,0.3,160,100000,1,0.1,0.05,3.3,1,1,0,400000,1,1,0.05,3.3s,1,0.0001,1000,9.496924,0.3333333,0,0.007843138,0,0.02352941,0,0,0,0.1882353
34,62,9.81,500,0.7,1,0.3,160,100000,1,0.1,0.05,3.3,1,1,0,400000,1,1,0.05,3.3s,1,0.0001,1000,9.496924,0.3333333,0,0.01176471,0,0,0,0,0,0.1882353
34,63,9.81,500,0.7,1,0.3,160,100000,1,0.1,0.05,3.3,1,1,0,400000,1,1,0.05,3.3s,1,0.0001,1000,9.496924,0.3333333,0,0.007843138,0,0,0,0,0,0.1882353
35,0,9.81,500,0.7,1,0.3,160,100000,1,0.1,0.05,3.3,1,1,0,400000,1,1,0.05,3.3s,1,0.0001,1000,9.496924,0.3333333,0,0.007843138,0,0,0,0,0,0.1803922
35,1,9.81,500,0.7,1,0.3,160,100000,1,0.1,0.05,3.3,1,1,0,400000,1,1,0.05,3.3s,1,0.0001,1000,9.496924,0.3333333,0,0.007843138,0,0,0,0,0,0.1764706
35,2,9.81,500,0.7,1,0.3,160,100000,1,0.1,0.05,3.3,1,1,0,400000,1,1,0.05,3.3s,1,0.0001,1000,9.496924,0.3333333,0,0.003921569,0,0,0,0,0,0.1764706
35,3,9.81,500,0.7,1,0.3,160,100000,1,0.1,0.05,3.3,1,1,0,400000,1,1,0.05,3.3s,1,0.0001,1000,9.496924,0.3333333,0,0.003921569,0,0,0,0,0,0.1764706
35,4,9.81,500,0.7,1,0.3,160,100000,1,0.1,0.05,3.3,1,1,0,400000,1,1,0.05,3.3s,1,0.0001,1000,9.496924,0.3333333,0,0.003921569,0,0,0,0,0,0.1764706
35,5,9.81,500,0.7,1,0.3,160,100000,1,0.1,0.05,3.3,1,1,0,400000,1,1,0.05,3.3s,1,0.0001,1000,9.496924,0.3333333,0,0.003921569,0,0,0,0,0,0.1764706
35,6,9.81,500,0.7,1,0.3,160,100000,1,0.1,0.05,3.3,1,1,0,400000,1,1,0.05,3.3s,1,0.0001,1000,9.496924,0.3333333,0,0.003921569,0,0,0,0,0,0.1764706
35,7,9.81,500,0.7,1,0.3,160,100000,1,0.1,0.05,3.3,1,1,0,400000,1,1,0.05,3.3s,1,0.0001,1000,9.496924,0.3333333,0,0.003921569,0,0,0,0,0,0.1764706
35,8,9.81,500,0.7,1,0.3,160,100000,1,0.1,0.05,3.3,1,1,0,400000,1,1,0.05,3.3s,1,0.0001,1000,9.496924,0.3333333,0,0.003921569,0,0,0,0,0,0.1764706
35,9,9.81,500,0.7,1,0.3,160,100000,1,0.1,0.05,3.3,1,1,0,400000,1,1,0.05,3.3s,1,0.0001,1000,9.496924,0.3333333,0,0,0,0,0,0,0,0.1764706
35,10,9.81,500,0.7,1,0.3,160,100000,1,0.1,0.05,3.3,1,1,0,400000,1,1,0.05,3.3s,1,0.0001,1000,9.496924,0.3333333,0,0,0,0,0,0,0,0.1764706
35,11,9.81,500,0.7,1,0.3,160,100000,1,0.1,0.05,3.3,1,1,0,400000,1,1,0.05,3.3s,1,0.0001,1000,9.496924,0.3333333,0,0,0,0,0,0.003921569,0,0.1764706
35,12,9.81,500,0.7,1,0.3,160,100000,1,0.1,0.05,3.3,1,1,0,400000,1,1,0.05,3.3s,1,0.0001,1000,9.496924,0.3333333,0,0,0,0,0,0.007843138,0,0.172549
35,13,9.81,500,0.7,1,0.3,160,100000,1,0.1,0.05,3.3,1,1,0,400000,1,1,0.05,3.3s,1,0.0001,1000,9.496924,0.3333333,0,0,0,0,0,0.007843138,0,0.172549
35,14,9.81,500,0.7,1,0.3,160,100000,1,0.1,0.05,3.3,1,1,0,400000,1,1,0.05,3.3s,1,0.0001,1000,9.496924,0.3333333,0,0,0,0,0,0.01176471,0,0.1686275
35,15,9.81,500,0.7,1,0.3,160,100000,1,0.1,0.05,3.3,1,1,0,400000,1,1,0.05,3.3s,1,0.0001,1000,9.496924,0.3333333,0,0,0,0,0,0.01568628,0,0.1686275
35,16,9.81,500,0.7,1,0.3,160,100000,1,0.1,0.05,3.3,1,1,0,400000,1,1,0.05,3.3s,1,0.0001,1000,9.496924,0.3333333,0,0,0,0,0,0.02352941,0,0.1647059
35,17,9.81,500,0.7,1,0.3,160,100000,1,0.1,0.05,3.3,1,1,0,400000,1,1,0.05,3.3s,1,0.0001,1000,9.496924,0.3333333,0,0,0,0,0,0.03137255,0,0.1607843
35,18,9.81,500,0.7,1,0.3,160,100000,1,0.1,0.05,3.3,1,1,0,400000,1,1,0.05,3.3s,1,0.0001,1000,9.496924,0.3333333,0,0,0,0,0,0.04313726,0.01176471,0.1568628
35,19,9.81,500,0.7,1,0.3,160,100000,1,0.1,0.05,3.3,1,1,0,400000,1,1,0.05,3.3s,1,0.0001,1000,9.496924,0.3333333,0,0,0,0,0,0.0509804,0.01960784,0.1568628
35,20,9.81,500,0.7,1,0.3,160,100000,1,0.1,0.05,3.3,1,1,0,400000,1,1,0.05,3.3s,1,0.0001,1000,9.496924,0.3333333,0,0,0,0,0,0.05882353,0.02745098,0.1529412
35,21,9.81,500,0.7,1,0.3,160,100000,1,0.1,0.05,3.3,1,1,0,400000,1,1,0.05,3.3s,1,0.0001,1000,9.496924,0.3333333,0,0,0,0,0,0.0627451,0.03137255,0.1529412
35,22,9.81,500,0.7,1,0.3,160,100000,1,0.1,0.05,3.3,1,1,0,400000,1,1,0.05,3.3s,1,0.0001,1000,9.496924,0.3333333,0,0,0,0,0,0.0627451,0.03529412,0.1529412
35,23,9.81,500,0.7,1,0.3,160,100000,1,0.1,0.05,3.3,1,1,0,400000,1,1,0.05,3.3s,1,0.0001,1000,9.496924,0.3333333,0,0,0,0.02352941,0,0.05882353,0.03921569,0.1529412
35,24,9.81,500,0.7,1,0.3,160,100000,1,0.1,0.05,3.3,1,1,0,400000,1,1,0.05,3.3s,1,0.0001,1000,9.496924,0.3333333,0.003921569,0,0,0.03921569,0,0.0509804,0.03921569,0.1529412
35,25,9.81,500,0.7,1,0.3,160,100000,1,0.1,0.05,3.3,1,1,0,400000,1,1,0.05,3.3s,1,0.0001,1000,9.496924,0.3333333,0.003921569,0,0,0.04705883,0,0.04705883,0.03529412,0.1529412
35,26,9.81,500,0.7,1,0.3,160,100000,1,0.1,0.05,3.3,1,1,0,400000,1,1,0.05,3.3s,1,0.0001,1000,9.496924,0.3333333,0.003921569,0,0,0.05490196,0,0.04313726,0.03137255,0.1568628
35,27,9.81,500,0.7,1,0.3,160,100000,1,0.1,0.05,3.3,1,1,0,400000,1,1,0.05,3.3s,1,0.0001,1000,9.496924,0.3333333,0.003921569,0,0,0.0627451,0,0.04705883,0.02352941,0.1568628
35,28,9.81,500,0.7,1,0.3,160,100000,1,0.1,0.05,3.3,1,1,0,400000,1,1,0.05,3.3s,1,0.0001,1000,9.496924,0.3333333,0.003921569,0,0,0.07450981,0,0.0509804,0.01568628,0.1568628
35,29,9.81,500,0.7,1,0.3,160,100000,1,0.1,0.05,3.3,1,1,0,400000,1,1,0.05,3.3s,1,0.0001,1000,9.496924,0.3333333,0.007843138,0,0,0.09411766,0,0.05490196,0.007843138,0.1568628
35,30,9.81,500,0.7,1,0.3,160,100000,1,0.1,0.05,3.3,1,1,0,400000,1,1,0.05,3.3s,1,0.0001,1000,9.496924,0.3333333,0.007843138,0,0,0.1215686,0,0.05490196,0,0.1568628
35,31,9.81,500,0.7,1,0.3,160,100000,1,0.1,0.05,3.3,1,1,0,400000,1,1,0.05,3.3s,1,0.0001,1000,9.496924,0.3333333,0.007843138,0,0,0.1529412,0,0.04705883,0,0.1607843
35,32,9.81,500,0.7,1,0.3,160,100000,1,0.1,0.05,3.3,1,1,0,400000,1,1,0.05,3.3s,1,0.0001,1000,9.496924,0.3333333,0.007843138,0,0,0.1803922,0,0.02745098,0,0.1647059
35,33,9.81,500,0.7,1,0.3,160,100000,1,0.1,0.05,3.3,1,1,0,400000,1,1,0.05,3.3s,1,0.0001,1000,9.496924,0.3333333,0.007843138,0.003921569,0,0.1960784,0.003921569,0,0,0.172549
35,34,9.81,500,0.7,1,0.3,160,100000,1,0.1,0.05,3.3,1,1,0,400000,1,1,0.05,3.3s,1,0.0001,1000,9.496924,0.3333333,0.007843138,0.007843138,0,0.1960784,0,0,0,0.1803922
35,35,9.81,500,0.7,1,0.3,160,100000,1,0.1,0.05,3.3,1,1,0,400000,1,1,0.05,3.3s,1,0.0001,1000,9.496924,0.3333333,0.007843138,0.007843138,0,0.172549,0,0,0,0.1882353
35,36,9.81,500,0.7,1,0.3,160,100000,1,0.1,0.05,3.3,1,1,0,400000,1,1,0.05,3.3s,1,0.0001,1000,9.496924,0.3333333,0.007843138,0.01176471,0,0.1333333,0,0,0,0.1960784
35,37,9.81,500,0.7,1,0.3,160,100000,1,0.1,0.05,3.3,1,1,0,400000,1,1,0.05,3.3s,1,0.0001,1000,9.496924,0.3333333,0.003921569,0.01176471,0,0.08235294,0,0,0,0.2
35,38,9.81,500,0.7,1,0.3,160,100000,1,0.1,0.05,3.3,1,1,0,400000,1,1,0.05,3.3s,1,0.0001,1000,9.496924,0.3333333,0.003921569,0.01568628,0,0.02352941,0,0,0,0.2
35,39,9.81,500,0.7,1,0.3,160,100000,1,0.1,0.05,3.3,1,1,0,400000,1,1,0.05,3.3s,1,0.0001,1000,9.496924,0.3333333,0,0.01568628,0,0,0,0,0,0.2
35,40,9.81,500,0.7,1,0.3,160,100000,1,0.1,0.05,3.3,1,1,0,400000,1,1,0.05,3.3s,1,0.0001,1000,9.496924,0.3333333,0,0.01176471,0,0,0,0,0,0.1960784
35,41,9.81,500,0.7,1,0.3,160,100000,1,0.1,0.05,3.3,1,1,0,400000,1,1,0.05,3.3s,1,0.0001,1000,9.496924,0.3333333,0,0.01176471,0,0,0,0,0,0.1882353
35,42,9.81,500,0.7,1,0.3,160,100000,1,0.1,0.05,3.3,1,1,0,400000,1,1,0.05,3.3s,1,0.0001,1000,9.496924,0.3333333,0,0.01176471,0,0,0,0,0,0.1843137
35,43,9.81,500,0.7,1,0.3,160,100000,1,0.1,0.05,3.3,1,1,0,400000,1,1,0.05,3.3s,1,0.0001,1000,9.496924,0.3333333,0,0.007843138,0,0,0,0,0,0.1764706
35,44,9.81,500,0.7,1,0.3,160,100000,1,0.1,0.05,3.3,1,1,0,400000,1,1,0.05,3.3s,1,0.0001,1000,9.496924,0.3333333,0,0.003921569,0,0,0,0.003921569,0,0.172549
35,45,9.81,500,0.7,1,0.3,160,100000,1,0.1,0.05,3.3,1,1,0,400000,1,1,0.05,3.3s,1,0.0001,1000,9.496924,0.3333333,0,0.003921569,0,0,0,0.02352941,0,0.1686275
35,46,9.81,500,0.7,1,0.3,160,100000,1,0.1,0.05,3.3,1,1,0,400000,1,1,0.05,3.3s,1,0.0001,1000,9.496924,0.3333333,0,0.003921569,0,0,0,0.03921569,0,0.1647059
35,47,9.81,500,0.7,1,0.3,160,100000,1,0.1,0.05,3.3,1,1,0,400000,1,1,0.05,3.3s,1,0.0001,1000,9.496924,0.3333333,0,0,0,0,0,0.04705883,0,0.1647059
35,48,9.81,500,0.7,1,0.3,160,100000,1,0.1,0.05,3.3,1,1,0,400000,1,1,0.05,3.3s,1,0.0001,1000,9.496924,0.3333333,0,0,0,0,0.003921569,0.05490196,0,0.1607843
35,49,9.81,500,0.7,1,0.3,160,100000,1,0.1,0.05,3.3,1,1,0,400000,1,1,0.05,3.3s,1,0.0001,1000,9.496924,0.3333333,0,0,0,0,0.01176471,0.05490196,0,0.1607843
35,50,9.81,500,0.7,1,0.3,160,100000,1,0.1,0.05,3.3,1,1,0,400000,1,1,0.05,3.3s,1,0.0001,1000,9.496924,0.3333333,0,0,0,0.01176471,0.01176471,0.04705883,0,0.1647059
35,51,9.81,500,0.7,1,0.3,160,100000,1,0.1,0.05,3.3,1,1,0,400000,1,1,0.05,3.3s,1,0.0001,1000,9.496924,0.3333333,0,0,0,0.02745098,0.01176471,0.03921569,0,0.1647059
35,52,9.81,500,0.7,1,0.3,160,100000,1,0.1,0.05,3.3,1,1,0,400000,1,1,0.05,3.3s,1,0.0001,1000,9.496924,0.3333333,0,0,0,0.04313726,0.007843138,0.02745098,0,0.1647059
35,53,9.81,500,0.7,1,0.3,160,100000,1,0.1,0.05,3.3,1,1,0,400000,1,1,0.05,3.3s,1,0.0001,1000,9.496924,0.3333333,0,0,0,0.04705883,0,0.01960784,0,0.1686275
35,54,9.81,500,0.7,1,0.3,160,100000,1,0.1,0.05,3.3,1,1,0,400000,1,1,0.05,3.3s,1,0.0001,1000,9.496924,0.3333333,0,0.003921569,0,0.0509804,0,0.01176471,0,0.1686275
35,55,9.81,500,0.7,1,0.3,160,100000,1,0.1,0.05,3.3,1,1,0,400000,1,1,0.05,3.3s,1,0.0001,1000,9.496924,0.3333333,0,0.003921569,0,0.05490196,0,0.003921569,0,0.1686275
35,56,9.81,500,0.7,1,0.3,160,100000,1,0.1,0.05,3.3,1,1,0,400000,1,1,0.05,3.3s,1,0.0001,1000,9.496924,0.3333333,0,0.003921569,0,0.05882353,0,0,0,0.172549
35,57,9.81,500,0.7,1,0.3,160,100000,1,0.1,0.05,3.3,1,1,0,400000,1,1,0.05,3.3s,1,0.0001,1000,9.496924,0.3333333,0,0.003921569,0,0.0627451,0,0,0,0.172549
35,58,9.81,500,0.7,1,0.3,160,100000,1,0.1,0.05,3.3,1,1,0,400000,1,1,0.05,3.3s,1,0.0001,1000,9.496924,0.3333333,0,0.007843138,0,0.0627451,0,0,0,0.1764706
35,59,9.81,500,0.7,1,0.3,160,100000,1,0.1,0.05,3.3,1,1,0,400000,1,1,0.05,3.3s,1,0.0001,1000,9.496924,0.3333333,0,0.007843138,0,0.05490196,0,0,0,0.1803922
35,60,9.81,500,0.7,1,0.3,160,100000,1,0.1,0.05,3.3,1,1,0,400000,1,1,0.05,3.3s,1,0.0001,1000,9.496924,0.3333333,0,0.007843138,0,0.03921569,0,0,0,0.1803922
35,61,9.81,500,0.7,1,0.3,160,100000,1,0.1,0.05,3.3,1,1,0,400000,1,1,0.05,3.3s,1,0.0001,1000,9.496924,0.3333333,0,0.007843138,0,0.01568628,0,0,0,0.1843137
35,62,9.81,500,0.7,1,0.3,160,100000,1,0.1,0.05,3.3,1,1,0,400000,1,1,0.05,3.3s,1,0.0001,1000,9.496924,0.3333333,0,0.007843138,0,0,0,0,0,0.1843137
35,63,9.81,500,0.7,1,0.3,160,100000,1,0.1,0.05,3.3,1,1,0,400000,1,1,0.05,3.3s,1,0.0001,1000,9.496924,0.3333333,0,0.007843138,0,0,0,0,0,0.1843137
36,0,9.81,500,0.7,1,0.3,160,100000,1,0.1,0.05,3.3,1,1,0,400000,1,1,0.05,3.3s,1,0.0001,1000,9.496924,0.3333333,0,0.003921569,0,0,0,0,0,0.1764706
36,1,9.81,500,0.7,1,0.3,160,100000,1,0.1,0.05,3.3,1,1,0,400000,1,1,0.05,3.3s,1,0.0001,1000,9.496924,0.3333333,0,0.003921569,0,0,0,0,0,0.172549
36,2,9.81,500,0.7,1,0.3,160,100000,1,0.1,0.05,3.3,1,1,0,400000,1,1,0.05,3.3s,1,0.0001,1000,9.496924,0.3333333,0,0.003921569,0,0,0,0,0,0.172549
36,3,9.81,500,0.7,1,0.3,160,100000,1,0.1,0.05,3.3,1,1,0,400000,1,1,0.05,3.3s,1,0.0001,1000,9.496924,0.3333333,0,0.003921569,0,0,0,0,0,0.172549
36,4,9.81,500,0.7,1,0.3,160,100000,1,0.1,0.05,3.3,1,1,0,400000,1,1,0.05,3.3s,1,0.0001,1000,9.496924,0.3333333,0,0.003921569,0,0,0,0,0,0.172549
36,5,9.81,500,0.7,1,0.3,160,100000,1,0.1,0.05,3.3,1,1,0,400000,1,1,0.05,3.3s,1,0.0001,1000,9.496924,0.3333333,0,0.003921569,0,0,0,0,0,0.172549
36,6,9.81,500,0.7,1,0.3,160,100000,1,0.1,0.05,3.3,1,1,0,400000,1,1,0.05,3.3s,1,0.0001,1000,9.496924,0.3333333,0,0.003921569,0,0,0,0,0,0.1764706
36,7,9.81,500,0.7,1,0.3,160,100000,1,0.1,0.05,3.3,1,1,0,400000,1,1,0.05,3.3s,1,0.0001,1000,9.496924,0.3333333,0,0.003921569,0,0,0,0,0,0.1764706
36,8,9.81,500,0.7,1,0.3,160,100000,1,0.1,0.05,3.3,1,1,0,400000,1,1,0.05,3.3s,1,0.0001,1000,9.496924,0.3333333,0,0,0,0,0,0,0,0.1764706
36,9,9.81,500,0.7,1,0.3,160,100000,1,0.1,0.05,3.3,1,1,0,400000,1,1,0.05,3.3s,1,0.0001,1000,9.496924,0.3333333,0,0,0,0,0,0,0,0.1764706
36,10,9.81,500,0.7,1,0.3,160,100000,1,0.1,0.05,3.3,1,1,0,400000,1,1,0.05,3.3s,1,0.0001,1000,9.496924,0.3333333,0,0,0,0,0,0,0,0.1764706
36,11,9.81,500,0.7,1,0.3,160,100000,1,0.1,0.05,3.3,1,1,0,400000,1,1,0.05,3.3s,1,0.0001,1000,9.496924,0.3333333,0,0,0,0,0,0,0,0.1764706
36,12,9.81,500,0.7,1,0.3,160,100000,1,0.1,0.05,3.3,1,1,0,400000,1,1,0.05,3.3s,1,0.0001,1000,9.496924,0.3333333,0,0,0,0,0,0,0,0.172549
36,13,9.81,500,0.7,1,0.3,160,100000,1,0.1,0.05,3.3,1,1,0,400000,1,1,0.05,3.3s,1,0.0001,1000,9.496924,0.3333333,0,0,0,0,0,0.003921569,0,0.172549
36,14,9.81,500,0.7,1,0.3,160,100000,1,0.1,0.05,3.3,1,1,0,400000,1,1,0.05,3.3s,1,0.0001,1000,9.496924,0.3333333,0,0,0,0,0,0.01176471,0,0.1686275
36,15,9.81,500,0.7,1,0.3,160,100000,1,0.1,0.05,3.3,1,1,0,400000,1,1,0.05,3.3s,1,0.0001,1000,9.496924,0.3333333,0,0,0,0,0,0.01568628,0,0.1647059
36,16,9.81,500,0.7,1,0.3,160,100000,1,0.1,0.05,3.3,1,1,0,400000,1,1,0.05,3.3s,1,0.0001,1000,9.496924,0.3333333,0,0,0,0,0,0.02745098,0,0.1647059
36,17,9.81,500,0.7,1,0.3,160,100000,1,0.1,0.05,3.3,1,1,0,400000,1,1,0.05,3.3s,1,0.0001,1000,9.496924,0.3333333,0,0,0,0,0,0.03529412,0.003921569,0.1607843
36,18,9.81,500,0.7,1,0.3,160,100000,1,0.1,0.05,3.3,1,1,0,400000,1,1,0.05,3.3s,1,0.0001,1000,9.496924,0.3333333,0,0,0,0,0,0.04705883,0.01568628,0.1568628
36,19,9.81,500,0.7,1,0.3,160,100000,1,0.1,0.05,3.3,1,1,0,400000,1,1,0.05,3.3s,1,0.0001,1000,9.496924,0.3333333,0,0,0,0,0,0.05882353,0.02352941,0.1529412
36,20,9.81,500,0.7,1,0.3,160,100000,1,0.1,0.05,3.3,1,1,0,400000,1,1,0.05,3.3s,1,0.0001,1000,9.496924,0.3333333,0,0,0,0,0,0.06666667,0.03137255,0.1529412
36,21,9.81,500,0.7,1,0.3,160,100000,1,0.1,0.05,3.3,1,1,0,400000,1,1,0.05,3.3s,1,0.0001,1000,9.496924,0.3333333,0,0,0,0,0,0.07058824,0.03529412,0.1490196
36,22,9.81,500,0.7,1,0.3,160,100000,1,0.1,0.05,3.3,1,1,0,400000,1,1,0.05,3.3s,1,0.0001,1000,9.496924,0.3333333,0,0,0,0.007843138,0,0.07058824,0.03921569,0.1490196
36,23,9.81,500,0.7,1,0.3,160,100000,1,0.1,0.05,3.3,1,1,0,400000,1,1,0.05,3.3s,1,0.0001,1000,9.496924,0.3333333,0.003921569,0,0,0.03137255,0,0.0627451,0.04313726,0.1490196
36,24,9.81,500,0.7,1,0.3,160,100000,1,0.1,0.05,3.3,1,1,0,400000,1,1,0.05,3.3s,1,0.0001,1000,9.496924,0.3333333,0.003921569,0,0,0.04705883,0,0.05490196,0.03921569,0.1529412
36,25,9.81,500,0.7,1,0.3,160,100000,1,0.1,0.05,3.3,1,1,0,400000,1,1,0.05,3.3s,1,0.0001,1000,9.496924,0.3333333,0.003921569,0,0,0.05882353,0,0.0509804,0.03921569,0.1529412
36,26,9.81,500,0.7,1,0.3,160,100000,1,0.1,0.05,3.3,1,1,0,400000,1,1,0.05,3.3s,1,0.0001,1000,9.496924,0.3333333,0.003921569,0,0,0.06666667,0,0.04705883,0.03137255,0.1529412
36,27,9.81,500,0.7,1,0.3,160,100000,1,0.1,0.05,3.3,1,1,0,400000,1,1,0.05,3.3s,1,0.0001,1000,9.496924,0.3333333,0.003921569,0,0,0.07450981,0,0.04705883,0.02745098,0.1568628
36,28,9.81,500,0.7,1,0.3,160,100000,1,0.1,0.05,3.3,1,1,0,400000,1,1,0.05,3.3s,1,0.0001,1000,9.496924,0.3333333,0.007843138,0,0,0.08627451,0,0.04705883,0.01960784,0.1568628
36,29,9.81,500,0.7,1,0.3,160,100000,1,0.1,0.05,3.3,1,1,0,400000,1,1,0.05,3.3s,1,0.0001,1000,9.496924,0.3333333,0.007843138,0,0,0.1058824,0,0.0509804,0.007843138,0.1568628
36,30,9.81,500,0.7,1,0.3,160,100000,1,0.1,0.05,3.3,1,1,0,400000,1,1,0.05,3.3s,1,0.0001,1000,9.496924,0.3333333,0.007843138,0,0,0.1294118,0,0.04705883,0,0.1607843
36,31,9.81,500,0.7,1,0.3,160,100000,1,0.1,0.05,3.3,1,1,0,400000,1,1,0.05,3.3s,1,0.0001,1000,9.496924,0.3333333,0.007843138,0,0,0.1568628,0,0.03921569,0,0.1607843
36,32,9.81,500,0.7,1,0.3,160,100000,1,0.1,0.05,3.3,1,1,0,400000,1,1,0.05,3.3s,1,0.0001,1000,9.496924,0.3333333,0.007843138,0,0,0.1803922,0,0.01960784,0,0.1686275
36,33,9.81,500,0.7,1,0.3,160,100000,1,0.1,0.05,3.3,1,1,0,400000,1,1,0.05,3.3s,1,0.0001,1000,9.496924,0.3333333,0.007843138,0.003921569,0,0.1921569,0,0,0,0.172549
36,34,9.81,500,0.7,1,0.3,160,100000,1,0.1,0.05,3.3,1,1,0,400000,1,1,0.05,3.3s,1,0.0001,1000,9.496924,0.3333333,0.007843138,0.007843138,0,0.1882353,0,0,0,0.1803922
36,35,9.81,500,0.7,1,0.3,160,100000,1,0.1,0.05,3.3,1,1,0,400000,1,1,0.05,3.3s,1,0.0001,1000,9.496924,0.3333333,0.007843138,0.007843138,0,0.1647059,0,0,0,0.1882353
36,36,9.81,500,0.7,1,0.3,160,100000,1,0.1,0.05,3.3,1,1,0,400000,1,1,0.05,3.3s,1,0.0001,1000,9.496924,0.3333333,0.007843138,0.01176471,0,0.1254902,0,0,0,0.1960784
36,37,9.81,500,0.7,1,0.3,160,100000,1,0.1,0.05,3.3,1,1,0,400000,1,1,0.05,3.3s,1,0.0001,1000,9.496924,0.3333333,0.003921569,0.01176471,0,0.07450981,0,0,0,0.2
36,38,9.81,500,0.7,1,0.3,160,100000,1,0.1,0.05,3.3,1,1,0,400000,1,1,0.05,3.3s,1,0.0001,1000,9.496924,0.3333333,0.003921569,0.01568628,0,0.01568628,0,0,0,0.2
36,39,9.81,500,0.7,1,0.3,160,100000,1,0.1,0.05,3.3,1,1,0,400000,1,1,0.05,3.3s,1,0.0001,1000,9.496924,0.3333333,0,0.01176471,0,0,0,0,0,0.2
36,40,9.81,500,0.7,1,0.3,160,100000,1,0.1,0.05,3.3,1,1,0,400000,1,1,0.05,3.3s,1,0.0001,1000,9.496924,0.3333333,0,0.01176471,0,0,0,0,0,0.1921569
36,41,9.81,500,0.7,1,0.3,160,100000,1,0.1,0.05,3.3,1,1,0,400000,1,1,0.05,3.3s,1,0.0001,1000,9.496924,0.3333333,0,0.01176471,0,0,0,0,0,0.1882353
36,42,9.81,500,0.7,1,0.3,160,100000,1,0.1,0.05,3.3,1,1,0,400000,1,1,0.05,3.3s,1,0.0001,1000,9.496924,0.3333333,0,0.007843138,0,0,0,0,0,0.1803922
36,43,9.81,500,0.7,1,0.3,160,100000,1,0.1,0.05,3.3,1,1,0,400000,1,1,0.05,3.3s,1,0.0001,1000,9.496924,0.3333333,0,0.007843138,0,0,0,0,0,0.1764706
36,44,9.81,500,0.7,1,0.3,160,100000,1,0.1,0.05,3.3,1,1,0,400000,1,1,0.05,3.3s,1,0.0001,1000,9.496924,0.3333333,0,0.003921569,0,0,0,0.007843138,0,0.172549
36,45,9.81,500,0.7,1,0.3,160,100000,1,0.1,0.05,3.3,1,1,0,400000,1,1,0.05,3.3s,1,0.0001,1000,9.496924,0.3333333,0,0.003921569,0,0,0,0.02352941,0,0.1686275
36,46,9.81,500,0.7,1,0.3,160,100000,1,0.1,0.05,3.3,1,1,0,400000,1,1,0.05,3.3s,1,0.0001,1000,9.496924,0.3333333,0,0.003921569,0,0,0,0.03529412,0,0.1647059
36,47,9.81,500,0.7,1,0.3,160,100000,1,0.1,0.05,3.3,1,1,0,400000,1,1,0.05,3.3s,1,0.0001,1000,9.496924,0.3333333,0,0,0,0,0,0.04313726,0,0.1647059
36,48,9.81,500,0.7,1,0.3,160,100000,1,0.1,0.05,3.3,1,1,0,400000,1,1,0.05,3.3s,1,0.0001,1000,9.496924,0.3333333,0,0,0,0,0,0.04705883,0,0.1647059
36,49,9.81,500,0.7,1,0.3,160,100000,1,0.1,0.05,3.3,1,1,0,400000,1,1,0.05,3.3s,1,0.0001,1000,9.496924,0.3333333,0,0,0,0,0,0.04705883,0,0.1647059
36,50,9.81,500,0.7,1,0.3,160,100000,1,0.1,0.05,3.3,1,1,0,400000,1,1,0.05,3.3s,1,0.0001,1000,9.496924,0.3333333,0,0,0,0.01176471,0,0.03921569,0,0.1647059
36,51,9.81,500,0.7,1,0.3,160,100000,1,0.1,0.05,3.3,1,1,0,400000,1,1,0.05,3.3s,1,0.0001,1000,9.496924,0.3333333,0,0,0,0.02745098,0,0.03137255,0,0.1647059
36,52,9.81,500,0.7,1,0.3,160,100000,1,0.1,0.05,3.3,1,1,0,400000,1,1,0.05,3.3s,1,0.0001,1000,9.496924,0.3333333,0,0,0,0.03529412,0,0.01960784,0,0.1647059
36,53,9.81,500,0.7,1,0.3,160,100000,1,0.1,0.05,3.3,1,1,0,400000,1,1,0.05,3.3s,1,0.0001,1000,9.496924,0.3333333,0,0,0,0.03921569,0,0.01176471,0,0.1686275
36,54,9.81,500,0.7,1,0.3,160,100000,1,0.1,0.05,3.3,1,1,0,400000,1,1,0.05,3.3s,1,0.0001,1000,9.496924,0.3333333,0,0.003921569,0,0.03921569,0,0.003921569,0,0.1686275
36,55,9.81,500,0.7,1,0.3,160,100000,1,0.1,0.05,3.3,1,1,0,400000,1,1,0.05,3.3s,1,0.0001,1000,9.496924,0.3333333,0,0.003921569,0,0.03921569,0,0,0,0.1686275
36,56,9.81,500,0.7,1,0.3,160,100000,1,0.1,0.05,3.3,1,1,0,400000,1,1,0.05,3.3s,1,0.0001,1000,9.496924,0.3333333,0,0.003921569,0,0.04313726,0,0,0,0.172549
36,57,9.81,500,0.7,1,0.3,160,100000,1,0.1,0.05,3.3,1,1,0,400000,1,1,0.05,3.3s,1,0.0001,1000,9.496924,0.3333333,0,0.003921569,0,0.04705883,0,0,0,0.172549
36,58,9.81,500,0.7,1,0.3,160,100000,1,0.1,0.05,3.3,1,1,0,400000,1,1,0.05,3.3s,1,0.0001,1000,9.496924,0.3333333,0,0.003921569,0,0.04705883,0,0,0,0.172549
36,59,9.81,500,0.7,1,0.3,160,100000,1,0.1,0.05,3.3,1,1,0,400000,1,1,0.05,3.3s,1,0.0001,1000,9.496924,0.3333333,0,0.003921569,0,0.04313726,0,0,0,0.1764706
36,60,9.81,500,0.7,1,0.3,160,100000,1,0.1,0.05,3.3,1,1,0,400000,1,1,0.05,3.3s,1,0.0001,1000,9.496924,0.3333333,0,0.007843138,0,0.03137255,0,0,0,0.1764706
36,61,9.81,500,0.7,1,0.3,160,100000,1,0.1,0.05,3.3,1,1,0,400000,1,1,0.05,3.3s,1,0.0001,1000,9.496924,0.3333333,0,0.007843138,0,0.01176471,0,0,0,0.1803922
36,62,9.81,500,0.7,1,0.3,160,100000,1,0.1,0.05,3.3,1,1,0,400000,1,1,0.05,3.3s,1,0.0001,1000,9.496924,0.3333333,0,0.007843138,0,0,0,0,0,0.1803922
36,63,9.81,500,0.7,1,0.3,160,100000,1,0.1,0.05,3.3,1,1,0,400000,1,1,0.05,3.3s,1,0.0001,1000,9.496924,0.3333333,0,0.007843138,0,0,0,0,0,0.1764706
37,0,9.81,500,0.7,1,0.3,160,100000,1,0.1,0.05,3.3,1,1,0,400000,1,1,0.05,3.3s,1,0.0001,1000,9.496924,0.3333333,0,0.003921569,0,0,0,0,0,0.172549
37,1,9.81,500,0.7,1,0.3,160,100000,1,0.1,0.05,3.3,1,1,0,400000,1,1,0.05,3.3s,1,0.0001,1000,9.496924,0.3333333,0,0.003921569,0,0,0,0,0,0.1686275
37,2,9.81,500,0.7,1,0.3,160,100000,1,0.1,0.05,3.3,1,1,0,400000,1,1,0.05,3.3s,1,0.0001,1000,9.496924,0.3333333,0,0.003921569,0,0,0,0,0,0.1686275
37,3,9.81,500,0.7,1,0.3,160,100000,1,0.1,0.05,3.3,1,1,0,400000,1,1,0.05,3.3s,1,0.0001,1000,9.496924,0.3333333,0,0,0,0,0,0,0,0.1686275
37,4,9.81,500,0.7,1,0.3,160,100000,1,0.1,0.05,3.3,1,1,0,400000,1,1,0.05,3.3s,1,0.0001,1000,9.496924,0.3333333,0,0,0,0,0,0,0,0.1686275
37,5,9.81,500,0.7,1,0.3,160,100000,1,0.1,0.05,3.3,1,1,0,400000,1,1,0.05,3.3s,1,0.0001,1000,9.496924,0.3333333,0,0,0,0,0,0,0,0.1686275
37,6,9.81,500,0.7,1,0.3,160,100000,1,0.1,0.05,3.3,1,1,0,400000,1,1,0.05,3.3s,1,0.0001,1000,9.496924,0.3333333,0,0,0,0,0,0,0,0.172549
37,7,9.81,500,0.7,1,0.3,160,100000,1,0.1,0.05,3.3,1,1,0,400000,1,1,0.05,3.3s,1,0.0001,1000,9.496924,0.3333333,0,0,0,0,0,0,0,0.172549
37,8,9.81,500,0.7,1,0.3,160,100000,1,0.1,0.05,3.3,1,1,0,400000,1,1,0.05,3.3s,1,0.0001,1000,9.496924,0.3333333,0,0,0,0,0,0,0,0.172549
37,9,9.81,500,0.7,1,0.3,160,100000,1,0.1,0.05,3.3,1,1,0,400000,1,1,0.05,3.3s,1,0.0001,1000,9.496924,0.3333333,0,0,0,0,0,0,0,0.1764706
37,10,9.81,500,0.7,1,0.3,160,100000,1,0.1,0.05,3.3,1,1,0,400000,1,1,0.05,3.3s,1,0.0001,1000,9.496924,0.3333333,0,0,0,0,0,0,0,0.172549
37,11,9.81,500,0.7,1,0.3,160,100000,1,0.1,0.05,3.3,1,1,0,400000,1,1,0.05,3.3s,1,0.0001,1000,9.496924,0.3333333,0,0,0,0,0,0,0,0.172549
37,12,9.81,500,0.7,1,0.3,160,100000,1,0.1,0.05,3.3,1,1,0,400000,1,1,0.05,3.3s,1,0.0001,1000,9.496924,0.3333333,0,0,0,0,0,0,0,0.172549
37,13,9.81,500,0.7,1,0.3,160,100000,1,0.1,0.05,3.3,1,1,0,400000,1,1,0.05,3.3s,1,0.0001,1000,9.496924,0.3333333,0,0,0,0,0,0.003921569,0,0.1686275
37,14,9.81,500,0.7,1,0.3,160,100000,1,0.1,0.05,3.3,1,1,0,400000,1,1,0.05,3.3s,1,0.0001,1000,9.496924,0.3333333,0,0,0,0,0,0.007843138,0,0.1686275
37,15,9.81,500,0.7,1,0.3,160,100000,1,0.1,0.05,3.3,1,1,0,400000,1,1,0.05,3.3s,1,0.0001,1000,9.496924,0.3333333,0,0,0,0,0,0.01568628,0,0.1647059
37,16,9.81,500,0.7,1,0.3,160,100000,1,0.1,0.05,3.3,1,1,0,400000,1,1,0.05,3.3s,1,0.0001,1000,9.496924,0.3333333,0,0,0,0,0,0.02745098,0.003921569,0.1607843
37,17,9.81,500,0.7,1,0.3,160,100000,1,0.1,0.05,3.3,1,1,0,400000,1,1,0.05,3.3s,1,0.0001,1000,9.496924,0.3333333,0,0,0,0,0,0.04313726,0.01176471,0.1568628
37,18,9.81,500,0.7,1,0.3,160,100000,1,0.1,0.05,3.3,1,1,0,400000,1,1,0.05,3.3s,1,0.0001,1000,9.496924,0.3333333,0,0,0,0,0,0.05490196,0.02352941,0.1529412
37,19,9.81,500,0.7,1,0.3,160,100000,1,0.1,0.05,3.3,1,1,0,400000,1,1,0.05,3.3s,1,0.0001,1000,9.496924,0.3333333,0,0,0,0,0,0.06666667,0.03137255,0.1529412
37,20,9.81,500,0.7,1,0.3,160,100000,1,0.1,0.05,3.3,1,1,0,400000,1,1,0.05,3.3s,1,0.0001,1000,9.496924,0.3333333,0,0,0,0,0,0.07450981,0.03921569,0.1490196
37,21,9.81,500,0.7,1,0.3,160,100000,1,0.1,0.05,3.3,1,1,0,400000,1,1,0.05,3.3s,1,0.0001,1000,9.496924,0.3333333,0,0,0,0,0,0.07843138,0.04313726,0.1490196
37,22,9.81,500,0.7,1,0.3,160,100000,1,0.1,0.05,3.3,1,1,0,400000,1,1,0.05,3.3s,1,0.0001,1000,9.496924,0.3333333,0,0,0,0.01568628,0,0.07450981,0.04313726,0.1490196
37,23,9.81,500,0.7,1,0.3,160,100000,1,0.1,0.05,3.3,1,1,0,400000,1,1,0.05,3.3s,1,0.0001,1000,9.496924,0.3333333,0.003921569,0,0,0.03921569,0,0.06666667,0.04705883,0.1490196
37,24,9.81,500,0.7,1,0.3,160,100000,1,0.1,0.05,3.3,1,1,0,400000,1,1,0.05,3.3s,1,0.0001,1000,9.496924,0.3333333,0.003921569,0,0,0.05882353,0,0.05882353,0.04313726,0.1490196
37,25,9.81,500,0.7,1,0.3,160,100000,1,0.1,0.05,3.3,1,1,0,400000,1,1,0.05,3.3s,1,0.0001,1000,9.496924,0.3333333,0.003921569,0,0,0.07058824,0,0.0509804,0.03921569,0.1529412
37,26,9.81,500,0.7,1,0.3,160,100000,1,0.1,0.05,3.3,1,1,0,400000,1,1,0.05,3.3s,1,0.0001,1000,9.496924,0.3333333,0.003921569,0,0,0.07843138,0,0.04705883,0.03529412,0.1529412
37,27,9.81,500,0.7,1,0.3,160,100000,1,0.1,0.05,3.3,1,1,0,400000,1,1,0.05,3.3s,1,0.0001,1000,9.496924,0.3333333,0.003921569,0,0,0.08627451,0,0.04313726,0.02745098,0.1568628
37,28,9.81,500,0.7,1,0.3,160,100000,1,0.1,0.05,3.3,1,1,0,400000,1,1,0.05,3.3s,1,0.0001,1000,9.496924,0.3333333,0.007843138,0,0,0.09411766,0,0.04313726,0.01960784,0.1568628
37,29,9.81,500,0.7,1,0.3,160,100000,1,0.1,0.05,3.3,1,1,0,400000,1,1,0.05,3.3s,1,0.0001,1000,9.496924,0.3333333,0.007843138,0,0,0.1137255,0,0.04705883,0.01176471,0.1568628
37,30,9.81,500,0.7,1,0.3,160,100000,1,0.1,0.05,3.3,1,1,0,400000,1,1,0.05,3.3s,1,0.0001,1000,9.496924,0.3333333,0.007843138,0,0,0.1333333,0,0.04313726,0,0.1607843
37,31,9.81,500,0.7,1,0.3,160,100000,1,0.1,0.05,3.3,1,1,0,400000,1,1,0.05,3.3s,1,0.0001,1000,9.496924,0.3333333,0.007843138,0,0,0.1607843,0,0.03137255,0,0.1647059
37,32,9.81,500,0.7,1,0.3,160,100000,1,0.1,0.05,3.3,1,1,0,400000,1,1,0.05,3.3s,1,0.0001,1000,9.496924,0.3333333,0.007843138,0,0,0.1803922,0,0.01176471,0,0.1686275
37,33,9.81,500,0.7,1,0.3,160,100000,1,0.1,0.05,3.3,1,1,0,400000,1,1,0.05,3.3s,1,0.0001,1000,9.496924,0.3333333,0.007843138,0.003921569,0,0.1882353,0,0,0,0.172549
37,34,9.81,500,0.7,1,0.3,160,100000,1,0.1,0.05,3.3,1,1,0,400000,1,1,0.05,3.3s,1,0.0001,1000,9.496924,0.3333333,0.007843138,0.007843138,0,0.1803922,0,0,0,0.1803922
37,35,9.81,500,0.7,1,0.3,160,100000,1,0.1,0.05,3.3,1,1,0,400000,1,1,0.05,3.3s,1,0.0001,1000,9.496924,0.3333333,0.007843138,0.007843138,0,0.1568628,0,0,0,0.1882353
37,36,9.81,500,0.7,1,0.3,160,100000,1,0.1,0.05,3.3,1,1,0,400000,1,1,0.05,3.3s,1,0.0001,1000,9.496924,0.3333333,0.007843138,0.01176471,0,0.1137255,0,0,0,0.1960784
37,37,9.81,500,0.7,1,0.3,160,100000,1,0.1,0.05,3.3,1,1,0,400000,1,1,0.05,3.3s,1,0.0001,1000,9.496924,0.3333333,0.003921569,0.01176471,0,0.0627451,0,0,0,0.2
37,38,9.81,500,0.7,1,0.3,160,100000,1,0.1,0.05,3.3,1,1,0,400000,1,1,0.05,3.3s,1,0.0001,1000,9.496924,0.3333333,0.003921569,0.01176471,0,0.007843138,0,0,0,0.2
37,39,9.81,500,0.7,1,0.3,160,100000,1,0.1,0.05,3.3,1,1,0,400000,1,1,0.05,3.3s,1,0.0001,1000,9.496924,0.3333333,0,0.01176471,0,0,0,0,0,0.1960784
37,40,9.81,500,0.7,1,0.3,160,100000,1,0.1,0.05,3.3,1,1,0,400000,1,1,0.05,3.3s,1,0.0001,1000,9.496924,0.3333333,0,0.01176471,0,0,0,0,0,0.1921569
37,41,9.81,500,0.7,1,0.3,160,100000,1,0.1,0.05,3.3,1,1,0,400000,1,1,0.05,3.3s,1,0.0001,1000,9.496924,0.3333333,0,0.01176471,0,0,0,0,0,0.1843137
37,42,9.81,500,0.7,1,0.3,160,100000,1,0.1,0.05,3.3,1,1,0,400000,1,1,0.05,3.3s,1,0.0001,1000,9.496924,0.3333333,0,0.007843138,0,0,0,0,0,0.1803922
37,43,9.81,500,0.7,1,0.3,160,100000,1,0.1,0.05,3.3,1,1,0,400000,1,1,0.05,3.3s,1,0.0001,1000,9.496924,0.3333333,0,0.007843138,0,0,0,0,0,0.172549
37,44,9.81,500,0.7,1,0.3,160,100000,1,0.1,0.05,3.3,1,1,0,400000,1,1,0.05,3.3s,1,0.0001,1000,9.496924,0.3333333,0,0.003921569,0,0,0,0.007843138,0,0.1686275
37,45,9.81,500,0.7,1,0.3,160,100000,1,0.1,0.05,3.3,1,1,0,400000,1,1,0.05,3.3s,1,0.0001,1000,9.496924,0.3333333,0,0.003921569,0,0,0,0.02352941,0,0.1686275
37,46,9.81,500,0.7,1,0.3,160,100000,1,0.1,0.05,3.3,1,1,0,400000,1,1,0.05,3.3s,1,0.0001,1000,9.496924,0.3333333,0,0,0,0,0,0.03529412,0,0.1647059
37,47,9.81,500,0.7,1,0.3,160,100000,1,0.1,0.05,3.3,1,1,0,400000,1,1,0.05,3.3s,1,0.0001,1000,9.496924,0.3333333,0,0,0,0,0,0.03921569,0,0.1647059
37,48,9.81,500,0.7,1,0.3,160,100000,1,0.1,0.05,3.3,1,1,0,400000,1,1,0.05,3.3s,1,0.0001,1000,9.496924,0.3333333,0,0,0,0,0,0.04313726,0,0.1647059
37,49,9.81,500,0.7,1,0.3,160,100000,1,0.1,0.05,3.3,1,1,0,400000,1,1,0.05,3.3s,1,0.0001,1000,9.496924,0.3333333,0,0,0,0,0,0.03921569,0,0.1647059
37,50,9.81,500,0.7,1,0.3,160,100000,1,0.1,0.05,3.3,1,1,0,400000,1,1,0.05,3.3s,1,0.0001,1000,9.496924,0.3333333,0,0,0,0.01176471,0,0.03529412,0,0.1647059
37,51,9.81,500,0.7,1,0.3,160,100000,1,0.1,0.05,3.3,1,1,0,400000,1,1,0.05,3.3s,1,0.0001,1000,9.496924,0.3333333,0,0,0,0.02352941,0,0.02352941,0,0.1647059
37,52,9.81,500,0.7,1,0.3,160,100000,1,0.1,0.05,3.3,1,1,0,400000,1,1,0.05,3.3s,1,0.0001,1000,9.496924,0.3333333,0,0,0,0.03137255,0,0.01176471,0,0.1686275
37,53,9.81,500,0.7,1,0.3,160,100000,1,0.1,0.05,3.3,1,1,0,400000,1,1,0.05,3.3s,1,0.0001,1000,9.496924,0.3333333,0,0,0,0.03137255,0,0.003921569,0,0.1686275
37,54,9.81,500,0.7,1,0.3,160,100000,1,0.1,0.05,3.3,1,1,0,400000,1,1,0.05,3.3s,1,0.0001,1000,9.496924,0.3333333,0,0,0,0.02745098,0,0,0,0.1686275
37,55,9.81,500,0.7,1,0.3,160,100000,1,0.1,0.05,3.3,1,1,0,400000,1,1,0.05,3.3s,1,0.0001,1000,9.496924,0.3333333,0,0.003921569,0,0.02352941,0,0,0,0.1686275
37,56,9.81,500,0.7,1,0.3,160,100000,1,0.1,0.05,3.3,1,1,0,400000,1,1,0.05,3.3s,1,0.0001,1000,9.496924,0.3333333,0,0.003921569,0,0.02745098,0,0,0,0.1686275
37,57,9.81,500,0.7,1,0.3,160,100000,1,0.1,0.05,3.3,1,1,0,400000,1,1,0.05,3.3s,1,0.0001,1000,9.496924,0.3333333,0,0.003921569,0,0.03137255,0,0,0,0.1686275
37,58,9.81,500,0.7,1,0.3,160,100000,1,0.1,0.05,3.3,1,1,0,400000,1,1,0.05,3.3s,1,0.0001,1000,9.496924,0.3333333,0,0.003921569,0,0.03529412,0,0,0,0.172549
37,59,9.81,500,0.7,1,0.3,160,100000,1,0.1,0.05,3.3,1,1,0,400000,1,1,0.05,3.3s,1,0.0001,1000,9.496924,0.3333333,0,0.003921569,0,0.03137255,0,0,0,0.172549
37,60,9.81,500,0.7,1,0.3,160,100000,1,0.1,0.05,3.3,1,1,0,400000,1,1,0.05,3.3s,1,0.0001,1000,9.496924,0.3333333,0,0.003921569,0,0.01960784,0,0,0,0.172549
37,61,9.81,500,0.7,1,0.3,160,100000,1,0.1,0.05,3.3,1,1,0,400000,1,1,0.05,3.3s,1,0.0001,1000,9.496924,0.3333333,0,0.003921569,0,0.003921569,0,0,0,0.1764706
37,62,9.81,500,0.7,1,0.3,160,100000,1,0.1,0.05,3.3,1,1,0,400000,1,1,0.05,3.3s,1,0.0001,1000,9.496924,0.3333333,0,0.003921569,0,0,0,0,0,0.1764706
37,63,9.81,500,0.7,1,0.3,160,100000,1,0.1,0.05,3.3,1,1,0,400000,1,1,0.05,3.3s,1,0.0001,1000,9.496924,0.3333333,0,0.003921569,0,0,0,0,0,0.172549
38,0,9.81,500,0.7,1,0.3,160,100000,1,0.1,0.05,3.3,1,1,0,400000,1,1,0.05,3.3s,1,0.0001,1000,9.496924,0.3333333,0,0,0,0,0,0,0.01960784,0.1686275
38,1,9.81,500,0.7,1,0.3,160,100000,1,0.1,0.05,3.3,1,1,0,400000,1,1,0.05,3.3s,1,0.0001,1000,9.496924,0.3333333,0,0,0,0,0,0,0.01960784,0.1647059
38,2,9.81,500,0.7,1,0.3,160,100000,1,0.1,0.05,3.3,1,1,0,400000,1,1,0.05,3.3s,1,0.0001,1000,9.496924,0.3333333,0,0,0,0,0,0,0.01960784,0.1647059
38,3,9.81,500,0.7,1,0.3,160,100000,1,0.1,0.05,3.3,1,1,0,400000,1,1,0.05,3.3s,1,0.0001,1000,9.496924,0.3333333,0,0,0,0,0,0,0.01568628,0.1647059
38,4,9.81,500,0.7,1,0.3,160,100000,1,0.1,0.05,3.3,1,1,0,400000,1,1,0.05,3.3s,1,0.0001,1000,9.496924,0.3333333,0,0,0,0,0,0,0.01176471,0.1647059
38,5,9.81,500,0.7,1,0.3,160,100000,1,0.1,0.05,3.3,1,1,0,400000,1,1,0.05,3.3s,1,0.0001,1000,9.496924,0.3333333,0,0,0,0,0,0,0.007843138,0.1647059
38,6,9.81,500,0.7,1,0.3,160,100000,1,0.1,0.05,3.3,1,1,0,400000,1,1,0.05,3.3s,1,0.0001,1000,9.496924,0.3333333,0,0,0,0,0,0,0.003921569,0.1686275
38,7,9.81,500,0.7,1,0.3,160,100000,1,0.1,0.05,3.3,1,1,0,400000,1,1,0.05,3.3s,1,0.0001,1000,9.496924,0.3333333,0,0,0,0,0,0,0,0.1686275
38,8,9.81,500,0.7,1,0.3,160,100000,1,0.1,0.05,3.3,1,1,0,400000,1,1,0.05,3.3s,1,0.0001,1000,9.496924,0.3333333,0,0,0,0,0,0,0,0.172549
38,9,9.81,500,0.7,1,0.3,160,100000,1,0.1,0.05,3.3,1,1,0,400000,1,1,0.05,3.3s,1,0.0001,1000,9.496924,0.3333333,0,0,0,0,0,0,0,0.172549
38,10,9.81,500,0.7,1,0.3,160,100000,1,0.1,0.05,3.3,1,1,0,400000,1,1,0.05,3.3s,1,0.0001,1000,9.496924,0.3333333,0,0,0,0,0,0,0,0.172549
38,11,9.81,500,0.7,1,0.3,160,100000,1,0.1,0.05,3.3,1,1,0,400000,1,1,0.05,3.3s,1,0.0001,1000,9.496924,0.3333333,0,0,0,0,0,0,0,0.1686275
38,12,9.81,500,0.7,1,0.3,160,100000,1,0.1,0.05,3.3,1,1,0,400000,1,1,0.05,3.3s,1,0.0001,1000,9.496924,0.3333333,0,0,0,0,0,0,0,0.1686275
38,13,9.81,500,0.7,1,0.3,160,100000,1,0.1,0.05,3.3,1,1,0,400000,1,1,0.05,3.3s,1,0.0001,1000,9.496924,0.3333333,0,0,0,0,0,0,0,0.1686275
38,14,9.81,500,0.7,1,0.3,160,100000,1,0.1,0.05,3.3,1,1,0,400000,1,1,0.05,3.3s,1,0.0001,1000,9.496924,0.3333333,0,0,0,0,0,0.007843138,0.003921569,0.1647059
38,15,9.81,500,0.7,1,0.3,160,100000,1,0.1,0.05,3.3,1,1,0,400000,1,1,0.05,3.3s,1,0.0001,1000,9.496924,0.3333333,0,0,0,0,0,0.01960784,0.01176471,0.1607843
38,16,9.81,500,0.7,1,0.3,160,100000,1,0.1,0.05,3.3,1,1,0,400000,1,1,0.05,3.3s,1,0.0001,1000,9.496924,0.3333333,0,0,0,0,0,0.03137255,0.01960784,0.1568628
38,17,9.81,500,0.7,1,0.3,160,100000,1,0.1,0.05,3.3,1,1,0,400000,1,1,0.05,3.3s,1,0.0001,1000,9.496924,0.3333333,0,0,0,0,0,0.04705883,0.02745098,0.1568628
38,18,9.81,500,0.7,1,0.3,160,100000,1,0.1,0.05,3.3,1,1,0,400000,1,1,0.05,3.3s,1,0.0001,1000,9.496924,0.3333333,0,0,0,0,0,0.05882353,0.03529412,0.1529412
38,19,9.81,500,0.7,1,0.3,160,100000,1,0.1,0.05,3.3,1,1,0,400000,1,1,0.05,3.3s,1,0.0001,1000,9.496924,0.3333333,0,0,0,0,0,0.07058824,0.03921569,0.1490196
38,20,9.81,500,0.7,1,0.3,160,100000,1,0.1,0.05,3.3,1,1,0,400000,1,1,0.05,3.3s,1,0.0001,1000,9.496924,0.3333333,0,0,0,0,0,0.07843138,0.04705883,0.1490196
38,21,9.81,500,0.7,1,0.3,160,100000,1,0.1,0.05,3.3,1,1,0,400000,1,1,0.05,3.3s,1,0.0001,1000,9.496924,0.3333333,0,0,0,0,0,0.08235294,0.04705883,0.145098
38,22,9.81,500,0.7,1,0.3,160,100000,1,0.1,0.05,3.3,1,1,0,400000,1,1,0.05,3.3s,1,0.0001,1000,9.496924,0.3333333,0,0,0,0.02352941,0,0.07843138,0.0509804,0.1490196
38,23,9.81,500,0.7,1,0.3,160,100000,1,0.1,0.05,3.3,1,1,0,400000,1,1,0.05,3.3s,1,0.0001,1000,9.496924,0.3333333,0.003921569,0,0,0.0509804,0,0.07058824,0.0509804,0.1490196
38,24,9.81,500,0.7,1,0.3,160,100000,1,0.1,0.05,3.3,1,1,0,400000,1,1,0.05,3.3s,1,0.0001,1000,9.496924,0.3333333,0.003921569,0,0,0.06666667,0,0.05882353,0.04705883,0.1490196
38,25,9.81,500,0.7,1,0.3,160,100000,1,0.1,0.05,3.3,1,1,0,400000,1,1,0.05,3.3s,1,0.0001,1000,9.496924,0.3333333,0.003921569,0,0,0.07843138,0,0.0509804,0.04313726,0.1529412
38,26,9.81,500,0.7,1,0.3,160,100000,1,0.1,0.05,3.3,1,1,0,400000,1,1,0.05,3.3s,1,0.0001,1000,9.496924,0.3333333,0.003921569,0,0,0.08627451,0,0.04313726,0.03921569,0.1529412
38,27,9.81,500,0.7,1,0.3,160,100000,1,0.1,0.05,3.3,1,1,0,400000,1,1,0.05,3.3s,1,0.0001,1000,9.496924,0.3333333,0.007843138,0,0,0.09411766,0,0.03921569,0.03137255,0.1568628
38,28,9.81,500,0.7,1,0.3,160,100000,1,0.1,0.05,3.3,1,1,0,400000,1,1,0.05,3.3s,1,0.0001,1000,9.496924,0.3333333,0.007843138,0,0,0.1019608,0,0.03921569,0.02352941,0.1568628
38,29,9.81,500,0.7,1,0.3,160,100000,1,0.1,0.05,3.3,1,1,0,400000,1,1,0.05,3.3s,1,0.0001,1000,9.496924,0.3333333,0.007843138,0,0,0.1176471,0,0.03921569,0.01176471,0.1568628
38,30,9.81,500,0.7,1,0.3,160,100000,1,0.1,0.05,3.3,1,1,0,400000,1,1,0.05,3.3s,1,0.0001,1000,9.496924,0.3333333,0.007843138,0,0,0.1372549,0,0.03529412,0.003921569,0.1607843
38,31,9.81,500,0.7,1,0.3,160,100000,1,0.1,0.05,3.3,1,1,0,400000,1,1,0.05,3.3s,1,0.0001,1000,9.496924,0.3333333,0.007843138,0,0,0.1568628,0,0.02352941,0,0.1647059
38,32,9.81,500,0.7,1,0.3,160,100000,1,0.1,0.05,3.3,1,1,0,400000,1,1,0.05,3.3s,1,0.0001,1000,9.496924,0.3333333,0.007843138,0,0,0.172549,0,0.007843138,0,0.1686275
38,33,9.81,500,0.7,1,0.3,160,100000,1,0.1,0.05,3.3,1,1,0,400000,1,1,0.05,3.3s,1,0.0001,1000,9.496924,0.3333333,0.007843138,0.003921569,0,0.1803922,0,0,0,0.1764706
38,34,9.81,500,0.7,1,0.3,160,100000,1,0.1,0.05,3.3,1,1,0,400000,1,1,0.05,3.3s,1,0.0001,1000,9.496924,0.3333333,0.007843138,0.003921569,0,0.1686275,0,0,0,0.1803922
38,35,9.81,500,0.7,1,0.3,160,100000,1,0.1,0.05,3.3,1,1,0,400000,1,1,0.05,3.3s,1,0.0001,1000,9.496924,0.3333333,0.007843138,0.007843138,0,0.145098,0,0,0,0.1882353
38,36,9.81,500,0.7,1,0.3,160,100000,1,0.1,0.05,3.3,1,1,0,400000,1,1,0.05,3.3s,1,0.0001,1000,9.496924,0.3333333,0.003921569,0.01176471,0,0.1019608,0,0,0,0.1921569
38,37,9.81,500,0.7,1,0.3,160,100000,1,0.1,0.05,3.3,1,1,0,400000,1,1,0.05,3.3s,1,0.0001,1000,9.496924,0.3333333,0.003921569,0.01176471,0,0.05490196,0,0,0,0.1960784
38,38,9.81,500,0.7,1,0.3,160,100000,1,0.1,0.05,3.3,1,1,0,400000,1,1,0.05,3.3s,1,0.0001,1000,9.496924,0.3333333,0.003921569,0.01176471,0,0,0,0,0,0.1960784
38,39,9.81,500,0.7,1,0.3,160,100000,1,0.1,0.05,3.3,1,1,0,400000,1,1,0.05,3.3s,1,0.0001,1000,9.496924,0.3333333,0,0.01176471,0,0,0,0,0,0.1921569
38,40,9.81,500,0.7,1,0.3,160,100000,1,0.1,0.05,3.3,1,1,0,400000,1,1,0.05,3.3s,1,0.0001,1000,9.496924,0.3333333,0,0.01176471,0,0,0,0,0,0.1882353
38,41,9.81,500,0.7,1,0.3,160,100000,1,0.1,0.05,3.3,1,1,0,400000,1,1,0.05,3.3s,1,0.0001,1000,9.496924,0.3333333,0,0.007843138,0,0,0,0,0,0.1843137
38,42,9.81,500,0.7,1,0.3,160,100000,1,0.1,0.05,3.3,1,1,0,400000,1,1,0.05,3.3s,1,0.0001,1000,9.496924,0.3333333,0,0.007843138,0,0,0,0,0,0.1764706
38,43,9.81,500,0.7,1,0.3,160,100000,1,0.1,0.05,3.3,1,1,0,400000,1,1,0.05,3.3s,1,0.0001,1000,9.496924,0.3333333,0,0.003921569,0,0,0,0,0,0.172549
38,44,9.81,500,0.7,1,0.3,160,100000,1,0.1,0.05,3.3,1,1,0,400000,1,1,0.05,3.3s,1,0.0001,1000,9.496924,0.3333333,0,0.003921569,0,0,0,0.01176471,0,0.1686275
38,45,9.81,500,0.7,1,0.3,160,100000,1,0.1,0.05,3.3,1,1,0,400000,1,1,0.05,3.3s,1,0.0001,1000,9.496924,0.3333333,0,0.003921569,0,0,0,0.02352941,0,0.1647059
38,46,9.81,500,0.7,1,0.3,160,100000,1,0.1,0.05,3.3,1,1,0,400000,1,1,0.05,3.3s,1,0.0001,1000,9.496924,0.3333333,0,0,0,0,0,0.03137255,0,0.1647059
38,47,9.81,500,0.7,1,0.3,160,100000,1,0.1,0.05,3.3,1,1,0,400000,1,1,0.05,3.3s,1,0.0001,1000,9.496924,0.3333333,0,0,0,0,0,0.03529412,0,0.1647059
38,48,9.81,500,0.7,1,0.3,160,100000,1,0.1,0.05,3.3,1,1,0,400000,1,1,0.05,3.3s,1,0.0001,1000,9.496924,0.3333333,0,0,0,0,0,0.03529412,0,0.1607843
38,49,9.81,500,0.7,1,0.3,160,100000,1,0.1,0.05,3.3,1,1,0,400000,1,1,0.05,3.3s,1,0.0001,1000,9.496924,0.3333333,0,0,0,0,0,0.03137255,0,0.1607843
38,50,9.81,500,0.7,1,0.3,160,100000,1,0.1,0.05,3.3,1,1,0,400000,1,1,0.05,3.3s,1,0.0001,1000,9.496924,0.3333333,0,0,0,0.01568628,0,0.02745098,0,0.1647059
38,51,9.81,500,0.7,1,0.3,160,100000,1,0.1,0.05,3.3,1,1,0,400000,1,1,0.05,3.3s,1,0.0001,1000,9.496924,0.3333333,0,0,0,0.02352941,0,0.01568628,0,0.1647059
38,52,9.81,500,0.7,1,0.3,160,100000,1,0.1,0.05,3.3,1,1,0,400000,1,1,0.05,3.3s,1,0.0001,1000,9.496924,0.3333333,0,0,0,0.02745098,0,0.003921569,0,0.1647059
38,53,9.81,500,0.7,1,0.3,160,100000,1,0.1,0.05,3.3,1,1,0,400000,1,1,0.05,3.3s,1,0.0001,1000,9.496924,0.3333333,0,0,0,0.02352941,0,0,0,0.1686275
38,54,9.81,500,0.7,1,0.3,160,100000,1,0.1,0.05,3.3,1,1,0,400000,1,1,0.05,3.3s,1,0.0001,1000,9.496924,0.3333333,0,0,0,0.01568628,0,0,0,0.1686275
38,55,9.81,500,0.7,1,0.3,160,100000,1,0.1,0.05,3.3,1,1,0,400000,1,1,0.05,3.3s,1,0.0001,1000,9.496924,0.3333333,0,0,0,0.01176471,0,0,0.003921569,0.1686275
38,56,9.81,500,0.7,1,0.3,160,100000,1,0.1,0.05,3.3,1,1,0,400000,1,1,0.05,3.3s,1,0.0001,1000,9.496924,0.3333333,0,0,0,0.01176471,0,0,0.007843138,0.1686275
38,57,9.81,500,0.7,1,0.3,160,100000,1,0.1,0.05,3.3,1,1,0,400000,1,1,0.05,3.3s,1,0.0001,1000,9.496924,0.3333333,0,0,0,0.01568628,0,0,0.007843138,0.1686275
38,58,9.81,500,0.7,1,0.3,160,100000,1,0.1,0.05,3.3,1,1,0,400000,1,1,0.05,3.3s,1,0.0001,1000,9.496924,0.3333333,0,0,0,0.01960784,0,0,0.01176471,0.1686275
38,59,9.81,500,0.7,1,0.3,160,100000,1,0.1,0.05,3.3,1,1,0,400000,1,1,0.05,3.3s,1,0.0001,1000,9.496924,0.3333333,0,0.003921569,0,0.01960784,0,0,0.01176471,0.1686275
38,60,9.81,500,0.7,1,0.3,160,100000,1,0.1,0.05,3.3,1,1,0,400000,1,1,0.05,3.3s,1,0.0001,1000,9.496924,0.3333333,0,0.003921569,0,0.01176471,0,0,0.01176471,0.1686275
38,61,9.81,500,0.7,1,0.3,160,100000,1,0.1,0.05,3.3,1,1,0,400000,1,1,0.05,3.3s,1,0.0001,1000,9.496924,0.3333333,0,0.003921569,0,0,0,0,0.01568628,0.1686275
38,62,9.81,500,0.7,1,0.3,160,100000,1,0.1,0.05,3.3,1,1,0,400000,1,1,0.05,3.3s,1,0.0001,1000,9.496924,0.3333333,0,0.003921569,0,0,0,0,0.01568628,0.1686275
38,63,9.81,500,0.7,1,0.3,160,100000,1,0.1,0.05,3.3,1,1,0,400000,1,1,0.05,3.3s,1,0.0001,1000,9.496924,0.3333333,0,0.003921569,0,0,0,0,0.01568628,0.1686275
39,0,9.81,500,0.7,1,0.3,160,100000,1,0.1,0.05,3.3,1,1,0,400000,1,1,0.05,3.3s,1,0.0001,1000,9.496924,0.3333333,0,0,0,0,0,0,0.03529412,0.1647059
39,1,9.81,500,0.7,1,0.3,160,100000,1,0.1,0.05,3.3,1,1,0,400000,1,1,0.05,3.3s,1,0.0001,1000,9.496924,0.3333333,0,0,0,0,0,0,0.03529412,0.1607843
39,2,9.81,500,0.7,1,0.3,160,100000,1,0.1,0.05,3.3,1,1,0,400000,1,1,0.05,3.3s,1,0.0001,1000,9.496924,0.3333333,0,0,0,0,0,0,0.03529412,0.1607843
39,3,9.81,500,0.7,1,0.3,160,100000,1,0.1,0.05,3.3,1,1,0,400000,1,1,0.05,3.3s,1,0.0001,1000,9.496924,0.3333333,0,0,0,0,0,0,0.03137255,0.1607843
39,4,9.81,500,0.7,1,0.3,160,100000,1,0.1,0.05,3.3,1,1,0,400000,1,1,0.05,3.3s,1,0.0001,1000,9.496924,0.3333333,0,0,0,0,0,0,0.03137255,0.1607843
39,5,9.81,500,0.7,1,0.3,160,100000,1,0.1,0.05,3.3,1,1,0,400000,1,1,0.05,3.3s,1,0.0001,1000,9.496924,0.3333333,0,0,0,0,0,0,0.02745098,0.1647059
39,6,9.81,500,0.7,1,0.3,160,100000,1,0.1,0.05,3.3,1,1,0,400000,1,1,0.05,3.3s,1,0.0001,1000,9.496924,0.3333333,0,0,0,0,0,0,0.02352941,0.1647059
39,7,9.81,500,0.7,1,0.3,160,100000,1,0.1,0.05,3.3,1,1,0,400000,1,1,0.05,3.3s,1,0.0001,1000,9.496924,0.3333333,0,0,0,0,0,0,0.01960784,0.1686275
39,8,9.81,500,0.7,1,0.3,160,100000,1,0.1,0.05,3.3,1,1,0,400000,1,1,0.05,3.3s,1,0.0001,1000,9.496924,0.3333333,0,0,0,0,0,0,0.01568628,0.1686275
39,9,9.81,500,0.7,1,0.3,160,100000,1,0.1,0.05,3.3,1,1,0,400000,1,1,0.05,3.3s,1,0.0001,1000,9.496924,0.3333333,0,0,0,0,0,0,0.01176471,0.1686275
39,10,9.81,500,0.7,1,0.3,160,100000,1,0.1,0.05,3.3,1,1,0,400000,1,1,0.05,3.3s,1,0.0001,1000,9.496924,0.3333333,0,0,0,0,0,0,0.01176471,0.1686275
39,11,9.81,500,0.7,1,0.3,160,100000,1,0.1,0.05,3.3,1,1,0,400000,1,1,0.05,3.3s,1,0.0001,1000,9.496924,0.3333333,0,0,0,0,0,0,0.01176471,0.1686275
39,12,9.81,500,0.7,1,0.3,160,100000,1,0.1,0.05,3.3,1,1,0,400000,1,1,0.05,3.3s,1,0.0001,1000,9.496924,0.3333333,0,0,0,0,0,0,0.01176471,0.1647059
39,13,9.81,500,0.7,1,0.3,160,100000,1,0.1,0.05,3.3,1,1,0,400000,1,1,0.05,3.3s,1,0.0001,1000,9.496924,0.3333333,0,0,0,0,0,0,0.01568628,0.1647059
39,14,9.81,500,0.7,1,0.3,160,100000,1,0.1,0.05,3.3,1,1,0,400000,1,1,0.05,3.3s,1,0.0001,1000,9.496924,0.3333333,0,0,0,0,0,0.01176471,0.02352941,0.1607843
39,15,9.81,500,0.7,1,0.3,160,100000,1,0.1,0.05,3.3,1,1,0,400000,1,1,0.05,3.3s,1,0.0001,1000,9.496924,0.3333333,0,0,0,0,0,0.02352941,0.02745098,0.1568628
39,16,9.81,500,0.7,1,0.3,160,100000,1,0.1,0.05,3.3,1,1,0,400000,1,1,0.05,3.3s,1,0.0001,1000,9.496924,0.3333333,0,0,0,0,0,0.03529412,0.03529412,0.1568628
39,17,9.81,500,0.7,1,0.3,160,100000,1,0.1,0.05,3.3,1,1,0,400000,1,1,0.05,3.3s,1,0.0001,1000,9.496924,0.3333333,0,0,0,0,0,0.0509804,0.03921569,0.1529412
39,18,9.81,500,0.7,1,0.3,160,100000,1,0.1,0.05,3.3,1,1,0,400000,1,1,0.05,3.3s,1,0.0001,1000,9.496924,0.3333333,0,0,0,0,0,0.0627451,0.04705883,0.1490196
39,19,9.81,500,0.7,1,0.3,160,100000,1,0.1,0.05,3.3,1,1,0,400000,1,1,0.05,3.3s,1,0.0001,1000,9.496924,0.3333333,0,0,0,0,0,0.07450981,0.0509804,0.1490196
39,20,9.81,500,0.7,1,0.3,160,100000,1,0.1,0.05,3.3,1,1,0,400000,1,1,0.05,3.3s,1,0.0001,1000,9.496924,0.3333333,0,0,0,0,0,0.08235294,0.05490196,0.145098
39,21,9.81,500,0.7,1,0.3,160,100000,1,0.1,0.05,3.3,1,1,0,400000,1,1,0.05,3.3s,1,0.0001,1000,9.496924,0.3333333,0,0,0,0.003921569,0,0.08235294,0.05490196,0.145098
39,22,9.81,500,0.7,1,0.3,160,100000,1,0.1,0.05,3.3,1,1,0,400000,1,1,0.05,3.3s,1,0.0001,1000,9.496924,0.3333333,0,0,0,0.03529412,0,0.07843138,0.05490196,0.145098
39,23,9.81,500,0.7,1,0.3,160,100000,1,0.1,0.05,3.3,1,1,0,400000,1,1,0.05,3.3s,1,0.0001,1000,9.496924,0.3333333,0.003921569,0,0,0.05882353,0,0.07058824,0.05490196,0.1490196
39,24,9.81,500,0.7,1,0.3,160,100000,1,0.1,0.05,3.3,1,1,0,400000,1,1,0.05,3.3s,1,0.0001,1000,9.496924,0.3333333,0.003921569,0,0,0.07450981,0,0.05882353,0.0509804,0.1490196
39,25,9.81,500,0.7,1,0.3,160,100000,1,0.1,0.05,3.3,1,1,0,400000,1,1,0.05,3.3s,1,0.0001,1000,9.496924,0.3333333,0.003921569,0,0,0.08627451,0,0.04705883,0.04705883,0.1529412
39,26,9.81,500,0.7,1,0.3,160,100000,1,0.1,0.05,3.3,1,1,0,400000,1,1,0.05,3.3s,1,0.0001,1000,9.496924,0.3333333,0.003921569,0,0,0.09411766,0,0.03921569,0.03921569,0.1529412
39,27,9.81,500,0.7,1,0.3,160,100000,1,0.1,0.05,3.3,1,1,0,400000,1,1,0.05,3.3s,1,0.0001,1000,9.496924,0.3333333,0.007843138,0,0,0.09803922,0,0.03529412,0.03529412,0.1568628
39,28,9.81,500,0.7,1,0.3,160,100000,1,0.1,0.05,3.3,1,1,0,400000,1,1,0.05,3.3s,1,0.0001,1000,9.496924,0.3333333,0.007843138,0,0,0.1058824,0,0.03529412,0.02352941,0.1568628
39,29,9.81,500,0.7,1,0.3,160,100000,1,0.1,0.05,3.3,1,1,0,400000,1,1,0.05,3.3s,1,0.0001,1000,9.496924,0.3333333,0.007843138,0,0,0.1176471,0,0.03529412,0.01568628,0.1568628
39,30,9.81,500,0.7,1,0.3,160,100000,1,0.1,0.05,3.3,1,1,0,400000,1,1,0.05,3.3s,1,0.0001,1000,9.496924,0.3333333,0.007843138,0,0,0.1333333,0,0.02745098,0.003921569,0.1607843
39,31,9.81,500,0.7,1,0.3,160,100000,1,0.1,0.05,3.3,1,1,0,400000,1,1,0.05,3.3s,1,0.0001,1000,9.496924,0.3333333,0.007843138,0,0,0.1529412,0,0.01960784,0,0.1647059
39,32,9.81,500,0.7,1,0.3,160,100000,1,0.1,0.05,3.3,1,1,0,400000,1,1,0.05,3.3s,1,0.0001,1000,9.496924,0.3333333,0.007843138,0,0,0.1647059,0,0,0,0.1686275
39,33,9.81,500,0.7,1,0.3,160,100000,1,0.1,0.05,3.3,1,1,0,400000,1,1,0.05,3.3s,1,0.0001,1000,9.496924,0.3333333,0.007843138,0.003921569,0,0.1647059,0,0,0,0.1764706
39,34,9.81,500,0.7,1,0.3,160,100000,1,0.1,0.05,3.3,1,1,0,400000,1,1,0.05,3.3s,1,0.0001,1000,9.496924,0.3333333,0.007843138,0.003921569,0,0.1568628,0,0,0,0.1803922
39,35,9.81,500,0.7,1,0.3,160,100000,1,0.1,0.05,3.3,1,1,0,400000,1,1,0.05,3.3s,1,0.0001,1000,9.496924,0.3333333,0.007843138,0.007843138,0,0.1294118,0,0,0,0.1882353
39,36,9.81,500,0.7,1,0.3,160,100000,1,0.1,0.05,3.3,1,1,0,400000,1,1,0.05,3.3s,1,0.0001,1000,9.496924,0.3333333,0.003921569,0.007843138,0,0.09019608,0,0,0,0.1921569
39,37,9.81,500,0.7,1,0.3,160,100000,1,0.1,0.05,3.3,1,1,0,400000,1,1,0.05,3.3s,1,0.0001,1000,9.496924,0.3333333,0.003921569,0.007843138,0,0.04313726,0,0,0,0.1921569
39,38,9.81,500,0.7,1,0.3,160,100000,1,0.1,0.05,3.3,1,1,0,400000,1,1,0.05,3.3s,1,0.0001,1000,9.496924,0.3333333,0.003921569,0.01176471,0,0,0,0,0,0.1921569
39,39,9.81,500,0.7,1,0.3,160,100000,1,0.1,0.05,3.3,1,1,0,400000,1,1,0.05,3.3s,1,0.0001,1000,9.496924,0.3333333,0,0.007843138,0,0,0,0,0,0.1882353
39,40,9.81,500,0.7,1,0.3,160,100000,1,0.1,0.05,3.3,1,1,0,400000,1,1,0.05,3.3s,1,0.0001,1000,9.496924,0.3333333,0,0.007843138,0,0,0,0,0,0.1843137
39,41,9.81,500,0.7,1,0.3,160,100000,1,0.1,0.05,3.3,1,1,0,400000,1,1,0.05,3.3s,1,0.0001,1000,9.496924,0.3333333,0,0.007843138,0,0,0,0,0,0.1803922
39,42,9.81,500,0.7,1,0.3,160,100000,1,0.1,0.05,3.3,1,1,0,400000,1,1,0.05,3.3s,1,0.0001,1000,9.496924,0.3333333,0,0.003921569,0,0,0,0,0,0.1764706
39,43,9.81,500,0.7,1,0.3,160,100000,1,0.1,0.05,3.3,1,1,0,400000,1,1,0.05,3.3s,1,0.0001,1000,9.496924,0.3333333,0,0.003921569,0,0,0,0,0,0.1686275
39,44,9.81,500,0.7,1,0.3,160,100000,1,0.1,0.05,3.3,1,1,0,400000,1,1,0.05,3.3s,1,0.0001,1000,9.496924,0.3333333,0,0.003921569,0,0,0,0.01176471,0,0.1686275
39,45,9.81,500,0.7,1,0.3,160,100000,1,0.1,0.05,3.3,1,1,0,400000,1,1,0.05,3.3s,1,0.0001,1000,9.496924,0.3333333,0,0,0,0,0,0.02352941,0,0.1647059
39,46,9.81,500,0.7,1,0.3,160,100000,1,0.1,0.05,3.3,1,1,0,400000,1,1,0.05,3.3s,1,0.0001,1000,9.496924,0.3333333,0,0,0,0,0,0.02745098,0,0.1607843
39,47,9.81,500,0.7,1,0.3,160,100000,1,0.1,0.05,3.3,1,1,0,400000,1,1,0.05,3.3s,1,0.0001,1000,9.496924,0.3333333,0,0,0,0,0,0.03137255,0,0.1607843
39,48,9.81,500,0.7,1,0.3,160,100000,1,0.1,0.05,3.3,1,1,0,400000,1,1,0.05,3.3s,1,0.0001,1000,9.496924,0.3333333,0,0,0,0,0,0.03137255,0,0.1607843
39,49,9.81,500,0.7,1,0.3,160,100000,1,0.1,0.05,3.3,1,1,0,400000,1,1,0.05,3.3s,1,0.0001,1000,9.496924,0.3333333,0,0,0,0.003921569,0,0.02745098,0.003921569,0.1607843
39,50,9.81,500,0.7,1,0.3,160,100000,1,0.1,0.05,3.3,1,1,0,400000,1,1,0.05,3.3s,1,0.0001,1000,9.496924,0.3333333,0,0,0,0.01568628,0,0.01960784,0.003921569,0.1647059
39,51,9.81,500,0.7,1,0.3,160,100000,1,0.1,0.05,3.3,1,1,0,400000,1,1,0.05,3.3s,1,0.0001,1000,9.496924,0.3333333,0,0,0,0.02352941,0,0.007843138,0.007843138,0.1647059
39,52,9.81,500,0.7,1,0.3,160,100000,1,0.1,0.05,3.3,1,1,0,400000,1,1,0.05,3.3s,1,0.0001,1000,9.496924,0.3333333,0,0,0,0.02352941,0,0,0.007843138,0.1647059
39,53,9.81,500,0.7,1,0.3,160,100000,1,0.1,0.05,3.3,1,1,0,400000,1,1,0.05,3.3s,1,0.0001,1000,9.496924,0.3333333,0,0,0,0.01568628,0,0,0.01176471,0.1647059
39,54,9.81,500,0.7,1,0.3,160,100000,1,0.1,0.05,3.3,1,1,0,400000,1,1,0.05,3.3s,1,0.0001,1000,9.496924,0.3333333,0,0,0,0.007843138,0,0,0.01568628,0.1686275
39,55,9.81,500,0.7,1,0.3,160,100000,1,0.1,0.05,3.3,1,1,0,400000,1,1,0.05,3.3s,1,0.0001,1000,9.496924,0.3333333,0,0,0,0,0,0,0.01568628,0.1647059
39,56,9.81,500,0.7,1,0.3,160,100000,1,0.1,0.05,3.3,1,1,0,400000,1,1,0.05,3.3s,1,0.0001,1000,9.496924,0.3333333,0,0,0,0,0,0,0.01960784,0.1647059
39,57,9.81,500,0.7,1,0.3,160,100000,1,0.1,0.05,3.3,1,1,0,400000,1,1,0.05,3.3s,1,0.0001,1000,9.496924,0.3333333,0,0,0,0,0,0,0.02352941,0.1647059
39,58,9.81,500,0.7,1,0.3,160,100000,1,0.1,0.05,3.3,1,1,0,400000,1,1,0.05,3.3s,1,0.0001,1000,9.496924,0.3333333,0,0,0,0.003921569,0,0,0.02745098,0.1647059
39,59,9.81,500,0.7,1,0.3,160,100000,1,0.1,0.05,3.3,1,1,0,400000,1,1,0.05,3.3s,1,0.0001,1000,9.496924,0.3333333,0,0,0,0.007843138,0,0,0.02745098,0.1647059
39,60,9.81,500,0.7,1,0.3,160,100000,1,0.1,0.05,3.3,1,1,0,400000,1,1,0.05,3.3s,1,0.0001,1000,9.496924,0.3333333,0,0,0,0.003921569,0,0,0.02745098,0.1647059
39,61,9.81,500,0.7,1,0.3,160,100000,1,0.1,0.05,3.3,1,1,0,400000,1,1,0.05,3.3s,1,0.0001,1000,9.496924,0.3333333,0,0,0,0,0,0,0.03137255,0.1647059
39,62,9.81,500,0.7,1,0.3,160,100000,1,0.1,0.05,3.3,1,1,0,400000,1,1,0.05,3.3s,1,0.0001,1000,9.496924,0.3333333,0,0,0,0,0,0,0.03137255,0.1647059
39,63,9.81,500,0.7,1,0.3,160,100000,1,0.1,0.05,3.3,1,1,0,400000,1,1,0.05,3.3s,1,0.0001,1000,9.496924,0.3333333,0,0,0,0,0,0,0.03137255,0.1647059
40,0,9.81,500,0.7,1,0.3,160,100000,1,0.1,0.05,3.3,1,1,0,400000,1,1,0.05,3.3s,1,0.0001,1000,9.496924,0.3333333,0,0,0,0,0,0,0.04705883,0.1607843
40,1,9.81,500,0.7,1,0.3,160,100000,1,0.1,0.05,3.3,1,1,0,400000,1,1,0.05,3.3s,1,0.0001,1000,9.496924,0.3333333,0,0,0,0,0,0,0.04313726,0.1607843
40,2,9.81,500,0.7,1,0.3,160,100000,1,0.1,0.05,3.3,1,1,0,400000,1,1,0.05,3.3s,1,0.0001,1000,9.496924,0.3333333,0,0,0,0,0,0,0.04313726,0.1607843
40,3,9.81,500,0.7,1,0.3,160,100000,1,0.1,0.05,3.3,1,1,0,400000,1,1,0.05,3.3s,1,0.0001,1000,9.496924,0.3333333,0,0,0,0,0,0,0.04313726,0.1607843
40,4,9.81,500,0.7,1,0.3,160,100000,1,0.1,0.05,3.3,1,1,0,400000,1,1,0.05,3.3s,1,0.0001,1000,9.496924,0.3333333,0,0,0,0,0,0,0.04313726,0.1607843
40,5,9.81,500,0.7,1,0.3,160,100000,1,0.1,0.05,3.3,1,1,0,400000,1,1,0.05,3.3s,1,0.0001,1000,9.496924,0.3333333,0,0,0,0,0,0,0.03921569,0.1607843
40,6,9.81,500,0.7,1,0.3,160,100000,1,0.1,0.05,3.3,1,1,0,400000,1,1,0.05,3.3s,1,0.0001,1000,9.496924,0.3333333,0,0,0,0,0,0,0.03529412,0.1647059
40,7,9.81,500,0.7,1,0.3,160,100000,1,0.1,0.05,3.3,1,1,0,400000,1,1,0.05,3.3s,1,0.0001,1000,9.496924,0.3333333,0,0,0,0,0,0,0.03529412,0.1647059
40,8,9.81,500,0.7,1,0.3,160,100000,1,0.1,0.05,3.3,1,1,0,400000,1,1,0.05,3.3s,1,0.0001,1000,9.496924,0.3333333,0,0,0,0,0,0,0.03137255,0.1647059
40,9,9.81,500,0.7,1,0.3,160,100000,1,0.1,0.05,3.3,1,1,0,400000,1,1,0.05,3.3s,1,0.0001,1000,9.496924,0.3333333,0,0,0,0,0,0,0.03137255,0.1647059
40,10,9.81,500,0.7,1,0.3,160,100000,1,0.1,0.05,3.3,1,1,0,400000,1,1,0.05,3.3s,1,0.0001,1000,9.496924,0.3333333,0,0,0,0,0,0,0.03137255,0.1647059
40,11,9.81,500,0.7,1,0.3,160,100000,1,0.1,0.05,3.3,1,1,0,400000,1,1,0.05,3.3s,1,0.0001,1000,9.496924,0.3333333,0,0,0,0,0,0,0.03137255,0.1647059
40,12,9.81,500,0.7,1,0.3,160,100000,1,0.1,0.05,3.3,1,1,0,400000,1,1,0.05,3.3s,1,0.0001,1000,9.496924,0.3333333,0,0,0,0,0,0,0.03137255,0.1607843
40,13,9.81,500,0.7,1,0.3,160,100000,1,0.1,0.05,3.3,1,1,0,400000,1,1,0.05,3.3s,1,0.0001,1000,9.496924,0.3333333,0,0,0,0,0,0.003921569,0.03529412,0.1607843
40,14,9.81,500,0.7,1,0.3,160,100000,1,0.1,0.05,3.3,1,1,0,400000,1,1,0.05,3.3s,1,0.0001,1000,9.496924,0.3333333,0,0,0,0,0,0.01568628,0.03921569,0.1568628
40,15,9.81,500,0.7,1,0.3,160,100000,1,0.1,0.05,3.3,1,1,0,400000,1,1,0.05,3.3s,1,0.0001,1000,9.496924,0.3333333,0,0,0,0,0,0.02352941,0.04313726,0.1568628
40,16,9.81,500,0.7,1,0.3,160,100000,1,0.1,0.05,3.3,1,1,0,400000,1,1,0.05,3.3s,1,0.0001,1000,9.496924,0.3333333,0,0,0,0,0,0.03921569,0.04705883,0.1529412
40,17,9.81,500,0.7,1,0.3,160,100000,1,0.1,0.05,3.3,1,1,0,400000,1,1,0.05,3.3s,1,0.0001,1000,9.496924,0.3333333,0,0,0,0,0,0.05490196,0.05490196,0.1490196
40,18,9.81,500,0.7,1,0.3,160,100000,1,0.1,0.05,3.3,1,1,0,400000,1,1,0.05,3.3s,1,0.0001,1000,9.496924,0.3333333,0,0,0,0,0,0.06666667,0.05882353,0.1490196
40,19,9.81,500,0.7,1,0.3,160,100000,1,0.1,0.05,3.3,1,1,0,400000,1,1,0.05,3.3s,1,0.0001,1000,9.496924,0.3333333,0,0,0,0,0,0.07843138,0.05882353,0.145098
40,20,9.81,500,0.7,1,0.3,160,100000,1,0.1,0.05,3.3,1,1,0,400000,1,1,0.05,3.3s,1,0.0001,1000,9.496924,0.3333333,0,0,0,0,0,0.08235294,0.0627451,0.145098
40,21,9.81,500,0.7,1,0.3,160,100000,1,0.1,0.05,3.3,1,1,0,400000,1,1,0.05,3.3s,1,0.0001,1000,9.496924,0.3333333,0,0,0,0.01568628,0,0.08235294,0.0627451,0.145098
40,22,9.81,500,0.7,1,0.3,160,100000,1,0.1,0.05,3.3,1,1,0,400000,1,1,0.05,3.3s,1,0.0001,1000,9.496924,0.3333333,0.003921569,0,0,0.04313726,0,0.07843138,0.05882353,0.145098
40,23,9.81,500,0.7,1,0.3,160,100000,1,0.1,0.05,3.3,1,1,0,400000,1,1,0.05,3.3s,1,0.0001,1000,9.496924,0.3333333,0.003921569,0,0,0.06666667,0,0.06666667,0.05490196,0.1490196
40,24,9.81,500,0.7,1,0.3,160,100000,1,0.1,0.05,3.3,1,1,0,400000,1,1,0.05,3.3s,1,0.0001,1000,9.496924,0.3333333,0.003921569,0,0,0.08235294,0,0.05490196,0.0509804,0.1490196
40,25,9.81,500,0.7,1,0.3,160,100000,1,0.1,0.05,3.3,1,1,0,400000,1,1,0.05,3.3s,1,0.0001,1000,9.496924,0.3333333,0.003921569,0,0,0.09411766,0,0.04705883,0.04705883,0.1529412
40,26,9.81,500,0.7,1,0.3,160,100000,1,0.1,0.05,3.3,1,1,0,400000,1,1,0.05,3.3s,1,0.0001,1000,9.496924,0.3333333,0.003921569,0,0,0.09803922,0,0.03529412,0.04313726,0.1529412
40,27,9.81,500,0.7,1,0.3,160,100000,1,0.1,0.05,3.3,1,1,0,400000,1,1,0.05,3.3s,1,0.0001,1000,9.496924,0.3333333,0.007843138,0,0,0.1019608,0,0.03137255,0.03529412,0.1568628
40,28,9.81,500,0.7,1,0.3,160,100000,1,0.1,0.05,3.3,1,1,0,400000,1,1,0.05,3.3s,1,0.0001,1000,9.496924,0.3333333,0.007843138,0,0,0.1058824,0,0.02745098,0.02745098,0.1568628
40,29,9.81,500,0.7,1,0.3,160,100000,1,0.1,0.05,3.3,1,1,0,400000,1,1,0.05,3.3s,1,0.0001,1000,9.496924,0.3333333,0.007843138,0,0,0.1137255,0,0.02745098,0.01960784,0.1607843
40,30,9.81,500,0.7,1,0.3,160,100000,1,0.1,0.05,3.3,1,1,0,400000,1,1,0.05,3.3s,1,0.0001,1000,9.496924,0.3333333,0.007843138,0,0,0.1294118,0,0.01960784,0.007843138,0.1607843
40,31,9.81,500,0.7,1,0.3,160,100000,1,0.1,0.05,3.3,1,1,0,400000,1,1,0.05,3.3s,1,0.0001,1000,9.496924,0.3333333,0.007843138,0,0,0.1411765,0,0.01176471,0,0.1647059
40,32,9.81,500,0.7,1,0.3,160,100000,1,0.1,0.05,3.3,1,1,0,400000,1,1,0.05,3.3s,1,0.0001,1000,9.496924,0.3333333,0.007843138,0,0,0.1490196,0,0,0,0.1686275
40,33,9.81,500,0.7,1,0.3,160,100000,1,0.1,0.05,3.3,1,1,0,400000,1,1,0.05,3.3s,1,0.0001,1000,9.496924,0.3333333,0.007843138,0,0,0.1490196,0,0,0,0.1764706
40,34,9.81,500,0.7,1,0.3,160,100000,1,0.1,0.05,3.3,1,1,0,400000,1,1,0.05,3.3s,1,0.0001,1000,9.496924,0.3333333,0.007843138,0.003921569,0,0.1372549,0,0,0,0.1803922
40,35,9.81,500,0.7,1,0.3,160,100000,1,0.1,0.05,3.3,1,1,0,400000,1,1,0.05,3.3s,1,0.0001,1000,9.496924,0.3333333,0.007843138,0.003921569,0,0.1137255,0,0,0,0.1843137
40,36,9.81,500,0.7,1,0.3,160,100000,1,0.1,0.05,3.3,1,1,0,400000,1,1,0.05,3.3s,1,0.0001,1000,9.496924,0.3333333,0.003921569,0.007843138,0,0.07843138,0,0,0,0.1882353
40,37,9.81,500,0.7,1,0.3,160,100000,1,0.1,0.05,3.3,1,1,0,400000,1,1,0.05,3.3s,1,0.0001,1000,9.496924,0.3333333,0.003921569,0.007843138,0,0.03529412,0,0,0,0.1882353
40,38,9.81,500,0.7,1,0.3,160,100000,1,0.1,0.05,3.3,1,1,0,400000,1,1,0.05,3.3s,1,0.0001,1000,9.496924,0.3333333,0.003921569,0.007843138,0,0,0,0,0,0.1882353
40,39,9.81,500,0.7,1,0.3,160,100000,1,0.1,0.05,3.3,1,1,0,400000,1,1,0.05,3.3s,1,0.0001,1000,9.496924,0.3333333,0,0.007843138,0,0,0,0,0,0.1843137
40,40,9.81,500,0.7,1,0.3,160,100000,1,0.1,0.05,3.3,1,1,0,400000,1,1,0.05,3.3s,1,0.0001,1000,9.496924,0.3333333,0,0.007843138,0,0,0,0,0,0.1803922
40,41,9.81,500,0.7,1,0.3,160,100000,1,0.1,0.05,3.3,1,1,0,400000,1,1,0.05,3.3s,1,0.0001,1000,9.496924,0.3333333,0,0.003921569,0,0,0,0,0,0.1764706
40,42,9.81,500,0.7,1,0.3,160,100000,1,0.1,0.05,3.3,1,1,0,400000,1,1,0.05,3.3s,1,0.0001,1000,9.496924,0.3333333,0,0.003921569,0,0,0,0,0,0.172549
40,43,9.81,500,0.7,1,0.3,160,100000,1,0.1,0.05,3.3,1,1,0,400000,1,1,0.05,3.3s,1,0.0001,1000,9.496924,0.3333333,0,0.003921569,0,0,0,0,0,0.1686275
40,44,9.81,500,0.7,1,0.3,160,100000,1,0.1,0.05,3.3,1,1,0,400000,1,1,0.05,3.3s,1,0.0001,1000,9.496924,0.3333333,0,0,0,0,0,0.01176471,0,0.1647059
40,45,9.81,500,0.7,1,0.3,160,100000,1,0.1,0.05,3.3,1,1,0,400000,1,1,0.05,3.3s,1,0.0001,1000,9.496924,0.3333333,0,0,0,0,0,0.01960784,0.003921569,0.1647059
40,46,9.81,500,0.7,1,0.3,160,100000,1,0.1,0.05,3.3,1,1,0,400000,1,1,0.05,3.3s,1,0.0001,1000,9.496924,0.3333333,0,0,0,0,0,0.02352941,0.007843138,0.1607843
40,47,9.81,500,0.7,1,0.3,160,100000,1,0.1,0.05,3.3,1,1,0,400000,1,1,0.05,3.3s,1,0.0001,1000,9.496924,0.3333333,0,0,0,0,0,0.02745098,0.007843138,0.1607843
40,48,9.81,500,0.7,1,0.3,160,100000,1,0.1,0.05,3.3,1,1,0,400000,1,1,0.05,3.3s,1,0.0001,1000,9.496924,0.3333333,0,0,0,0,0,0.02352941,0.01176471,0.1607843
40,49,9.81,500,0.7,1,0.3,160,100000,1,0.1,0.05,3.3,1,1,0,400000,1,1,0.05,3.3s,1,0.0001,1000,9.496924,0.3333333,0,0,0,0.003921569,0,0.01960784,0.01568628,0.1607843
40,50,9.81,500,0.7,1,0.3,160,100000,1,0.1,0.05,3.3,1,1,0,400000,1,1,0.05,3.3s,1,0.0001,1000,9.496924,0.3333333,0,0,0,0.01568628,0,0.01176471,0.01568628,0.1607843
40,51,9.81,500,0.7,1,0.3,160,100000,1,0.1,0.05,3.3,1,1,0,400000,1,1,0.05,3.3s,1,0.0001,1000,9.496924,0.3333333,0,0,0,0.01960784,0,0,0.01960784,0.1647059
40,52,9.81,500,0.7,1,0.3,160,100000,1,0.1,0.05,3.3,1,1,0,400000,1,1,0.05,3.3s,1,0.0001,1000,9.496924,0.3333333,0,0,0,0.01960784,0,0,0.01960784,0.1647059
40,53,9.81,500,0.7,1,0.3,160,100000,1,0.1,0.05,3.3,1,1,0,400000,1,1,0.05,3.3s,1,0.0001,1000,9.496924,0.3333333,0,0,0,0.01176471,0,0,0.02352941,0.1647059
40,54,9.81,500,0.7,1,0.3,160,100000,1,0.1,0.05,3.3,1,1,0,400000,1,1,0.05,3.3s,1,0.0001,1000,9.496924,0.3333333,0,0,0,0,0,0,0.02745098,0.1647059
40,55,9.81,500,0.7,1,0.3,160,100000,1,0.1,0.05,3.3,1,1,0,400000,1,1,0.05,3.3s,1,0.0001,1000,9.496924,0.3333333,0,0,0,0,0,0,0.03137255,0.1647059
40,56,9.81,500,0.7,1,0.3,160,100000,1,0.1,0.05,3.3,1,1,0,400000,1,1,0.05,3.3s,1,0.0001,1000,9.496924,0.3333333,0,0,0,0,0,0,0.03529412,0.1647059
40,57,9.81,500,0.7,1,0.3,160,100000,1,0.1,0.05,3.3,1,1,0,400000,1,1,0.05,3.3s,1,0.0001,1000,9.496924,0.3333333,0,0,0,0,0,0,0.03529412,0.1647059
40,58,9.81,500,0.7,1,0.3,160,100000,1,0.1,0.05,3.3,1,1,0,400000,1,1,0.05,3.3s,1,0.0001,1000,9.496924,0.3333333,0,0,0,0,0,0,0.03921569,0.1607843
40,59,9.81,500,0.7,1,0.3,160,100000,1,0.1,0.05,3.3,1,1,0,400000,1,1,0.05,3.3s,1,0.0001,1000,9.496924,0.3333333,0,0,0,0,0,0,0.04313726,0.1607843
40,60,9.81,500,0.7,1,0.3,160,100000,1,0.1,0.05,3.3,1,1,0,400000,1,1,0.05,3.3s,1,0.0001,1000,9.496924,0.3333333,0,0,0,0,0,0,0.04313726,0.1647059
40,61,9.81,500,0.7,1,0.3,160,100000,1,0.1,0.05,3.3,1,1,0,400000,1,1,0.05,3.3s,1,0.0001,1000,9.496924,0.3333333,0,0,0,0,0,0,0.04313726,0.1647059
40,62,9.81,500,0.7,1,0.3,160,100000,1,0.1,0.05,3.3,1,1,0,400000,1,1,0.05,3.3s,1,0.0001,1000,9.496924,0.3333333,0,0,0,0,0,0,0.04313726,0.1647059
40,63,9.81,500,0.7,1,0.3,160,100000,1,0.1,0.05,3.3,1,1,0,400000,1,1,0.05,3.3s,1,0.0001,1000,9.496924,0.3333333,0,0,0,0,0,0,0.04705883,0.1607843
41,0,9.81,500,0.7,1,0.3,160,100000,1,0.1,0.05,3.3,1,1,0,400000,1,1,0.05,3.3s,1,0.0001,1000,9.496924,0.3333333,0,0,0,0,0,0,0.0509804,0.1607843
41,1,9.81,500,0.7,1,0.3,160,100000,1,0.1,0.05,3.3,1,1,0,400000,1,1,0.05,3.3s,1,0.0001,1000,9.496924,0.3333333,0,0,0,0,0,0,0.0509804,0.1607843
41,2,9.81,500,0.7,1,0.3,160,100000,1,0.1,0.05,3.3,1,1,0,400000,1,1,0.05,3.3s,1,0.0001,1000,9.496924,0.3333333,0,0,0,0,0,0,0.0509804,0.1607843
41,3,9.81,500,0.7,1,0.3,160,100000,1,0.1,0.05,3.3,1,1,0,400000,1,1,0.05,3.3s,1,0.0001,1000,9.496924,0.3333333,0,0,0,0,0,0,0.04705883,0.1607843
41,4,9.81,500,0.7,1,0.3,160,100000,1,0.1,0.05,3.3,1,1,0,400000,1,1,0.05,3.3s,1,0.0001,1000,9.496924,0.3333333,0,0,0,0,0,0,0.04705883,0.1607843
41,5,9.81,500,0.7,1,0.3,160,100000,1,0.1,0.05,3.3,1,1,0,400000,1,1,0.05,3.3s,1,0.0001,1000,9.496924,0.3333333,0,0,0,0,0,0,0.04705883,0.1607843
41,6,9.81,500,0.7,1,0.3,160,100000,1,0.1,0.05,3.3,1,1,0,400000,1,1,0.05,3.3s,1,0.0001,1000,9.496924,0.3333333,0,0,0,0,0,0,0.04313726,0.1647059
41,7,9.81,500,0.7,1,0.3,160,100000,1,0.1,0.05,3.3,1,1,0,400000,1,1,0.05,3.3s,1,0.0001,1000,9.496924,0.3333333,0,0,0,0,0,0,0.04313726,0.1647059
41,8,9.81,500,0.7,1,0.3,160,100000,1,0.1,0.05,3.3,1,1,0,400000,1,1,0.05,3.3s,1,0.0001,1000,9.496924,0.3333333,0,0,0,0,0,0,0.04313726,0.1647059
41,9,9.81,500,0.7,1,0.3,160,100000,1,0.1,0.05,3.3,1,1,0,400000,1,1,0.05,3.3s,1,0.0001,1000,9.496924,0.3333333,0,0,0,0,0,0,0.04313726,0.1647059
41,10,9.81,500,0.7,1,0.3,160,100000,1,0.1,0.05,3.3,1,1,0,400000,1,1,0.05,3.3s,1,0.0001,1000,9.496924,0.3333333,0,0,0,0,0,0,0.04313726,0.1647059
41,11,9.81,500,0.7,1,0.3,160,100000,1,0.1,0.05,3.3,1,1,0,400000,1,1,0.05,3.3s,1,0.0001,1000,9.496924,0.3333333,0,0,0,0,0,0,0.04313726,0.1607843
41,12,9.81,500,0.7,1,0.3,160,100000,1,0.1,0.05,3.3,1,1,0,400000,1,1,0.05,3.3s,1,0.0001,1000,9.496924,0.3333333,0,0,0,0,0,0,0.04705883,0.1607843
41,13,9.81,500,0.7,1,0.3,160,100000,1,0.1,0.05,3.3,1,1,0,400000,1,1,0.05,3.3s,1,0.0001,1000,9.496924,0.3333333,0,0,0,0,0,0.007843138,0.0509804,0.1568628
41,14,9.81,500,0.7,1,0.3,160,100000,1,0.1,0.05,3.3,1,1,0,400000,1,1,0.05,3.3s,1,0.0001,1000,9.496924,0.3333333,0,0,0,0,0,0.01568628,0.05490196,0.1568628
41,15,9.81,500,0.7,1,0.3,160,100000,1,0.1,0.05,3.3,1,1,0,400000,1,1,0.05,3.3s,1,0.0001,1000,9.496924,0.3333333,0,0,0,0,0,0.02745098,0.05882353,0.1529412
41,16,9.81,500,0.7,1,0.3,160,100000,1,0.1,0.05,3.3,1,1,0,400000,1,1,0.05,3.3s,1,0.0001,1000,9.496924,0.3333333,0,0,0,0,0,0.04313726,0.05882353,0.1490196
41,17,9.81,500,0.7,1,0.3,160,100000,1,0.1,0.05,3.3,1,1,0,400000,1,1,0.05,3.3s,1,0.0001,1000,9.496924,0.3333333,0,0,0,0,0,0.05490196,0.0627451,0.1490196
41,18,9.81,500,0.7,1,0.3,160,100000,1,0.1,0.05,3.3,1,1,0,400000,1,1,0.05,3.3s,1,0.0001,1000,9.496924,0.3333333,0,0,0,0,0,0.06666667,0.06666667,0.145098
41,19,9.81,500,0.7,1,0.3,160,100000,1,0.1,0.05,3.3,1,1,0,400000,1,1,0.05,3.3s,1,0.0001,1000,9.496924,0.3333333,0,0,0,0,0,0.07843138,0.06666667,0.145098
41,20,9.81,500,0.7,1,0.3,160,100000,1,0.1,0.05,3.3,1,1,0,400000,1,1,0.05,3.3s,1,0.0001,1000,9.496924,0.3333333,0,0,0,0,0,0.08235294,0.06666667,0.145098
41,21,9.81,500,0.7,1,0.3,160,100000,1,0.1,0.05,3.3,1,1,0,400000,1,1,0.05,3.3s,1,0.0001,1000,9.496924,0.3333333,0,0,0,0.02352941,0,0.08235294,0.0627451,0.145098
41,22,9.81,500,0.7,1,0.3,160,100000,1,0.1,0.05,3.3,1,1,0,400000,1,1,0.05,3.3s,1,0.0001,1000,9.496924,0.3333333,0.003921569,0,0,0.0509804,0,0.07450981,0.0627451,0.145098
41,23,9.81,500,0.7,1,0.3,160,100000,1,0.1,0.05,3.3,1,1,0,400000,1,1,0.05,3.3s,1,0.0001,1000,9.496924,0.3333333,0.003921569,0,0,0.07450981,0,0.06666667,0.05882353,0.1490196
41,24,9.81,500,0.7,1,0.3,160,100000,1,0.1,0.05,3.3,1,1,0,400000,1,1,0.05,3.3s,1,0.0001,1000,9.496924,0.3333333,0.003921569,0,0,0.09019608,0,0.05490196,0.05490196,0.1490196
41,25,9.81,500,0.7,1,0.3,160,100000,1,0.1,0.05,3.3,1,1,0,400000,1,1,0.05,3.3s,1,0.0001,1000,9.496924,0.3333333,0.003921569,0,0,0.09803922,0,0.04313726,0.04705883,0.1529412
41,26,9.81,500,0.7,1,0.3,160,100000,1,0.1,0.05,3.3,1,1,0,400000,1,1,0.05,3.3s,1,0.0001,1000,9.496924,0.3333333,0.003921569,0,0,0.1019608,0,0.03137255,0.04313726,0.1568628
41,27,9.81,500,0.7,1,0.3,160,100000,1,0.1,0.05,3.3,1,1,0,400000,1,1,0.05,3.3s,1,0.0001,1000,9.496924,0.3333333,0.007843138,0,0,0.1019608,0,0.02352941,0.03529412,0.1568628
41,28,9.81,500,0.7,1,0.3,160,100000,1,0.1,0.05,3.3,1,1,0,400000,1,1,0.05,3.3s,1,0.0001,1000,9.496924,0.3333333,0.007843138,0,0,0.1058824,0,0.01960784,0.02745098,0.1568628
41,29,9.81,500,0.7,1,0.3,160,100000,1,0.1,0.05,3.3,1,1,0,400000,1,1,0.05,3.3s,1,0.0001,1000,9.496924,0.3333333,0.007843138,0,0,0.1098039,0,0.01960784,0.01960784,0.1607843
41,30,9.81,500,0.7,1,0.3,160,100000,1,0.1,0.05,3.3,1,1,0,400000,1,1,0.05,3.3s,1,0.0001,1000,9.496924,0.3333333,0.007843138,0,0,0.1176471,0,0.01176471,0.01176471,0.1647059
41,31,9.81,500,0.7,1,0.3,160,100000,1,0.1,0.05,3.3,1,1,0,400000,1,1,0.05,3.3s,1,0.0001,1000,9.496924,0.3333333,0.007843138,0,0,0.1254902,0,0.003921569,0,0.1647059
41,32,9.81,500,0.7,1,0.3,160,100000,1,0.1,0.05,3.3,1,1,0,400000,1,1,0.05,3.3s,1,0.0001,1000,9.496924,0.3333333,0.007843138,0,0,0.1294118,0,0,0,0.1686275
41,33,9.81,500,0.7,1,0.3,160,100000,1,0.1,0.05,3.3,1,1,0,400000,1,1,0.05,3.3s,1,0.0001,1000,9.496924,0.3333333,0.007843138,0,0,0.1294118,0,0,0,0.172549
41,34,9.81,500,0.7,1,0.3,160,100000,1,0.1,0.05,3.3,1,1,0,400000,1,1,0.05,3.3s,1,0.0001,1000,9.496924,0.3333333,0.007843138,0.003921569,0,0.1176471,0,0,0,0.1764706
41,35,9.81,500,0.7,1,0.3,160,100000,1,0.1,0.05,3.3,1,1,0,400000,1,1,0.05,3.3s,1,0.0001,1000,9.496924,0.3333333,0.003921569,0.003921569,0,0.09411766,0,0,0,0.1803922
41,36,9.81,500,0.7,1,0.3,160,100000,1,0.1,0.05,3.3,1,1,0,400000,1,1,0.05,3.3s,1,0.0001,1000,9.496924,0.3333333,0.003921569,0.003921569,0,0.06666667,0,0,0,0.1843137
41,37,9.81,500,0.7,1,0.3,160,100000,1,0.1,0.05,3.3,1,1,0,400000,1,1,0.05,3.3s,1,0.0001,1000,9.496924,0.3333333,0.003921569,0.003921569,0,0.03137255,0,0,0,0.1843137
41,38,9.81,500,0.7,1,0.3,160,100000,1,0.1,0.05,3.3,1,1,0,400000,1,1,0.05,3.3s,1,0.0001,1000,9.496924,0.3333333,0.003921569,0.007843138,0,0,0,0,0,0.1843137
41,39,9.81,500,0.7,1,0.3,160,100000,1,0.1,0.05,3.3,1,1,0,400000,1,1,0.05,3.3s,1,0.0001,1000,9.496924,0.3333333,0,0.003921569,0,0,0,0,0,0.1803922
41,40,9.81,500,0.7,1,0.3,160,100000,1,0.1,0.05,3.3,1,1,0,400000,1,1,0.05,3.3s,1,0.0001,1000,9.496924,0.3333333,0,0.003921569,0,0,0,0,0,0.1803922
41,41,9.81,500,0.7,1,0.3,160,100000,1,0.1,0.05,3.3,1,1,0,400000,1,1,0.05,3.3s,1,0.0001,1000,9.496924,0.3333333,0,0.003921569,0,0,0,0,0,0.1764706
41,42,9.81,500,0.7,1,0.3,160,100000,1,0.1,0.05,3.3,1,1,0,400000,1,1,0.05,3.3s,1,0.0001,1000,9.496924,0.3333333,0,0.003921569,0,0,0,0,0,0.172549
41,43,9.81,500,0.7,1,0.3,160,100000,1,0.1,0.05,3.3,1,1,0,400000,1,1,0.05,3.3s,1,0.0001,1000,9.496924,0.3333333,0,0,0,0,0,0,0.003921569,0.1686275
41,44,9.81,500,0.7,1,0.3,160,100000,1,0.1,0.05,3.3,1,1,0,400000,1,1,0.05,3.3s,1,0.0001,1000,9.496924,0.3333333,0,0,0,0,0,0.007843138,0.007843138,0.1647059
41,45,9.81,500,0.7,1,0.3,160,100000,1,0.1,0.05,3.3,1,1,0,400000,1,1,0.05,3.3s,1,0.0001,1000,9.496924,0.3333333,0,0,0,0,0,0.01568628,0.01176471,0.1607843
41,46,9.81,500,0.7,1,0.3,160,100000,1,0.1,0.05,3.3,1,1,0,400000,1,1,0.05,3.3s,1,0.0001,1000,9.496924,0.3333333,0,0,0,0,0,0.01960784,0.01568628,0.1607843
41,47,9.81,500,0.7,1,0.3,160,100000,1,0.1,0.05,3.3,1,1,0,400000,1,1,0.05,3.3s,1,0.0001,1000,9.496924,0.3333333,0,0,0,0,0,0.01960784,0.01960784,0.1607843
41,48,9.81,500,0.7,1,0.3,160,100000,1,0.1,0.05,3.3,1,1,0,400000,1,1,0.05,3.3s,1,0.0001,1000,9.496924,0.3333333,0,0,0,0,0,0.01960784,0.01960784,0.1607843
41,49,9.81,500,0.7,1,0.3,160,100000,1,0.1,0.05,3.3,1,1,0,400000,1,1,0.05,3.3s,1,0.0001,1000,9.496924,0.3333333,0,0,0,0.007843138,0,0.01176471,0.02352941,0.1607843
41,50,9.81,500,0.7,1,0.3,160,100000,1,0.1,0.05,3.3,1,1,0,400000,1,1,0.05,3.3s,1,0.0001,1000,9.496924,0.3333333,0,0,0,0.01568628,0,0.003921569,0.02745098,0.1607843
41,51,9.81,500,0.7,1,0.3,160,100000,1,0.1,0.05,3.3,1,1,0,400000,1,1,0.05,3.3s,1,0.0001,1000,9.496924,0.3333333,0,0,0,0.01960784,0,0,0.03137255,0.1647059
41,52,9.81,500,0.7,1,0.3,160,100000,1,0.1,0.05,3.3,1,1,0,400000,1,1,0.05,3.3s,1,0.0001,1000,9.496924,0.3333333,0,0,0,0.01568628,0,0,0.03137255,0.1647059
41,53,9.81,500,0.7,1,0.3,160,100000,1,0.1,0.05,3.3,1,1,0,400000,1,1,0.05,3.3s,1,0.0001,1000,9.496924,0.3333333,0,0,0,0.007843138,0,0,0.03529412,0.1647059
41,54,9.81,500,0.7,1,0.3,160,100000,1,0.1,0.05,3.3,1,1,0,400000,1,1,0.05,3.3s,1,0.0001,1000,9.496924,0.3333333,0,0,0,0,0,0,0.03921569,0.1647059
41,55,9.81,500,0.7,1,0.3,160,100000,1,0.1,0.05,3.3,1,1,0,400000,1,1,0.05,3.3s,1,0.0001,1000,9.496924,0.3333333,0,0,0,0,0,0,0.04313726,0.1647059
41,56,9.81,500,0.7,1,0.3,160,100000,1,0.1,0.05,3.3,1,1,0,400000,1,1,0.05,3.3s,1,0.0001,1000,9.496924,0.3333333,0,0,0,0,0,0,0.04313726,0.1647059
41,57,9.81,500,0.7,1,0.3,160,100000,1,0.1,0.05,3.3,1,1,0,400000,1,1,0.05,3.3s,1,0.0001,1000,9.496924,0.3333333,0,0,0,0,0,0,0.04705883,0.1607843
41,58,9.81,500,0.7,1,0.3,160,100000,1,0.1,0.05,3.3,1,1,0,400000,1,1,0.05,3.3s,1,0.0001,1000,9.496924,0.3333333,0,0,0,0,0,0,0.0509804,0.1607843
41,59,9.81,500,0.7,1,0.3,160,100000,1,0.1,0.05,3.3,1,1,0,400000,1,1,0.05,3.3s,1,0.0001,1000,9.496924,0.3333333,0,0,0,0,0,0,0.0509804,0.1607843
41,60,9.81,500,0.7,1,0.3,160,100000,1,0.1,0.05,3.3,1,1,0,400000,1,1,0.05,3.3s,1,0.0001,1000,9.496924,0.3333333,0,0,0,0,0,0,0.0509804,0.1607843
41,61,9.81,500,0.7,1,0.3,160,100000,1,0.1,0.05,3.3,1,1,0,400000,1,1,0.05,3.3s,1,0.0001,1000,9.496924,0.3333333,0,0,0,0,0,0,0.05490196,0.1607843
41,62,9.81,500,0.7,1,0.3,160,100000,1,0.1,0.05,3.3,1,1,0,400000,1,1,0.05,3.3s,1,0.0001,1000,9.496924,0.3333333,0,0,0,0,0,0,0.05490196,0.1607843
41,63,9.81,500,0.7,1,0.3,160,100000,1,0.1,0.05,3.3,1,1,0,400000,1,1,0.05,3.3s,1,0.0001,1000,9.496924,0.3333333,0,0,0,0,0,0,0.0509804,0.1607843
42,0,9.81,500,0.7,1,0.3,160,100000,1,0.1,0.05,3.3,1,1,0,400000,1,1,0.05,3.3s,1,0.0001,1000,9.496924,0.3333333,0,0,0,0,0,0,0.05490196,0.1607843
42,1,9.81,500,0.7,1,0.3,160,100000,1,0.1,0.05,3.3,1,1,0,400000,1,1,0.05,3.3s,1,0.0001,1000,9.496924,0.3333333,0,0,0,0,0,0,0.0509804,0.1607843
42,2,9.81,500,0.7,1,0.3,160,100000,1,0.1,0.05,3.3,1,1,0,400000,1,1,0.05,3.3s,1,0.0001,1000,9.496924,0.3333333,0,0,0,0,0,0,0.0509804,0.1607843
42,3,9.81,500,0.7,1,0.3,160,100000,1,0.1,0.05,3.3,1,1,0,400000,1,1,0.05,3.3s,1,0.0001,1000,9.496924,0.3333333,0,0,0,0,0,0,0.04705883,0.1607843
42,4,9.81,500,0.7,1,0.3,160,100000,1,0.1,0.05,3.3,1,1,0,400000,1,1,0.05,3.3s,1,0.0001,1000,9.496924,0.3333333,0,0,0,0,0,0,0.04705883,0.1607843
42,5,9.81,500,0.7,1,0.3,160,100000,1,0.1,0.05,3.3,1,1,0,400000,1,1,0.05,3.3s,1,0.0001,1000,9.496924,0.3333333,0,0,0,0,0,0,0.04705883,0.1607843
42,6,9.81,500,0.7,1,0.3,160,100000,1,0.1,0.05,3.3,1,1,0,400000,1,1,0.05,3.3s,1,0.0001,1000,9.496924,0.3333333,0,0,0,0,0,0,0.04705883,0.1647059
42,7,9.81,500,0.7,1,0.3,160,100000,1,0.1,0.05,3.3,1,1,0,400000,1,1,0.05,3.3s,1,0.0001,1000,9.496924,0.3333333,0,0,0,0,0,0,0.04705883,0.1647059
42,8,9.81,500,0.7,1,0.3,160,100000,1,0.1,0.05,3.3,1,1,0,400000,1,1,0.05,3.3s,1,0.0001,1000,9.496924,0.3333333,0,0,0,0,0,0,0.04705883,0.1647059
42,9,9.81,500,0.7,1,0.3,160,100000,1,0.1,0.05,3.3,1,1,0,400000,1,1,0.05,3.3s,1,0.0001,1000,9.496924,0.3333333,0,0,0,0,0,0,0.0509804,0.1607843
42,10,9.81,500,0.7,1,0.3,160,100000,1,0.1,0.05,3.3,1,1,0,400000,1,1,0.05,3.3s,1,0.0001,1000,9.496924,0.3333333,0,0,0,0,0,0,0.0509804,0.1607843
42,11,9.81,500,0.7,1,0.3,160,100000,1,0.1,0.05,3.3,1,1,0,400000,1,1,0.05,3.3s,1,0.0001,1000,9.496924,0.3333333,0,0,0,0,0,0,0.0509804,0.1607843
42,12,9.81,500,0.7,1,0.3,160,100000,1,0.1,0.05,3.3,1,1,0,400000,1,1,0.05,3.3s,1,0.0001,1000,9.496924,0.3333333,0,0,0,0,0,0,0.05490196,0.1568628
42,13,9.81,500,0.7,1,0.3,160,100000,1,0.1,0.05,3.3,1,1,0,400000,1,1,0.05,3.3s,1,0.0001,1000,9.496924,0.3333333,0,0,0,0,0,0.01176471,0.05882353,0.1568628
42,14,9.81,500,0.7,1,0.3,160,100000,1,0.1,0.05,3.3,1,1,0,400000,1,1,0.05,3.3s,1,0.0001,1000,9.496924,0.3333333,0,0,0,0,0,0.01960784,0.0627451,0.1529412
42,15,9.81,500,0.7,1,0.3,160,100000,1,0.1,0.05,3.3,1,1,0,400000,1,1,0.05,3.3s,1,0.0001,1000,9.496924,0.3333333,0,0,0,0,0,0.03137255,0.0627451,0.1529412
42,16,9.81,500,0.7,1,0.3,160,100000,1,0.1,0.05,3.3,1,1,0,400000,1,1,0.05,3.3s,1,0.0001,1000,9.496924,0.3333333,0,0,0,0,0,0.04313726,0.06666667,0.1490196
42,17,9.81,500,0.7,1,0.3,160,100000,1,0.1,0.05,3.3,1,1,0,400000,1,1,0.05,3.3s,1,0.0001,1000,9.496924,0.3333333,0,0,0,0,0,0.05882353,0.06666667,0.1490196
42,18,9.81,500,0.7,1,0.3,160,100000,1,0.1,0.05,3.3,1,1,0,400000,1,1,0.05,3.3s,1,0.0001,1000,9.496924,0.3333333,0,0,0,0,0,0.07058824,0.07058824,0.145098
42,19,9.81,500,0.7,1,0.3,160,100000,1,0.1,0.05,3.3,1,1,0,400000,1,1,0.05,3.3s,1,0.0001,1000,9.496924,0.3333333,0,0,0,0,0,0.07843138,0.06666667,0.145098
42,20,9.81,500,0.7,1,0.3,160,100000,1,0.1,0.05,3.3,1,1,0,400000,1,1,0.05,3.3s,1,0.0001,1000,9.496924,0.3333333,0,0,0,0,0,0.08235294,0.06666667,0.145098
42,21,9.81,500,0.7,1,0.3,160,100000,1,0.1,0.05,3.3,1,1,0,400000,1,1,0.05,3.3s,1,0.0001,1000,9.496924,0.3333333,0,0,0,0.02745098,0,0.08235294,0.0627451,0.145098
42,22,9.81,500,0.7,1,0.3,160,100000,1,0.1,0.05,3.3,1,1,0,400000,1,1,0.05,3.3s,1,0.0001,1000,9.496924,0.3333333,0.003921569,0,0,0.05490196,0,0.07450981,0.05882353,0.145098
42,23,9.81,500,0.7,1,0.3,160,100000,1,0.1,0.05,3.3,1,1,0,400000,1,1,0.05,3.3s,1,0.0001,1000,9.496924,0.3333333,0.003921569,0,0,0.07843138,0,0.0627451,0.05490196,0.1490196
42,24,9.81,500,0.7,1,0.3,160,100000,1,0.1,0.05,3.3,1,1,0,400000,1,1,0.05,3.3s,1,0.0001,1000,9.496924,0.3333333,0.003921569,0,0,0.09411766,0.003921569,0.0509804,0.0509804,0.1490196
42,25,9.81,500,0.7,1,0.3,160,100000,1,0.1,0.05,3.3,1,1,0,400000,1,1,0.05,3.3s,1,0.0001,1000,9.496924,0.3333333,0.003921569,0,0,0.1019608,0.003921569,0.03529412,0.04705883,0.1529412
42,26,9.81,500,0.7,1,0.3,160,100000,1,0.1,0.05,3.3,1,1,0,400000,1,1,0.05,3.3s,1,0.0001,1000,9.496924,0.3333333,0.003921569,0,0,0.1019608,0.007843138,0.02352941,0.04313726,0.1568628
42,27,9.81,500,0.7,1,0.3,160,100000,1,0.1,0.05,3.3,1,1,0,400000,1,1,0.05,3.3s,1,0.0001,1000,9.496924,0.3333333,0.007843138,0,0,0.1019608,0.007843138,0.01568628,0.03529412,0.1568628
42,28,9.81,500,0.7,1,0.3,160,100000,1,0.1,0.05,3.3,1,1,0,400000,1,1,0.05,3.3s,1,0.0001,1000,9.496924,0.3333333,0.007843138,0,0,0.1019608,0.003921569,0.01176471,0.02745098,0.1607843
42,29,9.81,500,0.7,1,0.3,160,100000,1,0.1,0.05,3.3,1,1,0,400000,1,1,0.05,3.3s,1,0.0001,1000,9.496924,0.3333333,0.007843138,0,0,0.1019608,0,0.007843138,0.01960784,0.1607843
42,30,9.81,500,0.7,1,0.3,160,100000,1,0.1,0.05,3.3,1,1,0,400000,1,1,0.05,3.3s,1,0.0001,1000,9.496924,0.3333333,0.007843138,0,0,0.1019608,0,0.003921569,0.01176471,0.1647059
42,31,9.81,500,0.7,1,0.3,160,100000,1,0.1,0.05,3.3,1,1,0,400000,1,1,0.05,3.3s,1,0.0001,1000,9.496924,0.3333333,0.007843138,0,0,0.1058824,0,0,0.003921569,0.1647059
42,32,9.81,500,0.7,1,0.3,160,100000,1,0.1,0.05,3.3,1,1,0,400000,1,1,0.05,3.3s,1,0.0001,1000,9.496924,0.3333333,0.007843138,0,0,0.1098039,0,0,0,0.1686275
42,33,9.81,500,0.7,1,0.3,160,100000,1,0.1,0.05,3.3,1,1,0,400000,1,1,0.05,3.3s,1,0.0001,1000,9.496924,0.3333333,0.007843138,0,0,0.1058824,0,0,0,0.172549
42,34,9.81,500,0.7,1,0.3,160,100000,1,0.1,0.05,3.3,1,1,0,400000,1,1,0.05,3.3s,1,0.0001,1000,9.496924,0.3333333,0.003921569,0,0,0.09411766,0,0,0,0.1764706
42,35,9.81,500,0.7,1,0.3,160,100000,1,0.1,0.05,3.3,1,1,0,400000,1,1,0.05,3.3s,1,0.0001,1000,9.496924,0.3333333,0.003921569,0,0,0.07843138,0,0,0,0.1764706
42,36,9.81,500,0.7,1,0.3,160,100000,1,0.1,0.05,3.3,1,1,0,400000,1,1,0.05,3.3s,1,0.0001,1000,9.496924,0.3333333,0.003921569,0.003921569,0,0.05490196,0,0,0,0.1803922
42,37,9.81,500,0.7,1,0.3,160,100000,1,0.1,0.05,3.3,1,1,0,400000,1,1,0.05,3.3s,1,0.0001,1000,9.496924,0.3333333,0.003921569,0.003921569,0,0.02745098,0,0,0,0.1803922
42,38,9.81,500,0.7,1,0.3,160,100000,1,0.1,0.05,3.3,1,1,0,400000,1,1,0.05,3.3s,1,0.0001,1000,9.496924,0.3333333,0.003921569,0.003921569,0,0,0,0,0,0.1803922
42,39,9.81,500,0.7,1,0.3,160,100000,1,0.1,0.05,3.3,1,1,0,400000,1,1,0.05,3.3s,1,0.0001,1000,9.496924,0.3333333,0,0.003921569,0,0,0,0,0,0.1764706
42,40,9.81,500,0.7,1,0.3,160,100000,1,0.1,0.05,3.3,1,1,0,400000,1,1,0.05,3.3s,1,0.0001,1000,9.496924,0.3333333,0,0.003921569,0,0,0,0,0,0.1764706
42,41,9.81,500,0.7,1,0.3,160,100000,1,0.1,0.05,3.3,1,1,0,400000,1,1,0.05,3.3s,1,0.0001,1000,9.496924,0.3333333,0,0.003921569,0,0,0,0,0,0.172549
42,42,9.81,500,0.7,1,0.3,160,100000,1,0.1,0.05,3.3,1,1,0,400000,1,1,0.05,3.3s,1,0.0001,1000,9.496924,0.3333333,0,0,0,0,0,0,0.003921569,0.1686275
42,43,9.81,500,0.7,1,0.3,160,100000,1,0.1,0.05,3.3,1,1,0,400000,1,1,0.05,3.3s,1,0.0001,1000,9.496924,0.3333333,0,0,0,0,0,0,0.007843138,0.1647059
42,44,9.81,500,0.7,1,0.3,160,100000,1,0.1,0.05,3.3,1,1,0,400000,1,1,0.05,3.3s,1,0.0001,1000,9.496924,0.3333333,0,0,0,0,0,0.007843138,0.01176471,0.1647059
42,45,9.81,500,0.7,1,0.3,160,100000,1,0.1,0.05,3.3,1,1,0,400000,1,1,0.05,3.3s,1,0.0001,1000,9.496924,0.3333333,0,0,0,0,0,0.01176471,0.01568628,0.1607843
42,46,9.81,500,0.7,1,0.3,160,100000,1,0.1,0.05,3.3,1,1,0,400000,1,1,0.05,3.3s,1,0.0001,1000,9.496924,0.3333333,0,0,0,0,0,0.01568628,0.01960784,0.1607843
42,47,9.81,500,0.7,1,0.3,160,100000,1,0.1,0.05,3.3,1,1,0,400000,1,1,0.05,3.3s,1,0.0001,1000,9.496924,0.3333333,0,0,0,0,0,0.01568628,0.02352941,0.1607843
42,48,9.81,500,0.7,1,0.3,160,100000,1,0.1,0.05,3.3,1,1,0,400000,1,1,0.05,3.3s,1,0.0001,1000,9.496924,0.3333333,0,0,0,0.003921569,0,0.01176471,0.02745098,0.1607843
42,49,9.81,500,0.7,1,0.3,160,100000,1,0.1,0.05,3.3,1,1,0,400000,1,1,0.05,3.3s,1,0.0001,1000,9.496924,0.3333333,0,0,0,0.01176471,0,0.003921569,0.03137255,0.1607843
42,50,9.81,500,0.7,1,0.3,160,100000,1,0.1,0.05,3.3,1,1,0,400000,1,1,0.05,3.3s,1,0.0001,1000,9.496924,0.3333333,0,0,0,0.01960784,0,0,0.03529412,0.1607843
42,51,9.81,500,0.7,1,0.3,160,100000,1,0.1,0.05,3.3,1,1,0,400000,1,1,0.05,3.3s,1,0.0001,1000,9.496924,0.3333333,0,0,0,0.01960784,0,0,0.03921569,0.1607843
42,52,9.81,500,0.7,1,0.3,160,100000,1,0.1,0.05,3.3,1,1,0,400000,1,1,0.05,3.3s,1,0.0001,1000,9.496924,0.3333333,0,0,0,0.01568628,0,0,0.04313726,0.1647059
42,53,9.81,500,0.7,1,0.3,160,100000,1,0.1,0.05,3.3,1,1,0,400000,1,1,0.05,3.3s,1,0.0001,1000,9.496924,0.3333333,0,0,0,0.003921569,0,0,0.04705883,0.1647059
42,54,9.81,500,0.7,1,0.3,160,100000,1,0.1,0.05,3.3,1,1,0,400000,1,1,0.05,3.3s,1,0.0001,1000,9.496924,0.3333333,0,0,0,0,0,0,0.04705883,0.1647059
42,55,9.81,500,0.7,1,0.3,160,100000,1,0.1,0.05,3.3,1,1,0,400000,1,1,0.05,3.3s,1,0.0001,1000,9.496924,0.3333333,0,0,0,0,0,0,0.0509804,0.1647059
42,56,9.81,500,0.7,1,0.3,160,100000,1,0.1,0.05,3.3,1,1,0,400000,1,1,0.05,3.3s,1,0.0001,1000,9.496924,0.3333333,0,0,0,0,0,0,0.05490196,0.1607843
42,57,9.81,500,0.7,1,0.3,160,100000,1,0.1,0.05,3.3,1,1,0,400000,1,1,0.05,3.3s,1,0.0001,1000,9.496924,0.3333333,0,0,0,0,0,0,0.05490196,0.1607843
42,58,9.81,500,0.7,1,0.3,160,100000,1,0.1,0.05,3.3,1,1,0,400000,1,1,0.05,3.3s,1,0.0001,1000,9.496924,0.3333333,0,0,0,0,0,0,0.05882353,0.1607843
42,59,9.81,500,0.7,1,0.3,160,100000,1,0.1,0.05,3.3,1,1,0,400000,1,1,0.05,3.3s,1,0.0001,1000,9.496924,0.3333333,0,0,0,0,0,0,0.05882353,0.1607843
42,60,9.81,500,0.7,1,0.3,160,100000,1,0.1,0.05,3.3,1,1,0,400000,1,1,0.05,3.3s,1,0.0001,1000,9.496924,0.3333333,0,0,0,0,0,0,0.05882353,0.1568628
42,61,9.81,500,0.7,1,0.3,160,100000,1,0.1,0.05,3.3,1,1,0,400000,1,1,0.05,3.3s,1,0.0001,1000,9.496924,0.3333333,0,0,0,0,0,0,0.05882353,0.1568628
42,62,9.81,500,0.7,1,0.3,160,100000,1,0.1,0.05,3.3,1,1,0,400000,1,1,0.05,3.3s,1,0.0001,1000,9.496924,0.3333333,0,0,0,0,0,0,0.05882353,0.1607843
42,63,9.81,500,0.7,1,0.3,160,100000,1,0.1,0.05,3.3,1,1,0,400000,1,1,0.05,3.3s,1,0.0001,1000,9.496924,0.3333333,0,0,0,0,0,0,0.05490196,0.1607843
43,0,9.81,500,0.7,1,0.3,160,100000,1,0.1,0.05,3.3,1,1,0,400000,1,1,0.05,3.3s,1,0.0001,1000,9.496924,0.3333333,0,0,0,0,0,0,0.0509804,0.1607843
43,1,9.81,500,0.7,1,0.3,160,100000,1,0.1,0.05,3.3,1,1,0,400000,1,1,0.05,3.3s,1,0.0001,1000,9.496924,0.3333333,0,0,0,0,0,0,0.0509804,0.1607843
43,2,9.81,500,0.7,1,0.3,160,100000,1,0.1,0.05,3.3,1,1,0,400000,1,1,0.05,3.3s,1,0.0001,1000,9.496924,0.3333333,0,0,0,0,0,0,0.04705883,0.1607843
43,3,9.81,500,0.7,1,0.3,160,100000,1,0.1,0.05,3.3,1,1,0,400000,1,1,0.05,3.3s,1,0.0001,1000,9.496924,0.3333333,0,0,0,0,0,0,0.04705883,0.1607843
43,4,9.81,500,0.7,1,0.3,160,100000,1,0.1,0.05,3.3,1,1,0,400000,1,1,0.05,3.3s,1,0.0001,1000,9.496924,0.3333333,0,0,0,0,0,0,0.04313726,0.1607843
43,5,9.81,500,0.7,1,0.3,160,100000,1,0.1,0.05,3.3,1,1,0,400000,1,1,0.05,3.3s,1,0.0001,1000,9.496924,0.3333333,0,0,0,0,0,0,0.04313726,0.1647059
43,6,9.81,500,0.7,1,0.3,160,100000,1,0.1,0.05,3.3,1,1,0,400000,1,1,0.05,3.3s,1,0.0001,1000,9.496924,0.3333333,0,0,0,0,0,0,0.04705883,0.1647059
43,7,9.81,500,0.7,1,0.3,160,100000,1,0.1,0.05,3.3,1,1,0,400000,1,1,0.05,3.3s,1,0.0001,1000,9.496924,0.3333333,0,0,0,0,0,0,0.04705883,0.1647059
43,8,9.81,500,0.7,1,0.3,160,100000,1,0.1,0.05,3.3,1,1,0,400000,1,1,0.05,3.3s,1,0.0001,1000,9.496924,0.3333333,0,0,0,0,0,0,0.04705883,0.1647059
43,9,9.81,500,0.7,1,0.3,160,100000,1,0.1,0.05,3.3,1,1,0,400000,1,1,0.05,3.3s,1,0.0001,1000,9.496924,0.3333333,0,0,0,0,0,0,0.0509804,0.1607843
43,10,9.81,500,0.7,1,0.3,160,100000,1,0.1,0.05,3.3,1,1,0,400000,1,1,0.05,3.3s,1,0.0001,1000,9.496924,0.3333333,0,0,0,0,0,0,0.0509804,0.1607843
43,11,9.81,500,0.7,1,0.3,160,100000,1,0.1,0.05,3.3,1,1,0,400000,1,1,0.05,3.3s,1,0.0001,1000,9.496924,0.3333333,0,0,0,0,0,0,0.05490196,0.1607843
43,12,9.81,500,0.7,1,0.3,160,100000,1,0.1,0.05,3.3,1,1,0,400000,1,1,0.05,3.3s,1,0.0001,1000,9.496924,0.3333333,0,0,0,0,0,0.003921569,0.05882353,0.1568628
43,13,9.81,500,0.7,1,0.3,160,100000,1,0.1,0.05,3.3,1,1,0,400000,1,1,0.05,3.3s,1,0.0001,1000,9.496924,0.3333333,0,0,0,0,0,0.01176471,0.05882353,0.1568628
43,14,9.81,500,0.7,1,0.3,160,100000,1,0.1,0.05,3.3,1,1,0,400000,1,1,0.05,3.3s,1,0.0001,1000,9.496924,0.3333333,0,0,0,0,0,0.02352941,0.0627451,0.1529412
43,15,9.81,500,0.7,1,0.3,160,100000,1,0.1,0.05,3.3,1,1,0,400000,1,1,0.05,3.3s,1,0.0001,1000,9.496924,0.3333333,0,0,0,0,0,0.03529412,0.06666667,0.1529412
43,16,9.81,500,0.7,1,0.3,160,100000,1,0.1,0.05,3.3,1,1,0,400000,1,1,0.05,3.3s,1,0.0001,1000,9.496924,0.3333333,0,0,0,0,0,0.04705883,0.06666667,0.1490196
43,17,9.81,500,0.7,1,0.3,160,100000,1,0.1,0.05,3.3,1,1,0,400000,1,1,0.05,3.3s,1,0.0001,1000,9.496924,0.3333333,0,0,0,0,0,0.05882353,0.06666667,0.1490196
43,18,9.81,500,0.7,1,0.3,160,100000,1,0.1,0.05,3.3,1,1,0,400000,1,1,0.05,3.3s,1,0.0001,1000,9.496924,0.3333333,0,0,0,0,0,0.06666667,0.06666667,0.145098
43,19,9.81,500,0.7,1,0.3,160,100000,1,0.1,0.05,3.3,1,1,0,400000,1,1,0.05,3.3s,1,0.0001,1000,9.496924,0.3333333,0,0,0,0,0,0.07450981,0.06666667,0.145098
43,20,9.81,500,0.7,1,0.3,160,100000,1,0.1,0.05,3.3,1,1,0,400000,1,1,0.05,3.3s,1,0.0001,1000,9.496924,0.3333333,0,0,0,0.003921569,0,0.07843138,0.0627451,0.145098
43,21,9.81,500,0.7,1,0.3,160,100000,1,0.1,0.05,3.3,1,1,0,400000,1,1,0.05,3.3s,1,0.0001,1000,9.496924,0.3333333,0,0,0,0.03529412,0.003921569,0.07843138,0.0627451,0.145098
43,22,9.81,500,0.7,1,0.3,160,100000,1,0.1,0.05,3.3,1,1,0,400000,1,1,0.05,3.3s,1,0.0001,1000,9.496924,0.3333333,0.003921569,0,0,0.05882353,0.007843138,0.07058824,0.05882353,0.145098
43,23,9.81,500,0.7,1,0.3,160,100000,1,0.1,0.05,3.3,1,1,0,400000,1,1,0.05,3.3s,1,0.0001,1000,9.496924,0.3333333,0.003921569,0,0,0.08235294,0.01176471,0.05882353,0.05490196,0.1490196
43,24,9.81,500,0.7,1,0.3,160,100000,1,0.1,0.05,3.3,1,1,0,400000,1,1,0.05,3.3s,1,0.0001,1000,9.496924,0.3333333,0.003921569,0,0,0.09411766,0.01176471,0.04705883,0.0509804,0.1529412
43,25,9.81,500,0.7,1,0.3,160,100000,1,0.1,0.05,3.3,1,1,0,400000,1,1,0.05,3.3s,1,0.0001,1000,9.496924,0.3333333,0.003921569,0,0,0.1019608,0.01176471,0.03137255,0.04705883,0.1529412
43,26,9.81,500,0.7,1,0.3,160,100000,1,0.1,0.05,3.3,1,1,0,400000,1,1,0.05,3.3s,1,0.0001,1000,9.496924,0.3333333,0.003921569,0,0,0.1019608,0.01176471,0.01960784,0.04313726,0.1568628
43,27,9.81,500,0.7,1,0.3,160,100000,1,0.1,0.05,3.3,1,1,0,400000,1,1,0.05,3.3s,1,0.0001,1000,9.496924,0.3333333,0.003921569,0,0,0.09803922,0.01176471,0.007843138,0.03529412,0.1607843
43,28,9.81,500,0.7,1,0.3,160,100000,1,0.1,0.05,3.3,1,1,0,400000,1,1,0.05,3.3s,1,0.0001,1000,9.496924,0.3333333,0.003921569,0,0,0.09411766,0.003921569,0.003921569,0.03137255,0.1607843
43,29,9.81,500,0.7,1,0.3,160,100000,1,0.1,0.05,3.3,1,1,0,400000,1,1,0.05,3.3s,1,0.0001,1000,9.496924,0.3333333,0.003921569,0,0,0.09019608,0,0,0.02352941,0.1647059
43,30,9.81,500,0.7,1,0.3,160,100000,1,0.1,0.05,3.3,1,1,0,400000,1,1,0.05,3.3s,1,0.0001,1000,9.496924,0.3333333,0.003921569,0,0,0.08627451,0,0,0.01568628,0.1647059
43,31,9.81,500,0.7,1,0.3,160,100000,1,0.1,0.05,3.3,1,1,0,400000,1,1,0.05,3.3s,1,0.0001,1000,9.496924,0.3333333,0.003921569,0,0,0.08235294,0,0,0.007843138,0.1686275
43,32,9.81,500,0.7,1,0.3,160,100000,1,0.1,0.05,3.3,1,1,0,400000,1,1,0.05,3.3s,1,0.0001,1000,9.496924,0.3333333,0.003921569,0,0,0.08235294,0,0,0.003921569,0.1686275
43,33,9.81,500,0.7,1,0.3,160,100000,1,0.1,0.05,3.3,1,1,0,400000,1,1,0.05,3.3s,1,0.0001,1000,9.496924,0.3333333,0.003921569,0,0,0.07843138,0,0,0,0.172549
43,34,9.81,500,0.7,1,0.3,160,100000,1,0.1,0.05,3.3,1,1,0,400000,1,1,0.05,3.3s,1,0.0001,1000,9.496924,0.3333333,0.003921569,0,0,0.07058824,0,0,0,0.172549
43,35,9.81,500,0.7,1,0.3,160,100000,1,0.1,0.05,3.3,1,1,0,400000,1,1,0.05,3.3s,1,0.0001,1000,9.496924,0.3333333,0.003921569,0,0,0.05882353,0,0,0,0.172549
43,36,9.81,500,0.7,1,0.3,160,100000,1,0.1,0.05,3.3,1,1,0,400000,1,1,0.05,3.3s,1,0.0001,1000,9.496924,0.3333333,0.003921569,0,0,0.04313726,0,0,0,0.1764706
43,37,9.81,500,0.7,1,0.3,160,100000,1,0.1,0.05,3.3,1,1,0,400000,1,1,0.05,3.3s,1,0.0001,1000,9.496924,0.3333333,0.003921569,0,0,0.02352941,0,0,0,0.1764706
43,38,9.81,500,0.7,1,0.3,160,100000,1,0.1,0.05,3.3,1,1,0,400000,1,1,0.05,3.3s,1,0.0001,1000,9.496924,0.3333333,0.003921569,0,0,0.003921569,0,0,0,0.1764706
43,39,9.81,500,0.7,1,0.3,160,100000,1,0.1,0.05,3.3,1,1,0,400000,1,1,0.05,3.3s,1,0.0001,1000,9.496924,0.3333333,0,0,0,0,0,0,0,0.172549
43,40,9.81,500,0.7,1,0.3,160,100000,1,0.1,0.05,3.3,1,1,0,400000,1,1,0.05,3.3s,1,0.0001,1000,9.496924,0.3333333,0,0,0,0,0,0,0.003921569,0.172549
43,41,9.81,500,0.7,1,0.3,160,100000,1,0.1,0.05,3.3,1,1,0,400000,1,1,0.05,3.3s,1,0.0001,1000,9.496924,0.3333333,0,0,0,0,0,0,0.007843138,0.1686275
43,42,9.81,500,0.7,1,0.3,160,100000,1,0.1,0.05,3.3,1,1,0,400000,1,1,0.05,3.3s,1,0.0001,1000,9.496924,0.3333333,0,0,0,0,0,0,0.01176471,0.1686275
43,43,9.81,500,0.7,1,0.3,160,100000,1,0.1,0.05,3.3,1,1,0,400000,1,1,0.05,3.3s,1,0.0001,1000,9.496924,0.3333333,0,0,0,0,0,0,0.01568628,0.1647059
43,44,9.81,500,0.7,1,0.3,160,100000,1,0.1,0.05,3.3,1,1,0,400000,1,1,0.05,3.3s,1,0.0001,1000,9.496924,0.3333333,0,0,0,0,0,0.003921569,0.01960784,0.1647059
43,45,9.81,500,0.7,1,0.3,160,100000,1,0.1,0.05,3.3,1,1,0,400000,1,1,0.05,3.3s,1,0.0001,1000,9.496924,0.3333333,0,0,0,0,0,0.007843138,0.02352941,0.1607843
43,46,9.81,500,0.7,1,0.3,160,100000,1,0.1,0.05,3.3,1,1,0,400000,1,1,0.05,3.3s,1,0.0001,1000,9.496924,0.3333333,0,0,0,0,0,0.01176471,0.02745098,0.1607843
43,47,9.81,500,0.7,1,0.3,160,100000,1,0.1,0.05,3.3,1,1,0,400000,1,1,0.05,3.3s,1,0.0001,1000,9.496924,0.3333333,0,0,0,0,0,0.007843138,0.03137255,0.1607843
43,48,9.81,500,0.7,1,0.3,160,100000,1,0.1,0.05,3.3,1,1,0,400000,1,1,0.05,3.3s,1,0.0001,1000,9.496924,0.3333333,0,0,0,0.007843138,0,0.003921569,0.03529412,0.1607843
43,49,9.81,500,0.7,1,0.3,160,100000,1,0.1,0.05,3.3,1,1,0,400000,1,1,0.05,3.3s,1,0.0001,1000,9.496924,0.3333333,0,0,0,0.01568628,0.003921569,0,0.03921569,0.1607843
43,50,9.81,500,0.7,1,0.3,160,100000,1,0.1,0.05,3.3,1,1,0,400000,1,1,0.05,3.3s,1,0.0001,1000,9.496924,0.3333333,0,0,0,0.01960784,0.007843138,0,0.04313726,0.1607843
43,51,9.81,500,0.7,1,0.3,160,100000,1,0.1,0.05,3.3,1,1,0,400000,1,1,0.05,3.3s,1,0.0001,1000,9.496924,0.3333333,0,0,0,0.01960784,0.007843138,0,0.04705883,0.1607843
43,52,9.81,500,0.7,1,0.3,160,100000,1,0.1,0.05,3.3,1,1,0,400000,1,1,0.05,3.3s,1,0.0001,1000,9.496924,0.3333333,0,0,0,0.01176471,0.007843138,0,0.0509804,0.1647059
43,53,9.81,500,0.7,1,0.3,160,100000,1,0.1,0.05,3.3,1,1,0,400000,1,1,0.05,3.3s,1,0.0001,1000,9.496924,0.3333333,0,0,0,0,0.007843138,0,0.0509804,0.1647059
43,54,9.81,500,0.7,1,0.3,160,100000,1,0.1,0.05,3.3,1,1,0,400000,1,1,0.05,3.3s,1,0.0001,1000,9.496924,0.3333333,0,0,0,0,0.003921569,0,0.05490196,0.1647059
43,55,9.81,500,0.7,1,0.3,160,100000,1,0.1,0.05,3.3,1,1,0,400000,1,1,0.05,3.3s,1,0.0001,1000,9.496924,0.3333333,0,0,0,0,0,0,0.05882353,0.1647059
43,56,9.81,500,0.7,1,0.3,160,100000,1,0.1,0.05,3.3,1,1,0,400000,1,1,0.05,3.3s,1,0.0001,1000,9.496924,0.3333333,0,0,0,0,0,0,0.05882353,0.1607843
43,57,9.81,500,0.7,1,0.3,160,100000,1,0.1,0.05,3.3,1,1,0,400000,1,1,0.05,3.3s,1,0.0001,1000,9.496924,0.3333333,0,0,0,0,0,0,0.0627451,0.1607843
43,58,9.81,500,0.7,1,0.3,160,100000,1,0.1,0.05,3.3,1,1,0,400000,1,1,0.05,3.3s,1,0.0001,1000,9.496924,0.3333333,0,0,0,0,0,0,0.0627451,0.1607843
43,59,9.81,500,0.7,1,0.3,160,100000,1,0.1,0.05,3.3,1,1,0,400000,1,1,0.05,3.3s,1,0.0001,1000,9.496924,0.3333333,0,0,0,0,0,0,0.0627451,0.1568628
43,60,9.81,500,0.7,1,0.3,160,100000,1,0.1,0.05,3.3,1,1,0,400000,1,1,0.05,3.3s,1,0.0001,1000,9.496924,0.3333333,0,0,0,0,0,0,0.0627451,0.1568628
43,61,9.81,500,0.7,1,0.3,160,100000,1,0.1,0.05,3.3,1,1,0,400000,1,1,0.05,3.3s,1,0.0001,1000,9.496924,0.3333333,0,0,0,0,0,0,0.05882353,0.1568628
43,62,9.81,500,0.7,1,0.3,160,100000,1,0.1,0.05,3.3,1,1,0,400000,1,1,0.05,3.3s,1,0.0001,1000,9.496924,0.3333333,0,0,0,0,0,0,0.05882353,0.1568628
43,63,9.81,500,0.7,1,0.3,160,100000,1,0.1,0.05,3.3,1,1,0,400000,1,1,0.05,3.3s,1,0.0001,1000,9.496924,0.3333333,0,0,0,0,0,0,0.05490196,0.1568628
44,0,9.81,500,0.7,1,0.3,160,100000,1,0.1,0.05,3.3,1,1,0,400000,1,1,0.05,3.3s,1,0.0001,1000,9.496924,0.3333333,0,0,0,0.003921569,0,0,0.0509804,0.1607843
44,1,9.81,500,0.7,1,0.3,160,100000,1,0.1,0.05,3.3,1,1,0,400000,1,1,0.05,3.3s,1,0.0001,1000,9.496924,0.3333333,0,0,0,0.003921569,0,0,0.04705883,0.1607843
44,2,9.81,500,0.7,1,0.3,160,100000,1,0.1,0.05,3.3,1,1,0,400000,1,1,0.05,3.3s,1,0.0001,1000,9.496924,0.3333333,0,0,0,0.003921569,0,0,0.04313726,0.1607843
44,3,9.81,500,0.7,1,0.3,160,100000,1,0.1,0.05,3.3,1,1,0,400000,1,1,0.05,3.3s,1,0.0001,1000,9.496924,0.3333333,0,0,0,0,0,0,0.03921569,0.1607843
44,4,9.81,500,0.7,1,0.3,160,100000,1,0.1,0.05,3.3,1,1,0,400000,1,1,0.05,3.3s,1,0.0001,1000,9.496924,0.3333333,0,0,0,0,0,0,0.03921569,0.1647059
44,5,9.81,500,0.7,1,0.3,160,100000,1,0.1,0.05,3.3,1,1,0,400000,1,1,0.05,3.3s,1,0.0001,1000,9.496924,0.3333333,0,0,0,0,0,0,0.03921569,0.1647059
44,6,9.81,500,0.7,1,0.3,160,100000,1,0.1,0.05,3.3,1,1,0,400000,1,1,0.05,3.3s,1,0.0001,1000,9.496924,0.3333333,0,0,0,0,0,0,0.03921569,0.1647059
44,7,9.81,500,0.7,1,0.3,160,100000,1,0.1,0.05,3.3,1,1,0,400000,1,1,0.05,3.3s,1,0.0001,1000,9.496924,0.3333333,0,0,0,0,0,0,0.04313726,0.1647059
44,8,9.81,500,0.7,1,0.3,160,100000,1,0.1,0.05,3.3,1,1,0,400000,1,1,0.05,3.3s,1,0.0001,1000,9.496924,0.3333333,0,0,0,0,0,0,0.04313726,0.1647059
44,9,9.81,500,0.7,1,0.3,160,100000,1,0.1,0.05,3.3,1,1,0,400000,1,1,0.05,3.3s,1,0.0001,1000,9.496924,0.3333333,0,0,0,0,0,0,0.04705883,0.1607843
44,10,9.81,500,0.7,1,0.3,160,100000,1,0.1,0.05,3.3,1,1,0,400000,1,1,0.05,3.3s,1,0.0001,1000,9.496924,0.3333333,0,0,0,0,0,0,0.04705883,0.1607843
44,11,9.81,500,0.7,1,0.3,160,100000,1,0.1,0.05,3.3,1,1,0,400000,1,1,0.05,3.3s,1,0.0001,1000,9.496924,0.3333333,0,0,0,0,0,0,0.0509804,0.1568628
44,12,9.81,500,0.7,1,0.3,160,100000,1,0.1,0.05,3.3,1,1,0,400000,1,1,0.05,3.3s,1,0.0001,1000,9.496924,0.3333333,0,0,0,0,0,0.007843138,0.05490196,0.1568628
44,13,9.81,500,0.7,1,0.3,160,100000,1,0.1,0.05,3.3,1,1,0,400000,1,1,0.05,3.3s,1,0.0001,1000,9.496924,0.3333333,0,0,0,0,0,0.01568628,0.05882353,0.1568628
44,14,9.81,500,0.7,1,0.3,160,100000,1,0.1,0.05,3.3,1,1,0,400000,1,1,0.05,3.3s,1,0.0001,1000,9.496924,0.3333333,0,0,0,0,0,0.02745098,0.05882353,0.1529412
44,15,9.81,500,0.7,1,0.3,160,100000,1,0.1,0.05,3.3,1,1,0,400000,1,1,0.05,3.3s,1,0.0001,1000,9.496924,0.3333333,0,0,0,0,0,0.03529412,0.0627451,0.1529412
44,16,9.81,500,0.7,1,0.3,160,100000,1,0.1,0.05,3.3,1,1,0,400000,1,1,0.05,3.3s,1,0.0001,1000,9.496924,0.3333333,0,0,0,0,0,0.04705883,0.0627451,0.1490196
44,17,9.81,500,0.7,1,0.3,160,100000,1,0.1,0.05,3.3,1,1,0,400000,1,1,0.05,3.3s,1,0.0001,1000,9.496924,0.3333333,0,0,0,0,0.003921569,0.05882353,0.06666667,0.1490196
44,18,9.81,500,0.7,1,0.3,160,100000,1,0.1,0.05,3.3,1,1,0,400000,1,1,0.05,3.3s,1,0.0001,1000,9.496924,0.3333333,0,0,0,0,0.007843138,0.06666667,0.0627451,0.145098
44,19,9.81,500,0.7,1,0.3,160,100000,1,0.1,0.05,3.3,1,1,0,400000,1,1,0.05,3.3s,1,0.0001,1000,9.496924,0.3333333,0,0,0,0,0.01176471,0.07450981,0.0627451,0.145098
44,20,9.81,500,0.7,1,0.3,160,100000,1,0.1,0.05,3.3,1,1,0,400000,1,1,0.05,3.3s,1,0.0001,1000,9.496924,0.3333333,0,0,0,0.007843138,0.01568628,0.07843138,0.0627451,0.145098
44,21,9.81,500,0.7,1,0.3,160,100000,1,0.1,0.05,3.3,1,1,0,400000,1,1,0.05,3.3s,1,0.0001,1000,9.496924,0.3333333,0,0,0,0.03529412,0.01960784,0.07450981,0.05882353,0.145098
44,22,9.81,500,0.7,1,0.3,160,100000,1,0.1,0.05,3.3,1,1,0,400000,1,1,0.05,3.3s,1,0.0001,1000,9.496924,0.3333333,0.003921569,0,0,0.0627451,0.01960784,0.06666667,0.05490196,0.1490196
44,23,9.81,500,0.7,1,0.3,160,100000,1,0.1,0.05,3.3,1,1,0,400000,1,1,0.05,3.3s,1,0.0001,1000,9.496924,0.3333333,0.003921569,0,0,0.08235294,0.01960784,0.05490196,0.05490196,0.1490196
44,24,9.81,500,0.7,1,0.3,160,100000,1,0.1,0.05,3.3,1,1,0,400000,1,1,0.05,3.3s,1,0.0001,1000,9.496924,0.3333333,0.003921569,0,0,0.09411766,0.01960784,0.03921569,0.0509804,0.1529412
44,25,9.81,500,0.7,1,0.3,160,100000,1,0.1,0.05,3.3,1,1,0,400000,1,1,0.05,3.3s,1,0.0001,1000,9.496924,0.3333333,0.003921569,0,0,0.1019608,0.01960784,0.02352941,0.04705883,0.1568628
44,26,9.81,500,0.7,1,0.3,160,100000,1,0.1,0.05,3.3,1,1,0,400000,1,1,0.05,3.3s,1,0.0001,1000,9.496924,0.3333333,0.003921569,0,0,0.1019608,0.01960784,0.01176471,0.04313726,0.1568628
44,27,9.81,500,0.7,1,0.3,160,100000,1,0.1,0.05,3.3,1,1,0,400000,1,1,0.05,3.3s,1,0.0001,1000,9.496924,0.3333333,0.003921569,0,0,0.09411766,0.01568628,0,0.03529412,0.1607843
44,28,9.81,500,0.7,1,0.3,160,100000,1,0.1,0.05,3.3,1,1,0,400000,1,1,0.05,3.3s,1,0.0001,1000,9.496924,0.3333333,0.003921569,0,0,0.08235294,0.007843138,0,0.03137255,0.1647059
44,29,9.81,500,0.7,1,0.3,160,100000,1,0.1,0.05,3.3,1,1,0,400000,1,1,0.05,3.3s,1,0.0001,1000,9.496924,0.3333333,0.003921569,0,0,0.07450981,0,0,0.02745098,0.1647059
44,30,9.81,500,0.7,1,0.3,160,100000,1,0.1,0.05,3.3,1,1,0,400000,1,1,0.05,3.3s,1,0.0001,1000,9.496924,0.3333333,0.003921569,0,0,0.06666667,0,0,0.01960784,0.1647059
44,31,9.81,500,0.7,1,0.3,160,100000,1,0.1,0.05,3.3,1,1,0,400000,1,1,0.05,3.3s,1,0.0001,1000,9.496924,0.3333333,0.003921569,0,0,0.05882353,0,0,0.01568628,0.1647059
44,32,9.81,500,0.7,1,0.3,160,100000,1,0.1,0.05,3.3,1,1,0,400000,1,1,0.05,3.3s,1,0.0001,1000,9.496924,0.3333333,0.003921569,0,0,0.05490196,0,0,0.01176471,0.1686275
44,33,9.81,500,0.7,1,0.3,160,100000,1,0.1,0.05,3.3,1,1,0,400000,1,1,0.05,3.3s,1,0.0001,1000,9.496924,0.3333333,0.003921569,0,0,0.0509804,0,0,0.007843138,0.1686275
44,34,9.81,500,0.7,1,0.3,160,100000,1,0.1,0.05,3.3,1,1,0,400000,1,1,0.05,3.3s,1,0.0001,1000,9.496924,0.3333333,0.003921569,0,0,0.04705883,0,0,0.007843138,0.1686275
44,35,9.81,500,0.7,1,0.3,160,100000,1,0.1,0.05,3.3,1,1,0,400000,1,1,0.05,3.3s,1,0.0001,1000,9.496924,0.3333333,0.003921569,0,0,0.04313726,0,0,0.007843138,0.1686275
44,36,9.81,500,0.7,1,0.3,160,100000,1,0.1,0.05,3.3,1,1,0,400000,1,1,0.05,3.3s,1,0.0001,1000,9.496924,0.3333333,0.003921569,0,0,0.03529412,0,0,0.007843138,0.1686275
44,37,9.81,500,0.7,1,0.3,160,100000,1,0.1,0.05,3.3,1,1,0,400000,1,1,0.05,3.3s,1,0.0001,1000,9.496924,0.3333333,0.003921569,0,0,0.02352941,0,0,0.007843138,0.1686275
44,38,9.81,500,0.7,1,0.3,160,100000,1,0.1,0.05,3.3,1,1,0,400000,1,1,0.05,3.3s,1,0.0001,1000,9.496924,0.3333333,0.003921569,0,0,0.01176471,0,0,0.007843138,0.1686275
44,39,9.81,500,0.7,1,0.3,160,100000,1,0.1,0.05,3.3,1,1,0,400000,1,1,0.05,3.3s,1,0.0001,1000,9.496924,0.3333333,0.003921569,0,0,0,0,0,0.007843138,0.1686275
44,40,9.81,500,0.7,1,0.3,160,100000,1,0.1,0.05,3.3,1,1,0,400000,1,1,0.05,3.3s,1,0.0001,1000,9.496924,0.3333333,0.003921569,0,0,0,0,0,0.01176471,0.1686275
44,41,9.81,500,0.7,1,0.3,160,100000,1,0.1,0.05,3.3,1,1,0,400000,1,1,0.05,3.3s,1,0.0001,1000,9.496924,0.3333333,0,0,0,0,0,0,0.01176471,0.1686275
44,42,9.81,500,0.7,1,0.3,160,100000,1,0.1,0.05,3.3,1,1,0,400000,1,1,0.05,3.3s,1,0.0001,1000,9.496924,0.3333333,0,0,0,0,0,0,0.01568628,0.1647059
44,43,9.81,500,0.7,1,0.3,160,100000,1,0.1,0.05,3.3,1,1,0,400000,1,1,0.05,3.3s,1,0.0001,1000,9.496924,0.3333333,0,0,0,0,0,0,0.01960784,0.1647059
44,44,9.81,500,0.7,1,0.3,160,100000,1,0.1,0.05,3.3,1,1,0,400000,1,1,0.05,3.3s,1,0.0001,1000,9.496924,0.3333333,0,0,0,0,0,0.003921569,0.01960784,0.1647059
44,45,9.81,500,0.7,1,0.3,160,100000,1,0.1,0.05,3.3,1,1,0,400000,1,1,0.05,3.3s,1,0.0001,1000,9.496924,0.3333333,0,0,0,0,0,0.003921569,0.02352941,0.1607843
44,46,9.81,500,0.7,1,0.3,160,100000,1,0.1,0.05,3.3,1,1,0,400000,1,1,0.05,3.3s,1,0.0001,1000,9.496924,0.3333333,0,0,0,0,0,0.007843138,0.02745098,0.1607843
44,47,9.81,500,0.7,1,0.3,160,100000,1,0.1,0.05,3.3,1,1,0,400000,1,1,0.05,3.3s,1,0.0001,1000,9.496924,0.3333333,0,0,0,0.007843138,0,0.003921569,0.03137255,0.1607843
44,48,9.81,500,0.7,1,0.3,160,100000,1,0.1,0.05,3.3,1,1,0,400000,1,1,0.05,3.3s,1,0.0001,1000,9.496924,0.3333333,0,0,0,0.01568628,0.007843138,0,0.03529412,0.1607843
44,49,9.81,500,0.7,1,0.3,160,100000,1,0.1,0.05,3.3,1,1,0,400000,1,1,0.05,3.3s,1,0.0001,1000,9.496924,0.3333333,0,0,0,0.02352941,0.01568628,0,0.04313726,0.1607843
44,50,9.81,500,0.7,1,0.3,160,100000,1,0.1,0.05,3.3,1,1,0,400000,1,1,0.05,3.3s,1,0.0001,1000,9.496924,0.3333333,0,0,0,0.02352941,0.01960784,0,0.04705883,0.1607843
44,51,9.81,500,0.7,1,0.3,160,100000,1,0.1,0.05,3.3,1,1,0,400000,1,1,0.05,3.3s,1,0.0001,1000,9.496924,0.3333333,0,0,0,0.02352941,0.02352941,0,0.0509804,0.1647059
44,52,9.81,500,0.7,1,0.3,160,100000,1,0.1,0.05,3.3,1,1,0,400000,1,1,0.05,3.3s,1,0.0001,1000,9.496924,0.3333333,0,0,0,0.01176471,0.02745098,0,0.05490196,0.1647059
44,53,9.81,500,0.7,1,0.3,160,100000,1,0.1,0.05,3.3,1,1,0,400000,1,1,0.05,3.3s,1,0.0001,1000,9.496924,0.3333333,0,0,0,0,0.02745098,0,0.05882353,0.1647059
44,54,9.81,500,0.7,1,0.3,160,100000,1,0.1,0.05,3.3,1,1,0,400000,1,1,0.05,3.3s,1,0.0001,1000,9.496924,0.3333333,0,0,0,0,0.02745098,0,0.05882353,0.1647059
44,55,9.81,500,0.7,1,0.3,160,100000,1,0.1,0.05,3.3,1,1,0,400000,1,1,0.05,3.3s,1,0.0001,1000,9.496924,0.3333333,0,0,0,0,0.02352941,0,0.0627451,0.1647059
44,56,9.81,500,0.7,1,0.3,160,100000,1,0.1,0.05,3.3,1,1,0,400000,1,1,0.05,3.3s,1,0.0001,1000,9.496924,0.3333333,0,0,0,0,0.01568628,0,0.0627451,0.1607843
44,57,9.81,500,0.7,1,0.3,160,100000,1,0.1,0.05,3.3,1,1,0,400000,1,1,0.05,3.3s,1,0.0001,1000,9.496924,0.3333333,0,0,0,0,0.01176471,0,0.0627451,0.1607843
44,58,9.81,500,0.7,1,0.3,160,100000,1,0.1,0.05,3.3,1,1,0,400000,1,1,0.05,3.3s,1,0.0001,1000,9.496924,0.3333333,0,0,0,0,0,0,0.0627451,0.1568628
44,59,9.81,500,0.7,1,0.3,160,100000,1,0.1,0.05,3.3,1,1,0,400000,1,1,0.05,3.3s,1,0.0001,1000,9.496924,0.3333333,0,0,0,0,0,0,0.0627451,0.1568628
44,60,9.81,500,0.7,1,0.3,160,100000,1,0.1,0.05,3.3,1,1,0,400000,1,1,0.05,3.3s,1,0.0001,1000,9.496924,0.3333333,0,0,0,0,0,0,0.0627451,0.1568628
44,61,9.81,500,0.7,1,0.3,160,100000,1,0.1,0.05,3.3,1,1,0,400000,1,1,0.05,3.3s,1,0.0001,1000,9.496924,0.3333333,0,0,0,0,0,0.003921569,0.05882353,0.1568628
44,62,9.81,500,0.7,1,0.3,160,100000,1,0.1,0.05,3.3,1,1,0,400000,1,1,0.05,3.3s,1,0.0001,1000,9.496924,0.3333333,0,0,0,0,0,0.003921569,0.05490196,0.1568628
44,63,9.81,500,0.7,1,0.3,160,100000,1,0.1,0.05,3.3,1,1,0,400000,1,1,0.05,3.3s,1,0.0001,1000,9.496924,0.3333333,0,0,0,0,0,0.003921569,0.05490196,0.1568628
45,0,9.81,500,0.7,1,0.3,160,100000,1,0.1,0.05,3.3,1,1,0,400000,1,1,0.05,3.3s,1,0.0001,1000,9.496924,0.3333333,0,0,0,0.003921569,0,0.003921569,0.04705883,0.1607843
45,1,9.81,500,0.7,1,0.3,160,100000,1,0.1,0.05,3.3,1,1,0,400000,1,1,0.05,3.3s,1,0.0001,1000,9.496924,0.3333333,0,0,0,0.007843138,0,0,0.04313726,0.1607843
45,2,9.81,500,0.7,1,0.3,160,100000,1,0.1,0.05,3.3,1,1,0,400000,1,1,0.05,3.3s,1,0.0001,1000,9.496924,0.3333333,0,0,0,0.007843138,0,0,0.03921569,0.1607843
45,3,9.81,500,0.7,1,0.3,160,100000,1,0.1,0.05,3.3,1,1,0,400000,1,1,0.05,3.3s,1,0.0001,1000,9.496924,0.3333333,0,0,0,0.003921569,0,0,0.03529412,0.1647059
45,4,9.81,500,0.7,1,0.3,160,100000,1,0.1,0.05,3.3,1,1,0,400000,1,1,0.05,3.3s,1,0.0001,1000,9.496924,0.3333333,0,0,0,0,0,0,0.03529412,0.1647059
45,5,9.81,500,0.7,1,0.3,160,100000,1,0.1,0.05,3.3,1,1,0,400000,1,1,0.05,3.3s,1,0.0001,1000,9.496924,0.3333333,0,0,0,0,0,0,0.03137255,0.1647059
45,6,9.81,500,0.7,1,0.3,160,100000,1,0.1,0.05,3.3,1,1,0,400000,1,1,0.05,3.3s,1,0.0001,1000,9.496924,0.3333333,0,0,0,0,0,0,0.03529412,0.1647059
45,7,9.81,500,0.7,1,0.3,160,100000,1,0.1,0.05,3.3,1,1,0,400000,1,1,0.05,3.3s,1,0.0001,1000,9.496924,0.3333333,0,0,0,0,0,0,0.03529412,0.1647059
45,8,9.81,500,0.7,1,0.3,160,100000,1,0.1,0.05,3.3,1,1,0,400000,1,1,0.05,3.3s,1,0.0001,1000,9.496924,0.3333333,0,0,0,0,0,0,0.03529412,0.1647059
45,9,9.81,500,0.7,1,0.3,160,100000,1,0.1,0.05,3.3,1,1,0,400000,1,1,0.05,3.3s,1,0.0001,1000,9.496924,0.3333333,0,0,0,0,0,0,0.03921569,0.1647059
45,10,9.81,500,0.7,1,0.3,160,100000,1,0.1,0.05,3.3,1,1,0,400000,1,1,0.05,3.3s,1,0.0001,1000,9.496924,0.3333333,0,0,0,0,0,0,0.04313726,0.1607843
45,11,9.81,500,0.7,1,0.3,160,100000,1,0.1,0.05,3.3,1,1,0,400000,1,1,0.05,3.3s,1,0.0001,1000,9.496924,0.3333333,0,0,0,0,0,0.003921569,0.04705883,0.1607843
45,12,9.81,500,0.7,1,0.3,160,100000,1,0.1,0.05,3.3,1,1,0,400000,1,1,0.05,3.3s,1,0.0001,1000,9.496924,0.3333333,0,0,0,0,0,0.01176471,0.04705883,0.1568628
45,13,9.81,500,0.7,1,0.3,160,100000,1,0.1,0.05,3.3,1,1,0,400000,1,1,0.05,3.3s,1,0.0001,1000,9.496924,0.3333333,0,0,0,0,0,0.01960784,0.0509804,0.1568628
45,14,9.81,500,0.7,1,0.3,160,100000,1,0.1,0.05,3.3,1,1,0,400000,1,1,0.05,3.3s,1,0.0001,1000,9.496924,0.3333333,0,0,0,0,0.003921569,0.02745098,0.05490196,0.1529412
45,15,9.81,500,0.7,1,0.3,160,100000,1,0.1,0.05,3.3,1,1,0,400000,1,1,0.05,3.3s,1,0.0001,1000,9.496924,0.3333333,0,0,0,0,0.007843138,0.03921569,0.05490196,0.1529412
45,16,9.81,500,0.7,1,0.3,160,100000,1,0.1,0.05,3.3,1,1,0,400000,1,1,0.05,3.3s,1,0.0001,1000,9.496924,0.3333333,0,0,0,0,0.01568628,0.04705883,0.05882353,0.1490196
45,17,9.81,500,0.7,1,0.3,160,100000,1,0.1,0.05,3.3,1,1,0,400000,1,1,0.05,3.3s,1,0.0001,1000,9.496924,0.3333333,0,0,0,0,0.01960784,0.05490196,0.05882353,0.1490196
45,18,9.81,500,0.7,1,0.3,160,100000,1,0.1,0.05,3.3,1,1,0,400000,1,1,0.05,3.3s,1,0.0001,1000,9.496924,0.3333333,0,0,0,0,0.02352941,0.06666667,0.05882353,0.1490196
45,19,9.81,500,0.7,1,0.3,160,100000,1,0.1,0.05,3.3,1,1,0,400000,1,1,0.05,3.3s,1,0.0001,1000,9.496924,0.3333333,0,0,0,0,0.02745098,0.07058824,0.05882353,0.145098
45,20,9.81,500,0.7,1,0.3,160,100000,1,0.1,0.05,3.3,1,1,0,400000,1,1,0.05,3.3s,1,0.0001,1000,9.496924,0.3333333,0,0,0,0.01176471,0.02745098,0.07450981,0.05882353,0.145098
45,21,9.81,500,0.7,1,0.3,160,100000,1,0.1,0.05,3.3,1,1,0,400000,1,1,0.05,3.3s,1,0.0001,1000,9.496924,0.3333333,0,0,0,0.03529412,0.02745098,0.07058824,0.05490196,0.1490196
45,22,9.81,500,0.7,1,0.3,160,100000,1,0.1,0.05,3.3,1,1,0,400000,1,1,0.05,3.3s,1,0.0001,1000,9.496924,0.3333333,0.003921569,0,0,0.0627451,0.02745098,0.0627451,0.05490196,0.1490196
45,23,9.81,500,0.7,1,0.3,160,100000,1,0.1,0.05,3.3,1,1,0,400000,1,1,0.05,3.3s,1,0.0001,1000,9.496924,0.3333333,0.003921569,0,0,0.08235294,0.02745098,0.0509804,0.05490196,0.1490196
45,24,9.81,500,0.7,1,0.3,160,100000,1,0.1,0.05,3.3,1,1,0,400000,1,1,0.05,3.3s,1,0.0001,1000,9.496924,0.3333333,0.003921569,0,0,0.09411766,0.02745098,0.03529412,0.0509804,0.1529412
45,25,9.81,500,0.7,1,0.3,160,100000,1,0.1,0.05,3.3,1,1,0,400000,1,1,0.05,3.3s,1,0.0001,1000,9.496924,0.3333333,0.003921569,0,0,0.1019608,0.02745098,0.01960784,0.04705883,0.1568628
45,26,9.81,500,0.7,1,0.3,160,100000,1,0.1,0.05,3.3,1,1,0,400000,1,1,0.05,3.3s,1,0.0001,1000,9.496924,0.3333333,0.003921569,0,0,0.09803922,0.02352941,0.003921569,0.04313726,0.1607843
45,27,9.81,500,0.7,1,0.3,160,100000,1,0.1,0.05,3.3,1,1,0,400000,1,1,0.05,3.3s,1,0.0001,1000,9.496924,0.3333333,0.003921569,0,0,0.08627451,0.01960784,0,0.03921569,0.1607843
45,28,9.81,500,0.7,1,0.3,160,100000,1,0.1,0.05,3.3,1,1,0,400000,1,1,0.05,3.3s,1,0.0001,1000,9.496924,0.3333333,0.003921569,0,0,0.07058824,0.007843138,0,0.03529412,0.1647059
45,29,9.81,500,0.7,1,0.3,160,100000,1,0.1,0.05,3.3,1,1,0,400000,1,1,0.05,3.3s,1,0.0001,1000,9.496924,0.3333333,0.003921569,0,0,0.05490196,0,0,0.03137255,0.1647059
45,30,9.81,500,0.7,1,0.3,160,100000,1,0.1,0.05,3.3,1,1,0,400000,1,1,0.05,3.3s,1,0.0001,1000,9.496924,0.3333333,0.003921569,0,0,0.04313726,0,0,0.02745098,0.1647059
45,31,9.81,500,0.7,1,0.3,160,100000,1,0.1,0.05,3.3,1,1,0,400000,1,1,0.05,3.3s,1,0.0001,1000,9.496924,0.3333333,0.003921569,0,0,0.03137255,0,0,0.02352941,0.1647059
45,32,9.81,500,0.7,1,0.3,160,100000,1,0.1,0.05,3.3,1,1,0,400000,1,1,0.05,3.3s,1,0.0001,1000,9.496924,0.3333333,0.003921569,0,0,0.02745098,0,0,0.02352941,0.1647059
45,33,9.81,500,0.7,1,0.3,160,100000,1,0.1,0.05,3.3,1,1,0,400000,1,1,0.05,3.3s,1,0.0001,1000,9.496924,0.3333333,0.003921569,0,0,0.02352941,0,0,0.01960784,0.1647059
45,34,9.81,500,0.7,1,0.3,160,100000,1,0.1,0.05,3.3,1,1,0,400000,1,1,0.05,3.3s,1,0.0001,1000,9.496924,0.3333333,0.003921569,0,0,0.02352941,0,0,0.01960784,0.1647059
45,35,9.81,500,0.7,1,0.3,160,100000,1,0.1,0.05,3.3,1,1,0,400000,1,1,0.05,3.3s,1,0.0001,1000,9.496924,0.3333333,0.003921569,0,0,0.02352941,0,0,0.01960784,0.1647059
45,36,9.81,500,0.7,1,0.3,160,100000,1,0.1,0.05,3.3,1,1,0,400000,1,1,0.05,3.3s,1,0.0001,1000,9.496924,0.3333333,0.003921569,0,0,0.02745098,0,0,0.01960784,0.1647059
45,37,9.81,500,0.7,1,0.3,160,100000,1,0.1,0.05,3.3,1,1,0,400000,1,1,0.05,3.3s,1,0.0001,1000,9.496924,0.3333333,0.003921569,0,0,0.02352941,0,0,0.01960784,0.1647059
45,38,9.81,500,0.7,1,0.3,160,100000,1,0.1,0.05,3.3,1,1,0,400000,1,1,0.05,3.3s,1,0.0001,1000,9.496924,0.3333333,0.003921569,0,0,0.02352941,0,0,0.01960784,0.1647059
45,39,9.81,500,0.7,1,0.3,160,100000,1,0.1,0.05,3.3,1,1,0,400000,1,1,0.05,3.3s,1,0.0001,1000,9.496924,0.3333333,0.003921569,0,0,0.01568628,0,0,0.01960784,0.1647059
45,40,9.81,500,0.7,1,0.3,160,100000,1,0.1,0.05,3.3,1,1,0,400000,1,1,0.05,3.3s,1,0.0001,1000,9.496924,0.3333333,0.003921569,0,0,0.01176471,0,0,0.01960784,0.1647059
45,41,9.81,500,0.7,1,0.3,160,100000,1,0.1,0.05,3.3,1,1,0,400000,1,1,0.05,3.3s,1,0.0001,1000,9.496924,0.3333333,0.003921569,0,0,0.003921569,0,0,0.01960784,0.1647059
45,42,9.81,500,0.7,1,0.3,160,100000,1,0.1,0.05,3.3,1,1,0,400000,1,1,0.05,3.3s,1,0.0001,1000,9.496924,0.3333333,0.003921569,0,0,0.003921569,0,0,0.01960784,0.1647059
45,43,9.81,500,0.7,1,0.3,160,100000,1,0.1,0.05,3.3,1,1,0,400000,1,1,0.05,3.3s,1,0.0001,1000,9.496924,0.3333333,0.003921569,0,0,0.003921569,0,0,0.02352941,0.1647059
45,44,9.81,500,0.7,1,0.3,160,100000,1,0.1,0.05,3.3,1,1,0,400000,1,1,0.05,3.3s,1,0.0001,1000,9.496924,0.3333333,0.003921569,0,0,0.003921569,0,0,0.02352941,0.1647059
45,45,9.81,500,0.7,1,0.3,160,100000,1,0.1,0.05,3.3,1,1,0,400000,1,1,0.05,3.3s,1,0.0001,1000,9.496924,0.3333333,0.003921569,0,0,0.007843138,0,0.003921569,0.02745098,0.1607843
45,46,9.81,500,0.7,1,0.3,160,100000,1,0.1,0.05,3.3,1,1,0,400000,1,1,0.05,3.3s,1,0.0001,1000,9.496924,0.3333333,0.003921569,0,0,0.01568628,0,0,0.03137255,0.1607843
45,47,9.81,500,0.7,1,0.3,160,100000,1,0.1,0.05,3.3,1,1,0,400000,1,1,0.05,3.3s,1,0.0001,1000,9.496924,0.3333333,0.003921569,0,0,0.02352941,0.007843138,0,0.03529412,0.1607843
45,48,9.81,500,0.7,1,0.3,160,100000,1,0.1,0.05,3.3,1,1,0,400000,1,1,0.05,3.3s,1,0.0001,1000,9.496924,0.3333333,0.003921569,0,0,0.02745098,0.01960784,0,0.03921569,0.1607843
45,49,9.81,500,0.7,1,0.3,160,100000,1,0.1,0.05,3.3,1,1,0,400000,1,1,0.05,3.3s,1,0.0001,1000,9.496924,0.3333333,0.003921569,0,0,0.03137255,0.02745098,0,0.04313726,0.1607843
45,50,9.81,500,0.7,1,0.3,160,100000,1,0.1,0.05,3.3,1,1,0,400000,1,1,0.05,3.3s,1,0.0001,1000,9.496924,0.3333333,0,0,0,0.03137255,0.03921569,0,0.04705883,0.1647059
45,51,9.81,500,0.7,1,0.3,160,100000,1,0.1,0.05,3.3,1,1,0,400000,1,1,0.05,3.3s,1,0.0001,1000,9.496924,0.3333333,0,0,0,0.02745098,0.04313726,0,0.0509804,0.1647059
45,52,9.81,500,0.7,1,0.3,160,100000,1,0.1,0.05,3.3,1,1,0,400000,1,1,0.05,3.3s,1,0.0001,1000,9.496924,0.3333333,0,0,0,0.01568628,0.04705883,0,0.05490196,0.1647059
45,53,9.81,500,0.7,1,0.3,160,100000,1,0.1,0.05,3.3,1,1,0,400000,1,1,0.05,3.3s,1,0.0001,1000,9.496924,0.3333333,0,0,0,0,0.04705883,0,0.05882353,0.1647059
45,54,9.81,500,0.7,1,0.3,160,100000,1,0.1,0.05,3.3,1,1,0,400000,1,1,0.05,3.3s,1,0.0001,1000,9.496924,0.3333333,0,0,0,0,0.04705883,0,0.05882353,0.1647059
45,55,9.81,500,0.7,1,0.3,160,100000,1,0.1,0.05,3.3,1,1,0,400000,1,1,0.05,3.3s,1,0.0001,1000,9.496924,0.3333333,0,0,0,0,0.04313726,0,0.0627451,0.1647059
45,56,9.81,500,0.7,1,0.3,160,100000,1,0.1,0.05,3.3,1,1,0,400000,1,1,0.05,3.3s,1,0.0001,1000,9.496924,0.3333333,0,0,0,0,0.03921569,0,0.0627451,0.1647059
45,57,9.81,500,0.7,1,0.3,160,100000,1,0.1,0.05,3.3,1,1,0,400000,1,1,0.05,3.3s,1,0.0001,1000,9.496924,0.3333333,0,0,0,0,0.03137255,0,0.0627451,0.1607843
45,58,9.81,500,0.7,1,0.3,160,100000,1,0.1,0.05,3.3,1,1,0,400000,1,1,0.05,3.3s,1,0.0001,1000,9.496924,0.3333333,0,0,0,0,0.02352941,0,0.0627451,0.1607843
45,59,9.81,500,0.7,1,0.3,160,100000,1,0.1,0.05,3.3,1,1,0,400000,1,1,0.05,3.3s,1,0.0001,1000,9.496924,0.3333333,0,0,0,0,0.01176471,0,0.0627451,0.1568628
45,60,9.81,500,0.7,1,0.3,160,100000,1,0.1,0.05,3.3,1,1,0,400000,1,1,0.05,3.3s,1,0.0001,1000,9.496924,0.3333333,0,0,0,0,0.003921569,0.003921569,0.05882353,0.1568628
45,61,9.81,500,0.7,1,0.3,160,100000,1,0.1,0.05,3.3,1,1,0,400000,1,1,0.05,3.3s,1,0.0001,1000,9.496924,0.3333333,0,0,0,0,0,0.007843138,0.05490196,0.1568628
45,62,9.81,500,0.7,1,0.3,160,100000,1,0.1,0.05,3.3,1,1,0,400000,1,1,0.05,3.3s,1,0.0001,1000,9.496924,0.3333333,0,0,0,0,0,0.007843138,0.05490196,0.1568628
45,63,9.81,500,0.7,1,0.3,160,100000,1,0.1,0.05,3.3,1,1,0,400000,1,1,0.05,3.3s,1,0.0001,1000,9.496924,0.3333333,0,0,0,0,0,0.007843138,0.0509804,0.1568628
46,0,9.81,500,0.7,1,0.3,160,100000,1,0.1,0.05,3.3,1,1,0,400000,1,1,0.05,3.3s,1,0.0001,1000,9.496924,0.3333333,0,0,0,0.007843138,0,0.003921569,0.03921569,0.1607843
46,1,9.81,500,0.7,1,0.3,160,100000,1,0.1,0.05,3.3,1,1,0,400000,1,1,0.05,3.3s,1,0.0001,1000,9.496924,0.3333333,0,0,0,0.01176471,0,0,0.03529412,0.1607843
46,2,9.81,500,0.7,1,0.3,160,100000,1,0.1,0.05,3.3,1,1,0,400000,1,1,0.05,3.3s,1,0.0001,1000,9.496924,0.3333333,0,0,0,0.01176471,0,0,0.03137255,0.1607843
46,3,9.81,500,0.7,1,0.3,160,100000,1,0.1,0.05,3.3,1,1,0,400000,1,1,0.05,3.3s,1,0.0001,1000,9.496924,0.3333333,0,0,0,0.003921569,0.003921569,0,0.03137255,0.1647059
46,4,9.81,500,0.7,1,0.3,160,100000,1,0.1,0.05,3.3,1,1,0,400000,1,1,0.05,3.3s,1,0.0001,1000,9.496924,0.3333333,0,0,0,0,0.003921569,0,0.02745098,0.1647059
46,5,9.81,500,0.7,1,0.3,160,100000,1,0.1,0.05,3.3,1,1,0,400000,1,1,0.05,3.3s,1,0.0001,1000,9.496924,0.3333333,0,0,0,0,0.003921569,0,0.02745098,0.1647059
46,6,9.81,500,0.7,1,0.3,160,100000,1,0.1,0.05,3.3,1,1,0,400000,1,1,0.05,3.3s,1,0.0001,1000,9.496924,0.3333333,0,0,0,0,0.003921569,0,0.02745098,0.1647059
46,7,9.81,500,0.7,1,0.3,160,100000,1,0.1,0.05,3.3,1,1,0,400000,1,1,0.05,3.3s,1,0.0001,1000,9.496924,0.3333333,0,0,0,0,0.003921569,0,0.02745098,0.1647059
46,8,9.81,500,0.7,1,0.3,160,100000,1,0.1,0.05,3.3,1,1,0,400000,1,1,0.05,3.3s,1,0.0001,1000,9.496924,0.3333333,0,0,0,0,0.003921569,0,0.03137255,0.1647059
46,9,9.81,500,0.7,1,0.3,160,100000,1,0.1,0.05,3.3,1,1,0,400000,1,1,0.05,3.3s,1,0.0001,1000,9.496924,0.3333333,0,0,0,0,0,0,0.03137255,0.1647059
46,10,9.81,500,0.7,1,0.3,160,100000,1,0.1,0.05,3.3,1,1,0,400000,1,1,0.05,3.3s,1,0.0001,1000,9.496924,0.3333333,0,0,0,0,0,0,0.03529412,0.1607843
46,11,9.81,500,0.7,1,0.3,160,100000,1,0.1,0.05,3.3,1,1,0,400000,1,1,0.05,3.3s,1,0.0001,1000,9.496924,0.3333333,0,0,0,0,0.003921569,0.003921569,0.03921569,0.1607843
46,12,9.81,500,0.7,1,0.3,160,100000,1,0.1,0.05,3.3,1,1,0,400000,1,1,0.05,3.3s,1,0.0001,1000,9.496924,0.3333333,0,0,0,0,0.003921569,0.01568628,0.03921569,0.1568628
46,13,9.81,500,0.7,1,0.3,160,100000,1,0.1,0.05,3.3,1,1,0,400000,1,1,0.05,3.3s,1,0.0001,1000,9.496924,0.3333333,0,0,0,0,0.007843138,0.02352941,0.04313726,0.1568628
46,14,9.81,500,0.7,1,0.3,160,100000,1,0.1,0.05,3.3,1,1,0,400000,1,1,0.05,3.3s,1,0.0001,1000,9.496924,0.3333333,0,0,0,0,0.01568628,0.03137255,0.04705883,0.1529412
46,15,9.81,500,0.7,1,0.3,160,100000,1,0.1,0.05,3.3,1,1,0,400000,1,1,0.05,3.3s,1,0.0001,1000,9.496924,0.3333333,0,0,0,0,0.01960784,0.03921569,0.04705883,0.1529412
46,16,9.81,500,0.7,1,0.3,160,100000,1,0.1,0.05,3.3,1,1,0,400000,1,1,0.05,3.3s,1,0.0001,1000,9.496924,0.3333333,0,0,0,0,0.02745098,0.04705883,0.0509804,0.1529412
46,17,9.81,500,0.7,1,0.3,160,100000,1,0.1,0.05,3.3,1,1,0,400000,1,1,0.05,3.3s,1,0.0001,1000,9.496924,0.3333333,0,0,0,0,0.03137255,0.05490196,0.0509804,0.1490196
46,18,9.81,500,0.7,1,0.3,160,100000,1,0.1,0.05,3.3,1,1,0,400000,1,1,0.05,3.3s,1,0.0001,1000,9.496924,0.3333333,0,0,0,0,0.03529412,0.0627451,0.05490196,0.1490196
46,19,9.81,500,0.7,1,0.3,160,100000,1,0.1,0.05,3.3,1,1,0,400000,1,1,0.05,3.3s,1,0.0001,1000,9.496924,0.3333333,0,0,0,0,0.03529412,0.06666667,0.05490196,0.1490196
46,20,9.81,500,0.7,1,0.3,160,100000,1,0.1,0.05,3.3,1,1,0,400000,1,1,0.05,3.3s,1,0.0001,1000,9.496924,0.3333333,0,0,0,0.01176471,0.03921569,0.07058824,0.05490196,0.1490196
46,21,9.81,500,0.7,1,0.3,160,100000,1,0.1,0.05,3.3,1,1,0,400000,1,1,0.05,3.3s,1,0.0001,1000,9.496924,0.3333333,0,0,0,0.03529412,0.03529412,0.06666667,0.05490196,0.1490196
46,22,9.81,500,0.7,1,0.3,160,100000,1,0.1,0.05,3.3,1,1,0,400000,1,1,0.05,3.3s,1,0.0001,1000,9.496924,0.3333333,0.003921569,0,0,0.0627451,0.03529412,0.05882353,0.05490196,0.1490196
46,23,9.81,500,0.7,1,0.3,160,100000,1,0.1,0.05,3.3,1,1,0,400000,1,1,0.05,3.3s,1,0.0001,1000,9.496924,0.3333333,0.003921569,0,0,0.08235294,0.03529412,0.04705883,0.05490196,0.1529412
46,24,9.81,500,0.7,1,0.3,160,100000,1,0.1,0.05,3.3,1,1,0,400000,1,1,0.05,3.3s,1,0.0001,1000,9.496924,0.3333333,0.003921569,0,0,0.09411766,0.03529412,0.03137255,0.0509804,0.1529412
46,25,9.81,500,0.7,1,0.3,160,100000,1,0.1,0.05,3.3,1,1,0,400000,1,1,0.05,3.3s,1,0.0001,1000,9.496924,0.3333333,0.003921569,0,0,0.09803922,0.03529412,0.01176471,0.0509804,0.1568628
46,26,9.81,500,0.7,1,0.3,160,100000,1,0.1,0.05,3.3,1,1,0,400000,1,1,0.05,3.3s,1,0.0001,1000,9.496924,0.3333333,0.003921569,0,0,0.09411766,0.03137255,0,0.04705883,0.1607843
46,27,9.81,500,0.7,1,0.3,160,100000,1,0.1,0.05,3.3,1,1,0,400000,1,1,0.05,3.3s,1,0.0001,1000,9.496924,0.3333333,0.003921569,0,0,0.07843138,0.02352941,0,0.04313726,0.1647059
46,28,9.81,500,0.7,1,0.3,160,100000,1,0.1,0.05,3.3,1,1,0,400000,1,1,0.05,3.3s,1,0.0001,1000,9.496924,0.3333333,0.003921569,0,0,0.05882353,0.01176471,0,0.03921569,0.1647059
46,29,9.81,500,0.7,1,0.3,160,100000,1,0.1,0.05,3.3,1,1,0,400000,1,1,0.05,3.3s,1,0.0001,1000,9.496924,0.3333333,0.003921569,0,0,0.03921569,0,0,0.03921569,0.1647059
46,30,9.81,500,0.7,1,0.3,160,100000,1,0.1,0.05,3.3,1,1,0,400000,1,1,0.05,3.3s,1,0.0001,1000,9.496924,0.3333333,0.003921569,0,0,0.01960784,0,0,0.03529412,0.1647059
46,31,9.81,500,0.7,1,0.3,160,100000,1,0.1,0.05,3.3,1,1,0,400000,1,1,0.05,3.3s,1,0.0001,1000,9.496924,0.3333333,0.003921569,0,0,0.007843138,0,0,0.03529412,0.1647059
46,32,9.81,500,0.7,1,0.3,160,100000,1,0.1,0.05,3.3,1,1,0,400000,1,1,0.05,3.3s,1,0.0001,1000,9.496924,0.3333333,0.003921569,0,0,0,0,0,0.03529412,0.1647059
46,33,9.81,500,0.7,1,0.3,160,100000,1,0.1,0.05,3.3,1,1,0,400000,1,1,0.05,3.3s,1,0.0001,1000,9.496924,0.3333333,0.003921569,0,0,0,0,0,0.03529412,0.1607843
46,34,9.81,500,0.7,1,0.3,160,100000,1,0.1,0.05,3.3,1,1,0,400000,1,1,0.05,3.3s,1,0.0001,1000,9.496924,0.3333333,0.003921569,0,0,0,0,0.007843138,0.03529412,0.1607843
46,35,9.81,500,0.7,1,0.3,160,100000,1,0.1,0.05,3.3,1,1,0,400000,1,1,0.05,3.3s,1,0.0001,1000,9.496924,0.3333333,0.003921569,0,0,0.007843138,0,0.01176471,0.03529412,0.1607843
46,36,9.81,500,0.7,1,0.3,160,100000,1,0.1,0.05,3.3,1,1,0,400000,1,1,0.05,3.3s,1,0.0001,1000,9.496924,0.3333333,0.003921569,0,0,0.01960784,0,0.01176471,0.03529412,0.1607843
46,37,9.81,500,0.7,1,0.3,160,100000,1,0.1,0.05,3.3,1,1,0,400000,1,1,0.05,3.3s,1,0.0001,1000,9.496924,0.3333333,0.003921569,0,0,0.02745098,0,0.01176471,0.03137255,0.1607843
46,38,9.81,500,0.7,1,0.3,160,100000,1,0.1,0.05,3.3,1,1,0,400000,1,1,0.05,3.3s,1,0.0001,1000,9.496924,0.3333333,0.003921569,0,0,0.03137255,0,0.007843138,0.03137255,0.1607843
46,39,9.81,500,0.7,1,0.3,160,100000,1,0.1,0.05,3.3,1,1,0,400000,1,1,0.05,3.3s,1,0.0001,1000,9.496924,0.3333333,0.003921569,0,0,0.03137255,0,0.003921569,0.03137255,0.1607843
46,40,9.81,500,0.7,1,0.3,160,100000,1,0.1,0.05,3.3,1,1,0,400000,1,1,0.05,3.3s,1,0.0001,1000,9.496924,0.3333333,0.003921569,0,0,0.03137255,0,0,0.02745098,0.1607843
46,41,9.81,500,0.7,1,0.3,160,100000,1,0.1,0.05,3.3,1,1,0,400000,1,1,0.05,3.3s,1,0.0001,1000,9.496924,0.3333333,0.003921569,0,0,0.02745098,0,0,0.02745098,0.1647059
46,42,9.81,500,0.7,1,0.3,160,100000,1,0.1,0.05,3.3,1,1,0,400000,1,1,0.05,3.3s,1,0.0001,1000,9.496924,0.3333333,0.003921569,0,0,0.02745098,0,0,0.02745098,0.1647059
46,43,9.81,500,0.7,1,0.3,160,100000,1,0.1,0.05,3.3,1,1,0,400000,1,1,0.05,3.3s,1,0.0001,1000,9.496924,0.3333333,0.003921569,0,0,0.02352941,0,0,0.02745098,0.1647059
46,44,9.81,500,0.7,1,0.3,160,100000,1,0.1,0.05,3.3,1,1,0,400000,1,1,0.05,3.3s,1,0.0001,1000,9.496924,0.3333333,0.003921569,0,0,0.02745098,0,0,0.02745098,0.1647059
46,45,9.81,500,0.7,1,0.3,160,100000,1,0.1,0.05,3.3,1,1,0,400000,1,1,0.05,3.3s,1,0.0001,1000,9.496924,0.3333333,0.003921569,0,0,0.02745098,0,0,0.02745098,0.1607843
46,46,9.81,500,0.7,1,0.3,160,100000,1,0.1,0.05,3.3,1,1,0,400000,1,1,0.05,3.3s,1,0.0001,1000,9.496924,0.3333333,0.003921569,0,0,0.03137255,0,0,0.03137255,0.1607843
46,47,9.81,500,0.7,1,0.3,160,100000,1,0.1,0.05,3.3,1,1,0,400000,1,1,0.05,3.3s,1,0.0001,1000,9.496924,0.3333333,0.003921569,0,0,0.03529412,0.01568628,0,0.03529412,0.1607843
46,48,9.81,500,0.7,1,0.3,160,100000,1,0.1,0.05,3.3,1,1,0,400000,1,1,0.05,3.3s,1,0.0001,1000,9.496924,0.3333333,0.003921569,0,0,0.03921569,0.03137255,0,0.03921569,0.1647059
46,49,9.81,500,0.7,1,0.3,160,100000,1,0.1,0.05,3.3,1,1,0,400000,1,1,0.05,3.3s,1,0.0001,1000,9.496924,0.3333333,0.003921569,0,0,0.03921569,0.04313726,0,0.04313726,0.1647059
46,50,9.81,500,0.7,1,0.3,160,100000,1,0.1,0.05,3.3,1,1,0,400000,1,1,0.05,3.3s,1,0.0001,1000,9.496924,0.3333333,0.003921569,0,0,0.03921569,0.05490196,0,0.04705883,0.1647059
46,51,9.81,500,0.7,1,0.3,160,100000,1,0.1,0.05,3.3,1,1,0,400000,1,1,0.05,3.3s,1,0.0001,1000,9.496924,0.3333333,0,0,0,0.03137255,0.0627451,0,0.0509804,0.1647059
46,52,9.81,500,0.7,1,0.3,160,100000,1,0.1,0.05,3.3,1,1,0,400000,1,1,0.05,3.3s,1,0.0001,1000,9.496924,0.3333333,0,0,0,0.01960784,0.06666667,0,0.0509804,0.1686275
46,53,9.81,500,0.7,1,0.3,160,100000,1,0.1,0.05,3.3,1,1,0,400000,1,1,0.05,3.3s,1,0.0001,1000,9.496924,0.3333333,0,0,0,0,0.07058824,0,0.05490196,0.1686275
46,54,9.81,500,0.7,1,0.3,160,100000,1,0.1,0.05,3.3,1,1,0,400000,1,1,0.05,3.3s,1,0.0001,1000,9.496924,0.3333333,0,0,0.003921569,0,0.07058824,0,0.05490196,0.1686275
46,55,9.81,500,0.7,1,0.3,160,100000,1,0.1,0.05,3.3,1,1,0,400000,1,1,0.05,3.3s,1,0.0001,1000,9.496924,0.3333333,0,0,0,0,0.06666667,0,0.05882353,0.1647059
46,56,9.81,500,0.7,1,0.3,160,100000,1,0.1,0.05,3.3,1,1,0,400000,1,1,0.05,3.3s,1,0.0001,1000,9.496924,0.3333333,0,0,0,0,0.05882353,0,0.05882353,0.1647059
46,57,9.81,500,0.7,1,0.3,160,100000,1,0.1,0.05,3.3,1,1,0,400000,1,1,0.05,3.3s,1,0.0001,1000,9.496924,0.3333333,0,0,0,0,0.0509804,0,0.05882353,0.1607843
46,58,9.81,500,0.7,1,0.3,160,100000,1,0.1,0.05,3.3,1,1,0,400000,1,1,0.05,3.3s,1,0.0001,1000,9.496924,0.3333333,0,0,0,0,0.04313726,0,0.05882353,0.1607843
46,59,9.81,500,0.7,1,0.3,160,100000,1,0.1,0.05,3.3,1,1,0,400000,1,1,0.05,3.3s,1,0.0001,1000,9.496924,0.3333333,0,0,0,0,0.03137255,0,0.05882353,0.1568628
46,60,9.81,500,0.7,1,0.3,160,100000,1,0.1,0.05,3.3,1,1,0,400000,1,1,0.05,3.3s,1,0.0001,1000,9.496924,0.3333333,0,0,0,0,0.01960784,0.007843138,0.05490196,0.1568628
46,61,9.81,500,0.7,1,0.3,160,100000,1,0.1,0.05,3.3,1,1,0,400000,1,1,0.05,3.3s,1,0.0001,1000,9.496924,0.3333333,0,0,0,0,0.01176471,0.01176471,0.05490196,0.1568628
46,62,9.81,500,0.7,1,0.3,160,100000,1,0.1,0.05,3.3,1,1,0,400000,1,1,0.05,3.3s,1,0.0001,1000,9.496924,0.3333333,0,0,0,0,0.003921569,0.01176471,0.0509804,0.1568628
46,63,9.81,500,0.7,1,0.3,160,100000,1,0.1,0.05,3.3,1,1,0,400000,1,1,0.05,3.3s,1,0.0001,1000,9.496924,0.3333333,0,0,0,0,0.003921569,0.01176471,0.04705883,0.1568628
47,0,9.81,500,0.7,1,0.3,160,100000,1,0.1,0.05,3.3,1,1,0,400000,1,1,0.05,3.3s,1,0.0001,1000,9.496924,0.3333333,0,0,0,0.003921569,0.007843138,0.007843138,0.03529412,0.1607843
47,1,9.81,500,0.7,1,0.3,160,100000,1,0.1,0.05,3.3,1,1,0,400000,1,1,0.05,3.3s,1,0.0001,1000,9.496924,0.3333333,0,0,0,0.007843138,0.003921569,0,0.03137255,0.1607843
47,2,9.81,500,0.7,1,0.3,160,100000,1,0.1,0.05,3.3,1,1,0,400000,1,1,0.05,3.3s,1,0.0001,1000,9.496924,0.3333333,0,0,0,0.01176471,0.003921569,0,0.02745098,0.1647059
47,3,9.81,500,0.7,1,0.3,160,100000,1,0.1,0.05,3.3,1,1,0,400000,1,1,0.05,3.3s,1,0.0001,1000,9.496924,0.3333333,0,0,0,0.003921569,0.003921569,0,0.02352941,0.1647059
47,4,9.81,500,0.7,1,0.3,160,100000,1,0.1,0.05,3.3,1,1,0,400000,1,1,0.05,3.3s,1,0.0001,1000,9.496924,0.3333333,0,0,0,0,0.003921569,0,0.02352941,0.1647059
47,5,9.81,500,0.7,1,0.3,160,100000,1,0.1,0.05,3.3,1,1,0,400000,1,1,0.05,3.3s,1,0.0001,1000,9.496924,0.3333333,0,0,0,0,0.003921569,0,0.01960784,0.1686275
47,6,9.81,500,0.7,1,0.3,160,100000,1,0.1,0.05,3.3,1,1,0,400000,1,1,0.05,3.3s,1,0.0001,1000,9.496924,0.3333333,0,0,0,0,0.003921569,0,0.01960784,0.1686275
47,7,9.81,500,0.7,1,0.3,160,100000,1,0.1,0.05,3.3,1,1,0,400000,1,1,0.05,3.3s,1,0.0001,1000,9.496924,0.3333333,0,0,0,0,0.003921569,0,0.01960784,0.1686275
47,8,9.81,500,0.7,1,0.3,160,100000,1,0.1,0.05,3.3,1,1,0,400000,1,1,0.05,3.3s,1,0.0001,1000,9.496924,0.3333333,0,0,0,0,0.003921569,0,0.02352941,0.1647059
47,9,9.81,500,0.7,1,0.3,160,100000,1,0.1,0.05,3.3,1,1,0,400000,1,1,0.05,3.3s,1,0.0001,1000,9.496924,0.3333333,0,0,0,0,0.003921569,0,0.02352941,0.1647059
47,10,9.81,500,0.7,1,0.3,160,100000,1,0.1,0.05,3.3,1,1,0,400000,1,1,0.05,3.3s,1,0.0001,1000,9.496924,0.3333333,0,0,0,0,0.003921569,0,0.02745098,0.1607843
47,11,9.81,500,0.7,1,0.3,160,100000,1,0.1,0.05,3.3,1,1,0,400000,1,1,0.05,3.3s,1,0.0001,1000,9.496924,0.3333333,0,0,0,0,0.007843138,0.007843138,0.02745098,0.1607843
47,12,9.81,500,0.7,1,0.3,160,100000,1,0.1,0.05,3.3,1,1,0,400000,1,1,0.05,3.3s,1,0.0001,1000,9.496924,0.3333333,0,0,0,0,0.01176471,0.01960784,0.03137255,0.1568628
47,13,9.81,500,0.7,1,0.3,160,100000,1,0.1,0.05,3.3,1,1,0,400000,1,1,0.05,3.3s,1,0.0001,1000,9.496924,0.3333333,0,0,0,0,0.01568628,0.02745098,0.03529412,0.1568628
47,14,9.81,500,0.7,1,0.3,160,100000,1,0.1,0.05,3.3,1,1,0,400000,1,1,0.05,3.3s,1,0.0001,1000,9.496924,0.3333333,0,0,0,0,0.01960784,0.03137255,0.03529412,0.1568628
47,15,9.81,500,0.7,1,0.3,160,100000,1,0.1,0.05,3.3,1,1,0,400000,1,1,0.05,3.3s,1,0.0001,1000,9.496924,0.3333333,0,0,0,0,0.02745098,0.03921569,0.03921569,0.1529412
47,16,9.81,500,0.7,1,0.3,160,100000,1,0.1,0.05,3.3,1,1,0,400000,1,1,0.05,3.3s,1,0.0001,1000,9.496924,0.3333333,0,0,0,0,0.03529412,0.04313726,0.04313726,0.1529412
47,17,9.81,500,0.7,1,0.3,160,100000,1,0.1,0.05,3.3,1,1,0,400000,1,1,0.05,3.3s,1,0.0001,1000,9.496924,0.3333333,0,0,0,0,0.03921569,0.0509804,0.04705883,0.1529412
47,18,9.81,500,0.7,1,0.3,160,100000,1,0.1,0.05,3.3,1,1,0,400000,1,1,0.05,3.3s,1,0.0001,1000,9.496924,0.3333333,0,0,0,0,0.04313726,0.05882353,0.04705883,0.1490196
47,19,9.81,500,0.7,1,0.3,160,100000,1,0.1,0.05,3.3,1,1,0,400000,1,1,0.05,3.3s,1,0.0001,1000,9.496924,0.3333333,0,0,0,0,0.04705883,0.0627451,0.0509804,0.1490196
47,20,9.81,500,0.7,1,0.3,160,100000,1,0.1,0.05,3.3,1,1,0,400000,1,1,0.05,3.3s,1,0.0001,1000,9.496924,0.3333333,0,0,0,0.01176471,0.04705883,0.06666667,0.05490196,0.1490196
47,21,9.81,500,0.7,1,0.3,160,100000,1,0.1,0.05,3.3,1,1,0,400000,1,1,0.05,3.3s,1,0.0001,1000,9.496924,0.3333333,0,0,0,0.03529412,0.04705883,0.0627451,0.05490196,0.1490196
47,22,9.81,500,0.7,1,0.3,160,100000,1,0.1,0.05,3.3,1,1,0,400000,1,1,0.05,3.3s,1,0.0001,1000,9.496924,0.3333333,0.003921569,0,0,0.05882353,0.04705883,0.05490196,0.05490196,0.1490196
47,23,9.81,500,0.7,1,0.3,160,100000,1,0.1,0.05,3.3,1,1,0,400000,1,1,0.05,3.3s,1,0.0001,1000,9.496924,0.3333333,0.003921569,0,0,0.08235294,0.04705883,0.04313726,0.05490196,0.1529412
47,24,9.81,500,0.7,1,0.3,160,100000,1,0.1,0.05,3.3,1,1,0,400000,1,1,0.05,3.3s,1,0.0001,1000,9.496924,0.3333333,0.003921569,0,0,0.09411766,0.04313726,0.02352941,0.05490196,0.1529412
47,25,9.81,500,0.7,1,0.3,160,100000,1,0.1,0.05,3.3,1,1,0,400000,1,1,0.05,3.3s,1,0.0001,1000,9.496924,0.3333333,0.003921569,0,0,0.09411766,0.04313726,0.003921569,0.0509804,0.1568628
47,26,9.81,500,0.7,1,0.3,160,100000,1,0.1,0.05,3.3,1,1,0,400000,1,1,0.05,3.3s,1,0.0001,1000,9.496924,0.3333333,0.003921569,0,0,0.08627451,0.03921569,0,0.0509804,0.1607843
47,27,9.81,500,0.7,1,0.3,160,100000,1,0.1,0.05,3.3,1,1,0,400000,1,1,0.05,3.3s,1,0.0001,1000,9.496924,0.3333333,0.003921569,0,0,0.06666667,0.03137255,0,0.04705883,0.1647059
47,28,9.81,500,0.7,1,0.3,160,100000,1,0.1,0.05,3.3,1,1,0,400000,1,1,0.05,3.3s,1,0.0001,1000,9.496924,0.3333333,0.003921569,0,0,0.04313726,0.01960784,0,0.04705883,0.1647059
47,29,9.81,500,0.7,1,0.3,160,100000,1,0.1,0.05,3.3,1,1,0,400000,1,1,0.05,3.3s,1,0.0001,1000,9.496924,0.3333333,0.003921569,0,0,0.01960784,0,0,0.04705883,0.1647059
47,30,9.81,500,0.7,1,0.3,160,100000,1,0.1,0.05,3.3,1,1,0,400000,1,1,0.05,3.3s,1,0.0001,1000,9.496924,0.3333333,0.003921569,0,0,0,0,0,0.04705883,0.1647059
47,31,9.81,500,0.7,1,0.3,160,100000,1,0.1,0.05,3.3,1,1,0,400000,1,1,0.05,3.3s,1,0.0001,1000,9.496924,0.3333333,0,0,0,0,0,0,0.04705883,0.1647059
47,32,9.81,500,0.7,1,0.3,160,100000,1,0.1,0.05,3.3,1,1,0,400000,1,1,0.05,3.3s,1,0.0001,1000,9.496924,0.3333333,0,0,0,0,0,0,0.04705883,0.1607843
47,33,9.81,500,0.7,1,0.3,160,100000,1,0.1,0.05,3.3,1,1,0,400000,1,1,0.05,3.3s,1,0.0001,1000,9.496924,0.3333333,0,0,0,0,0,0.007843138,0.04705883,0.1568628
47,34,9.81,500,0.7,1,0.3,160,100000,1,0.1,0.05,3.3,1,1,0,400000,1,1,0.05,3.3s,1,0.0001,1000,9.496924,0.3333333,0,0,0,0,0,0.01960784,0.04705883,0.1568628
47,35,9.81,500,0.7,1,0.3,160,100000,1,0.1,0.05,3.3,1,1,0,400000,1,1,0.05,3.3s,1,0.0001,1000,9.496924,0.3333333,0.003921569,0,0,0,0,0.02745098,0.04705883,0.1568628
47,36,9.81,500,0.7,1,0.3,160,100000,1,0.1,0.05,3.3,1,1,0,400000,1,1,0.05,3.3s,1,0.0001,1000,9.496924,0.3333333,0.003921569,0,0,0.01176471,0,0.02745098,0.04705883,0.1529412
47,37,9.81,500,0.7,1,0.3,160,100000,1,0.1,0.05,3.3,1,1,0,400000,1,1,0.05,3.3s,1,0.0001,1000,9.496924,0.3333333,0.003921569,0,0,0.02745098,0,0.02745098,0.04313726,0.1568628
47,38,9.81,500,0.7,1,0.3,160,100000,1,0.1,0.05,3.3,1,1,0,400000,1,1,0.05,3.3s,1,0.0001,1000,9.496924,0.3333333,0.003921569,0,0,0.03921569,0,0.02352941,0.04313726,0.1568628
47,39,9.81,500,0.7,1,0.3,160,100000,1,0.1,0.05,3.3,1,1,0,400000,1,1,0.05,3.3s,1,0.0001,1000,9.496924,0.3333333,0.003921569,0,0,0.04705883,0,0.01960784,0.03921569,0.1568628
47,40,9.81,500,0.7,1,0.3,160,100000,1,0.1,0.05,3.3,1,1,0,400000,1,1,0.05,3.3s,1,0.0001,1000,9.496924,0.3333333,0.003921569,0,0,0.0509804,0,0.01176471,0.03529412,0.1607843
47,41,9.81,500,0.7,1,0.3,160,100000,1,0.1,0.05,3.3,1,1,0,400000,1,1,0.05,3.3s,1,0.0001,1000,9.496924,0.3333333,0.003921569,0,0,0.0509804,0,0.007843138,0.03137255,0.1607843
47,42,9.81,500,0.7,1,0.3,160,100000,1,0.1,0.05,3.3,1,1,0,400000,1,1,0.05,3.3s,1,0.0001,1000,9.496924,0.3333333,0.003921569,0,0,0.04705883,0,0.003921569,0.03137255,0.1607843
47,43,9.81,500,0.7,1,0.3,160,100000,1,0.1,0.05,3.3,1,1,0,400000,1,1,0.05,3.3s,1,0.0001,1000,9.496924,0.3333333,0.003921569,0,0,0.04705883,0,0.003921569,0.03137255,0.1607843
47,44,9.81,500,0.7,1,0.3,160,100000,1,0.1,0.05,3.3,1,1,0,400000,1,1,0.05,3.3s,1,0.0001,1000,9.496924,0.3333333,0.003921569,0,0,0.04705883,0,0,0.03137255,0.1607843
47,45,9.81,500,0.7,1,0.3,160,100000,1,0.1,0.05,3.3,1,1,0,400000,1,1,0.05,3.3s,1,0.0001,1000,9.496924,0.3333333,0.003921569,0,0,0.04705883,0,0,0.03137255,0.1647059
47,46,9.81,500,0.7,1,0.3,160,100000,1,0.1,0.05,3.3,1,1,0,400000,1,1,0.05,3.3s,1,0.0001,1000,9.496924,0.3333333,0.003921569,0,0,0.0509804,0.007843138,0,0.03137255,0.1647059
47,47,9.81,500,0.7,1,0.3,160,100000,1,0.1,0.05,3.3,1,1,0,400000,1,1,0.05,3.3s,1,0.0001,1000,9.496924,0.3333333,0.003921569,0,0,0.05490196,0.02352941,0,0.03529412,0.1647059
47,48,9.81,500,0.7,1,0.3,160,100000,1,0.1,0.05,3.3,1,1,0,400000,1,1,0.05,3.3s,1,0.0001,1000,9.496924,0.3333333,0.003921569,0,0,0.05490196,0.04313726,0,0.03529412,0.1647059
47,49,9.81,500,0.7,1,0.3,160,100000,1,0.1,0.05,3.3,1,1,0,400000,1,1,0.05,3.3s,1,0.0001,1000,9.496924,0.3333333,0.003921569,0,0,0.05490196,0.05490196,0,0.03921569,0.1647059
47,50,9.81,500,0.7,1,0.3,160,100000,1,0.1,0.05,3.3,1,1,0,400000,1,1,0.05,3.3s,1,0.0001,1000,9.496924,0.3333333,0.003921569,0,0,0.0509804,0.06666667,0,0.03921569,0.1686275
47,51,9.81,500,0.7,1,0.3,160,100000,1,0.1,0.05,3.3,1,1,0,400000,1,1,0.05,3.3s,1,0.0001,1000,9.496924,0.3333333,0.003921569,0,0.003921569,0.03921569,0.07843138,0,0.04313726,0.1686275
47,52,9.81,500,0.7,1,0.3,160,100000,1,0.1,0.05,3.3,1,1,0,400000,1,1,0.05,3.3s,1,0.0001,1000,9.496924,0.3333333,0,0,0.003921569,0.02352941,0.08627451,0,0.04705883,0.1686275
47,53,9.81,500,0.7,1,0.3,160,100000,1,0.1,0.05,3.3,1,1,0,400000,1,1,0.05,3.3s,1,0.0001,1000,9.496924,0.3333333,0,0.003921569,0.003921569,0.003921569,0.09019608,0,0.04705883,0.1686275
47,54,9.81,500,0.7,1,0.3,160,100000,1,0.1,0.05,3.3,1,1,0,400000,1,1,0.05,3.3s,1,0.0001,1000,9.496924,0.3333333,0,0,0.003921569,0,0.09019608,0,0.04705883,0.1686275
47,55,9.81,500,0.7,1,0.3,160,100000,1,0.1,0.05,3.3,1,1,0,400000,1,1,0.05,3.3s,1,0.0001,1000,9.496924,0.3333333,0,0,0.003921569,0,0.08627451,0,0.0509804,0.1686275
47,56,9.81,500,0.7,1,0.3,160,100000,1,0.1,0.05,3.3,1,1,0,400000,1,1,0.05,3.3s,1,0.0001,1000,9.496924,0.3333333,0,0,0.003921569,0,0.08235294,0,0.0509804,0.1686275
47,57,9.81,500,0.7,1,0.3,160,100000,1,0.1,0.05,3.3,1,1,0,400000,1,1,0.05,3.3s,1,0.0001,1000,9.496924,0.3333333,0,0,0.003921569,0,0.07058824,0,0.0509804,0.1647059
47,58,9.81,500,0.7,1,0.3,160,100000,1,0.1,0.05,3.3,1,1,0,400000,1,1,0.05,3.3s,1,0.0001,1000,9.496924,0.3333333,0,0,0,0,0.0627451,0,0.0509804,0.1607843
47,59,9.81,500,0.7,1,0.3,160,100000,1,0.1,0.05,3.3,1,1,0,400000,1,1,0.05,3.3s,1,0.0001,1000,9.496924,0.3333333,0,0,0,0,0.0509804,0,0.0509804,0.1607843
47,60,9.81,500,0.7,1,0.3,160,100000,1,0.1,0.05,3.3,1,1,0,400000,1,1,0.05,3.3s,1,0.0001,1000,9.496924,0.3333333,0,0,0,0,0.03921569,0.007843138,0.0509804,0.1568628
47,61,9.81,500,0.7,1,0.3,160,100000,1,0.1,0.05,3.3,1,1,0,400000,1,1,0.05,3.3s,1,0.0001,1000,9.496924,0.3333333,0,0,0,0,0.02745098,0.01568628,0.04705883,0.1568628
47,62,9.81,500,0.7,1,0.3,160,100000,1,0.1,0.05,3.3,1,1,0,400000,1,1,0.05,3.3s,1,0.0001,1000,9.496924,0.3333333,0,0,0,0,0.01960784,0.01568628,0.04313726,0.1568628
47,63,9.81,500,0.7,1,0.3,160,100000,1,0.1,0.05,3.3,1,1,0,400000,1,1,0.05,3.3s,1,0.0001,1000,9.496924,0.3333333,0,0,0,0,0.01176471,0.01568628,0.04313726,0.1568628
48,0,9.81,500,0.7,1,0.3,160,100000,1,0.1,0.05,3.3,1,1,0,400000,1,1,0.05,3.3s,1,0.0001,1000,9.496924,0.3333333,0,0,0,0,0.01568628,0.01176471,0.03137255,0.1607843
48,1,9.81,500,0.7,1,0.3,160,100000,1,0.1,0.05,3.3,1,1,0,400000,1,1,0.05,3.3s,1,0.0001,1000,9.496924,0.3333333,0,0,0,0.007843138,0.007843138,0.003921569,0.02745098,0.1607843
48,2,9.81,500,0.7,1,0.3,160,100000,1,0.1,0.05,3.3,1,1,0,400000,1,1,0.05,3.3s,1,0.0001,1000,9.496924,0.3333333,0,0,0,0.007843138,0.003921569,0,0.02352941,0.1647059
48,3,9.81,500,0.7,1,0.3,160,100000,1,0.1,0.05,3.3,1,1,0,400000,1,1,0.05,3.3s,1,0.0001,1000,9.496924,0.3333333,0,0,0,0.003921569,0.003921569,0,0.01960784,0.1647059
48,4,9.81,500,0.7,1,0.3,160,100000,1,0.1,0.05,3.3,1,1,0,400000,1,1,0.05,3.3s,1,0.0001,1000,9.496924,0.3333333,0,0,0,0,0,0,0.01960784,0.1647059
48,5,9.81,500,0.7,1,0.3,160,100000,1,0.1,0.05,3.3,1,1,0,400000,1,1,0.05,3.3s,1,0.0001,1000,9.496924,0.3333333,0,0,0,0,0,0,0.01568628,0.1686275
48,6,9.81,500,0.7,1,0.3,160,100000,1,0.1,0.05,3.3,1,1,0,400000,1,1,0.05,3.3s,1,0.0001,1000,9.496924,0.3333333,0,0,0,0,0,0,0.01568628,0.1686275
48,7,9.81,500,0.7,1,0.3,160,100000,1,0.1,0.05,3.3,1,1,0,400000,1,1,0.05,3.3s,1,0.0001,1000,9.496924,0.3333333,0,0,0,0,0,0,0.01568628,0.1686275
48,8,9.81,500,0.7,1,0.3,160,100000,1,0.1,0.05,3.3,1,1,0,400000,1,1,0.05,3.3s,1,0.0001,1000,9.496924,0.3333333,0,0,0,0,0,0,0.01568628,0.1686275
48,9,9.81,500,0.7,1,0.3,160,100000,1,0.1,0.05,3.3,1,1,0,400000,1,1,0.05,3.3s,1,0.0001,1000,9.496924,0.3333333,0,0,0,0,0.003921569,0,0.01568628,0.1647059
48,10,9.81,500,0.7,1,0.3,160,100000,1,0.1,0.05,3.3,1,1,0,400000,1,1,0.05,3.3s,1,0.0001,1000,9.496924,0.3333333,0,0,0,0,0.003921569,0.003921569,0.01960784,0.1647059
48,11,9.81,500,0.7,1,0.3,160,100000,1,0.1,0.05,3.3,1,1,0,400000,1,1,0.05,3.3s,1,0.0001,1000,9.496924,0.3333333,0,0,0,0,0.007843138,0.01176471,0.01960784,0.1607843
48,12,9.81,500,0.7,1,0.3,160,100000,1,0.1,0.05,3.3,1,1,0,400000,1,1,0.05,3.3s,1,0.0001,1000,9.496924,0.3333333,0,0,0,0,0.01176471,0.02352941,0.02352941,0.1607843
48,13,9.81,500,0.7,1,0.3,160,100000,1,0.1,0.05,3.3,1,1,0,400000,1,1,0.05,3.3s,1,0.0001,1000,9.496924,0.3333333,0,0,0,0,0.01568628,0.02745098,0.02745098,0.1568628
48,14,9.81,500,0.7,1,0.3,160,100000,1,0.1,0.05,3.3,1,1,0,400000,1,1,0.05,3.3s,1,0.0001,1000,9.496924,0.3333333,0,0,0,0,0.02352941,0.03529412,0.02745098,0.1568628
48,15,9.81,500,0.7,1,0.3,160,100000,1,0.1,0.05,3.3,1,1,0,400000,1,1,0.05,3.3s,1,0.0001,1000,9.496924,0.3333333,0,0,0,0,0.03137255,0.03921569,0.03137255,0.1568628
48,16,9.81,500,0.7,1,0.3,160,100000,1,0.1,0.05,3.3,1,1,0,400000,1,1,0.05,3.3s,1,0.0001,1000,9.496924,0.3333333,0,0,0,0,0.03921569,0.04313726,0.03529412,0.1529412
48,17,9.81,500,0.7,1,0.3,160,100000,1,0.1,0.05,3.3,1,1,0,400000,1,1,0.05,3.3s,1,0.0001,1000,9.496924,0.3333333,0,0,0,0,0.04705883,0.04705883,0.03921569,0.1529412
48,18,9.81,500,0.7,1,0.3,160,100000,1,0.1,0.05,3.3,1,1,0,400000,1,1,0.05,3.3s,1,0.0001,1000,9.496924,0.3333333,0,0,0.003921569,0,0.0509804,0.05490196,0.04313726,0.1529412
48,19,9.81,500,0.7,1,0.3,160,100000,1,0.1,0.05,3.3,1,1,0,400000,1,1,0.05,3.3s,1,0.0001,1000,9.496924,0.3333333,0,0,0.003921569,0,0.05490196,0.05882353,0.04705883,0.1490196
48,20,9.81,500,0.7,1,0.3,160,100000,1,0.1,0.05,3.3,1,1,0,400000,1,1,0.05,3.3s,1,0.0001,1000,9.496924,0.3333333,0,0,0.003921569,0.01176471,0.05490196,0.0627451,0.0509804,0.1490196
48,21,9.81,500,0.7,1,0.3,160,100000,1,0.1,0.05,3.3,1,1,0,400000,1,1,0.05,3.3s,1,0.0001,1000,9.496924,0.3333333,0,0,0.003921569,0.03529412,0.05882353,0.05882353,0.05490196,0.1490196
48,22,9.81,500,0.7,1,0.3,160,100000,1,0.1,0.05,3.3,1,1,0,400000,1,1,0.05,3.3s,1,0.0001,1000,9.496924,0.3333333,0.003921569,0,0.003921569,0.05882353,0.05882353,0.0509804,0.05490196,0.1490196
48,23,9.81,500,0.7,1,0.3,160,100000,1,0.1,0.05,3.3,1,1,0,400000,1,1,0.05,3.3s,1,0.0001,1000,9.496924,0.3333333,0.003921569,0,0.003921569,0.07843138,0.05882353,0.03529412,0.05490196,0.1529412
48,24,9.81,500,0.7,1,0.3,160,100000,1,0.1,0.05,3.3,1,1,0,400000,1,1,0.05,3.3s,1,0.0001,1000,9.496924,0.3333333,0.003921569,0,0.003921569,0.09019608,0.05490196,0.01568628,0.05490196,0.1568628
48,25,9.81,500,0.7,1,0.3,160,100000,1,0.1,0.05,3.3,1,1,0,400000,1,1,0.05,3.3s,1,0.0001,1000,9.496924,0.3333333,0.003921569,0,0.003921569,0.09411766,0.05490196,0,0.05490196,0.1607843
48,26,9.81,500,0.7,1,0.3,160,100000,1,0.1,0.05,3.3,1,1,0,400000,1,1,0.05,3.3s,1,0.0001,1000,9.496924,0.3333333,0.003921569,0,0,0.07843138,0.0509804,0,0.05490196,0.1607843
48,27,9.81,500,0.7,1,0.3,160,100000,1,0.1,0.05,3.3,1,1,0,400000,1,1,0.05,3.3s,1,0.0001,1000,9.496924,0.3333333,0.003921569,0,0,0.05882353,0.03921569,0,0.0509804,0.1647059
48,28,9.81,500,0.7,1,0.3,160,100000,1,0.1,0.05,3.3,1,1,0,400000,1,1,0.05,3.3s,1,0.0001,1000,9.496924,0.3333333,0.003921569,0,0,0.03137255,0.02745098,0,0.0509804,0.1647059
48,29,9.81,500,0.7,1,0.3,160,100000,1,0.1,0.05,3.3,1,1,0,400000,1,1,0.05,3.3s,1,0.0001,1000,9.496924,0.3333333,0,0,0,0,0.01176471,0,0.0509804,0.1647059
48,30,9.81,500,0.7,1,0.3,160,100000,1,0.1,0.05,3.3,1,1,0,400000,1,1,0.05,3.3s,1,0.0001,1000,9.496924,0.3333333,0,0,0,0,0,0,0.0509804,0.1647059
48,31,9.81,500,0.7,1,0.3,160,100000,1,0.1,0.05,3.3,1,1,0,400000,1,1,0.05,3.3s,1,0.0001,1000,9.496924,0.3333333,0,0,0,0,0,0,0.05490196,0.1607843
48,32,9.81,500,0.7,1,0.3,160,100000,1,0.1,0.05,3.3,1,1,0,400000,1,1,0.05,3.3s,1,0.0001,1000,9.496924,0.3333333,0,0,0,0,0,0,0.05490196,0.1607843
48,33,9.81,500,0.7,1,0.3,160,100000,1,0.1,0.05,3.3,1,1,0,400000,1,1,0.05,3.3s,1,0.0001,1000,9.496924,0.3333333,0,0,0,0,0,0.01176471,0.05490196,0.1568628
48,34,9.81,500,0.7,1,0.3,160,100000,1,0.1,0.05,3.3,1,1,0,400000,1,1,0.05,3.3s,1,0.0001,1000,9.496924,0.3333333,0,0,0,0,0,0.02745098,0.05882353,0.1529412
48,35,9.81,500,0.7,1,0.3,160,100000,1,0.1,0.05,3.3,1,1,0,400000,1,1,0.05,3.3s,1,0.0001,1000,9.496924,0.3333333,0,0,0,0,0,0.03921569,0.05882353,0.1529412
48,36,9.81,500,0.7,1,0.3,160,100000,1,0.1,0.05,3.3,1,1,0,400000,1,1,0.05,3.3s,1,0.0001,1000,9.496924,0.3333333,0.003921569,0,0,0.003921569,0,0.04705883,0.05490196,0.1529412
48,37,9.81,500,0.7,1,0.3,160,100000,1,0.1,0.05,3.3,1,1,0,400000,1,1,0.05,3.3s,1,0.0001,1000,9.496924,0.3333333,0.003921569,0,0,0.02745098,0,0.04705883,0.05490196,0.1529412
48,38,9.81,500,0.7,1,0.3,160,100000,1,0.1,0.05,3.3,1,1,0,400000,1,1,0.05,3.3s,1,0.0001,1000,9.496924,0.3333333,0.003921569,0,0,0.04313726,0,0.03921569,0.0509804,0.1529412
48,39,9.81,500,0.7,1,0.3,160,100000,1,0.1,0.05,3.3,1,1,0,400000,1,1,0.05,3.3s,1,0.0001,1000,9.496924,0.3333333,0.003921569,0,0,0.05882353,0,0.03137255,0.04705883,0.1529412
48,40,9.81,500,0.7,1,0.3,160,100000,1,0.1,0.05,3.3,1,1,0,400000,1,1,0.05,3.3s,1,0.0001,1000,9.496924,0.3333333,0.003921569,0,0,0.06666667,0,0.02352941,0.04313726,0.1568628
48,41,9.81,500,0.7,1,0.3,160,100000,1,0.1,0.05,3.3,1,1,0,400000,1,1,0.05,3.3s,1,0.0001,1000,9.496924,0.3333333,0.003921569,0,0,0.07058824,0,0.01568628,0.03921569,0.1568628
48,42,9.81,500,0.7,1,0.3,160,100000,1,0.1,0.05,3.3,1,1,0,400000,1,1,0.05,3.3s,1,0.0001,1000,9.496924,0.3333333,0.003921569,0,0,0.07058824,0,0.01176471,0.03529412,0.1607843
48,43,9.81,500,0.7,1,0.3,160,100000,1,0.1,0.05,3.3,1,1,0,400000,1,1,0.05,3.3s,1,0.0001,1000,9.496924,0.3333333,0.003921569,0,0,0.07058824,0,0.003921569,0.03137255,0.1607843
48,44,9.81,500,0.7,1,0.3,160,100000,1,0.1,0.05,3.3,1,1,0,400000,1,1,0.05,3.3s,1,0.0001,1000,9.496924,0.3333333,0.003921569,0,0,0.07058824,0,0,0.03137255,0.1607843
48,45,9.81,500,0.7,1,0.3,160,100000,1,0.1,0.05,3.3,1,1,0,400000,1,1,0.05,3.3s,1,0.0001,1000,9.496924,0.3333333,0.003921569,0,0,0.07058824,0,0,0.03137255,0.1647059
48,46,9.81,500,0.7,1,0.3,160,100000,1,0.1,0.05,3.3,1,1,0,400000,1,1,0.05,3.3s,1,0.0001,1000,9.496924,0.3333333,0.003921569,0,0,0.07058824,0.01568628,0,0.03137255,0.1647059
48,47,9.81,500,0.7,1,0.3,160,100000,1,0.1,0.05,3.3,1,1,0,400000,1,1,0.05,3.3s,1,0.0001,1000,9.496924,0.3333333,0.003921569,0,0,0.07058824,0.03529412,0,0.03137255,0.1647059
48,48,9.81,500,0.7,1,0.3,160,100000,1,0.1,0.05,3.3,1,1,0,400000,1,1,0.05,3.3s,1,0.0001,1000,9.496924,0.3333333,0.003921569,0,0,0.07058824,0.0509804,0,0.03137255,0.1647059
48,49,9.81,500,0.7,1,0.3,160,100000,1,0.1,0.05,3.3,1,1,0,400000,1,1,0.05,3.3s,1,0.0001,1000,9.496924,0.3333333,0.003921569,0,0,0.06666667,0.06666667,0,0.03137255,0.1686275
48,50,9.81,500,0.7,1,0.3,160,100000,1,0.1,0.05,3.3,1,1,0,400000,1,1,0.05,3.3s,1,0.0001,1000,9.496924,0.3333333,0.003921569,0,0.003921569,0.0627451,0.08235294,0,0.03529412,0.1686275
48,51,9.81,500,0.7,1,0.3,160,100000,1,0.1,0.05,3.3,1,1,0,400000,1,1,0.05,3.3s,1,0.0001,1000,9.496924,0.3333333,0.003921569,0.003921569,0.003921569,0.04705883,0.09019608,0,0.03529412,0.172549
48,52,9.81,500,0.7,1,0.3,160,100000,1,0.1,0.05,3.3,1,1,0,400000,1,1,0.05,3.3s,1,0.0001,1000,9.496924,0.3333333,0,0.003921569,0.003921569,0.03137255,0.09803922,0,0.03529412,0.172549
48,53,9.81,500,0.7,1,0.3,160,100000,1,0.1,0.05,3.3,1,1,0,400000,1,1,0.05,3.3s,1,0.0001,1000,9.496924,0.3333333,0,0.003921569,0.003921569,0.003921569,0.1058824,0,0.03529412,0.172549
48,54,9.81,500,0.7,1,0.3,160,100000,1,0.1,0.05,3.3,1,1,0,400000,1,1,0.05,3.3s,1,0.0001,1000,9.496924,0.3333333,0,0.003921569,0.003921569,0,0.1058824,0,0.03529412,0.172549
48,55,9.81,500,0.7,1,0.3,160,100000,1,0.1,0.05,3.3,1,1,0,400000,1,1,0.05,3.3s,1,0.0001,1000,9.496924,0.3333333,0,0.003921569,0.003921569,0,0.1019608,0,0.03529412,0.172549
48,56,9.81,500,0.7,1,0.3,160,100000,1,0.1,0.05,3.3,1,1,0,400000,1,1,0.05,3.3s,1,0.0001,1000,9.496924,0.3333333,0,0.003921569,0.003921569,0,0.09411766,0,0.03921569,0.1686275
48,57,9.81,500,0.7,1,0.3,160,100000,1,0.1,0.05,3.3,1,1,0,400000,1,1,0.05,3.3s,1,0.0001,1000,9.496924,0.3333333,0,0,0.003921569,0,0.08627451,0,0.03921569,0.1686275
48,58,9.81,500,0.7,1,0.3,160,100000,1,0.1,0.05,3.3,1,1,0,400000,1,1,0.05,3.3s,1,0.0001,1000,9.496924,0.3333333,0,0,0.003921569,0,0.07843138,0,0.03921569,0.1647059
48,59,9.81,500,0.7,1,0.3,160,100000,1,0.1,0.05,3.3,1,1,0,400000,1,1,0.05,3.3s,1,0.0001,1000,9.496924,0.3333333,0,0,0.003921569,0,0.06666667,0,0.04313726,0.1607843
48,60,9.81,500,0.7,1,0.3,160,100000,1,0.1,0.05,3.3,1,1,0,400000,1,1,0.05,3.3s,1,0.0001,1000,9.496924,0.3333333,0,0,0,0,0.0509804,0.007843138,0.04313726,0.1568628
48,61,9.81,500,0.7,1,0.3,160,100000,1,0.1,0.05,3.3,1,1,0,400000,1,1,0.05,3.3s,1,0.0001,1000,9.496924,0.3333333,0,0,0,0,0.03921569,0.01568628,0.03921569,0.1568628
48,62,9.81,500,0.7,1,0.3,160,100000,1,0.1,0.05,3.3,1,1,0,400000,1,1,0.05,3.3s,1,0.0001,1000,9.496924,0.3333333,0,0,0,0,0.03137255,0.01960784,0.03921569,0.1568628
48,63,9.81,500,0.7,1,0.3,160,100000,1,0.1,0.05,3.3,1,1,0,400000,1,1,0.05,3.3s,1,0.0001,1000,9.496924,0.3333333,0,0,0,0,0.02352941,0.01568628,0.03529412,0.1568628
49,0,9.81,500,0.7,1,0.3,160,100000,1,0.1,0.05,3.3,1,1,0,400000,1,1,0.05,3.3s,1,0.0001,1000,9.496924,0.3333333,0,0,0,0,0.01960784,0.01568628,0.02745098,0.1607843
49,1,9.81,500,0.7,1,0.3,160,100000,1,0.1,0.05,3.3,1,1,0,400000,1,1,0.05,3.3s,1,0.0001,1000,9.496924,0.3333333,0,0,0,0,0.01176471,0.007843138,0.02352941,0.1607843
49,2,9.81,500,0.7,1,0.3,160,100000,1,0.1,0.05,3.3,1,1,0,400000,1,1,0.05,3.3s,1,0.0001,1000,9.496924,0.3333333,0,0,0,0.003921569,0.007843138,0,0.01960784,0.1647059
49,3,9.81,500,0.7,1,0.3,160,100000,1,0.1,0.05,3.3,1,1,0,400000,1,1,0.05,3.3s,1,0.0001,1000,9.496924,0.3333333,0,0,0,0,0.003921569,0,0.01568628,0.1647059
49,4,9.81,500,0.7,1,0.3,160,100000,1,0.1,0.05,3.3,1,1,0,400000,1,1,0.05,3.3s,1,0.0001,1000,9.496924,0.3333333,0,0,0,0,0,0,0.01568628,0.1647059
49,5,9.81,500,0.7,1,0.3,160,100000,1,0.1,0.05,3.3,1,1,0,400000,1,1,0.05,3.3s,1,0.0001,1000,9.496924,0.3333333,0,0,0,0,0,0,0.01176471,0.1686275
49,6,9.81,500,0.7,1,0.3,160,100000,1,0.1,0.05,3.3,1,1,0,400000,1,1,0.05,3.3s,1,0.0001,1000,9.496924,0.3333333,0,0,0,0,0,0,0.007843138,0.1686275
49,7,9.81,500,0.7,1,0.3,160,100000,1,0.1,0.05,3.3,1,1,0,400000,1,1,0.05,3.3s,1,0.0001,1000,9.496924,0.3333333,0,0,0,0,0,0,0.007843138,0.1686275
49,8,9.81,500,0.7,1,0.3,160,100000,1,0.1,0.05,3.3,1,1,0,400000,1,1,0.05,3.3s,1,0.0001,1000,9.496924,0.3333333,0,0,0,0,0,0,0.007843138,0.1686275
49,9,9.81,500,0.7,1,0.3,160,100000,1,0.1,0.05,3.3,1,1,0,400000,1,1,0.05,3.3s,1,0.0001,1000,9.496924,0.3333333,0,0,0,0,0,0,0.007843138,0.1647059
49,10,9.81,500,0.7,1,0.3,160,100000,1,0.1,0.05,3.3,1,1,0,400000,1,1,0.05,3.3s,1,0.0001,1000,9.496924,0.3333333,0,0,0,0,0,0.007843138,0.01176471,0.1647059
49,11,9.81,500,0.7,1,0.3,160,100000,1,0.1,0.05,3.3,1,1,0,400000,1,1,0.05,3.3s,1,0.0001,1000,9.496924,0.3333333,0,0,0,0,0.003921569,0.01568628,0.01176471,0.1607843
49,12,9.81,500,0.7,1,0.3,160,100000,1,0.1,0.05,3.3,1,1,0,400000,1,1,0.05,3.3s,1,0.0001,1000,9.496924,0.3333333,0,0,0,0,0.007843138,0.02745098,0.01568628,0.1607843
49,13,9.81,500,0.7,1,0.3,160,100000,1,0.1,0.05,3.3,1,1,0,400000,1,1,0.05,3.3s,1,0.0001,1000,9.496924,0.3333333,0,0,0,0,0.01568628,0.03137255,0.01960784,0.1568628
49,14,9.81,500,0.7,1,0.3,160,100000,1,0.1,0.05,3.3,1,1,0,400000,1,1,0.05,3.3s,1,0.0001,1000,9.496924,0.3333333,0,0,0,0,0.02352941,0.03529412,0.01960784,0.1568628
49,15,9.81,500,0.7,1,0.3,160,100000,1,0.1,0.05,3.3,1,1,0,400000,1,1,0.05,3.3s,1,0.0001,1000,9.496924,0.3333333,0,0,0,0,0.03137255,0.03921569,0.02745098,0.1568628
49,16,9.81,500,0.7,1,0.3,160,100000,1,0.1,0.05,3.3,1,1,0,400000,1,1,0.05,3.3s,1,0.0001,1000,9.496924,0.3333333,0,0,0,0,0.03921569,0.04313726,0.03137255,0.1568628
49,17,9.81,500,0.7,1,0.3,160,100000,1,0.1,0.05,3.3,1,1,0,400000,1,1,0.05,3.3s,1,0.0001,1000,9.496924,0.3333333,0,0,0.003921569,0,0.0509804,0.04705883,0.03529412,0.1529412
49,18,9.81,500,0.7,1,0.3,160,100000,1,0.1,0.05,3.3,1,1,0,400000,1,1,0.05,3.3s,1,0.0001,1000,9.496924,0.3333333,0,0,0.003921569,0,0.05490196,0.0509804,0.03921569,0.1529412
49,19,9.81,500,0.7,1,0.3,160,100000,1,0.1,0.05,3.3,1,1,0,400000,1,1,0.05,3.3s,1,0.0001,1000,9.496924,0.3333333,0,0,0.003921569,0,0.0627451,0.05490196,0.04313726,0.1529412
49,20,9.81,500,0.7,1,0.3,160,100000,1,0.1,0.05,3.3,1,1,0,400000,1,1,0.05,3.3s,1,0.0001,1000,9.496924,0.3333333,0,0,0.003921569,0.01176471,0.06666667,0.05490196,0.04705883,0.1490196
49,21,9.81,500,0.7,1,0.3,160,100000,1,0.1,0.05,3.3,1,1,0,400000,1,1,0.05,3.3s,1,0.0001,1000,9.496924,0.3333333,0.003921569,0,0.003921569,0.03529412,0.07058824,0.0509804,0.0509804,0.1490196
49,22,9.81,500,0.7,1,0.3,160,100000,1,0.1,0.05,3.3,1,1,0,400000,1,1,0.05,3.3s,1,0.0001,1000,9.496924,0.3333333,0.003921569,0,0.003921569,0.05882353,0.07058824,0.04313726,0.05490196,0.1529412
49,23,9.81,500,0.7,1,0.3,160,100000,1,0.1,0.05,3.3,1,1,0,400000,1,1,0.05,3.3s,1,0.0001,1000,9.496924,0.3333333,0.003921569,0,0.003921569,0.07843138,0.07058824,0.02745098,0.05490196,0.1529412
49,24,9.81,500,0.7,1,0.3,160,100000,1,0.1,0.05,3.3,1,1,0,400000,1,1,0.05,3.3s,1,0.0001,1000,9.496924,0.3333333,0.003921569,0,0.003921569,0.09019608,0.07058824,0.007843138,0.05490196,0.1568628
49,25,9.81,500,0.7,1,0.3,160,100000,1,0.1,0.05,3.3,1,1,0,400000,1,1,0.05,3.3s,1,0.0001,1000,9.496924,0.3333333,0.003921569,0,0.003921569,0.09019608,0.06666667,0,0.05490196,0.1607843
49,26,9.81,500,0.7,1,0.3,160,100000,1,0.1,0.05,3.3,1,1,0,400000,1,1,0.05,3.3s,1,0.0001,1000,9.496924,0.3333333,0.003921569,0,0.003921569,0.07450981,0.0627451,0,0.05490196,0.1647059
49,27,9.81,500,0.7,1,0.3,160,100000,1,0.1,0.05,3.3,1,1,0,400000,1,1,0.05,3.3s,1,0.0001,1000,9.496924,0.3333333,0.003921569,0,0.003921569,0.04705883,0.05490196,0,0.05490196,0.1647059
49,28,9.81,500,0.7,1,0.3,160,100000,1,0.1,0.05,3.3,1,1,0,400000,1,1,0.05,3.3s,1,0.0001,1000,9.496924,0.3333333,0,0,0,0.01568628,0.04313726,0,0.05490196,0.1686275
49,29,9.81,500,0.7,1,0.3,160,100000,1,0.1,0.05,3.3,1,1,0,400000,1,1,0.05,3.3s,1,0.0001,1000,9.496924,0.3333333,0,0,0,0,0.02745098,0,0.05490196,0.1686275
49,30,9.81,500,0.7,1,0.3,160,100000,1,0.1,0.05,3.3,1,1,0,400000,1,1,0.05,3.3s,1,0.0001,1000,9.496924,0.3333333,0,0,0,0,0.007843138,0,0.05490196,0.1647059
49,31,9.81,500,0.7,1,0.3,160,100000,1,0.1,0.05,3.3,1,1,0,400000,1,1,0.05,3.3s,1,0.0001,1000,9.496924,0.3333333,0,0,0,0,0,0,0.05882353,0.1607843
49,32,9.81,500,0.7,1,0.3,160,100000,1,0.1,0.05,3.3,1,1,0,400000,1,1,0.05,3.3s,1,0.0001,1000,9.496924,0.3333333,0,0,0,0,0,0,0.05882353,0.1568628
49,33,9.81,500,0.7,1,0.3,160,100000,1,0.1,0.05,3.3,1,1,0,400000,1,1,0.05,3.3s,1,0.0001,1000,9.496924,0.3333333,0,0,0,0,0,0.01960784,0.0627451,0.1529412
49,34,9.81,500,0.7,1,0.3,160,100000,1,0.1,0.05,3.3,1,1,0,400000,1,1,0.05,3.3s,1,0.0001,1000,9.496924,0.3333333,0,0,0,0,0,0.03921569,0.0627451,0.1529412
49,35,9.81,500,0.7,1,0.3,160,100000,1,0.1,0.05,3.3,1,1,0,400000,1,1,0.05,3.3s,1,0.0001,1000,9.496924,0.3333333,0,0,0,0,0,0.0509804,0.0627451,0.1490196
49,36,9.81,500,0.7,1,0.3,160,100000,1,0.1,0.05,3.3,1,1,0,400000,1,1,0.05,3.3s,1,0.0001,1000,9.496924,0.3333333,0,0,0,0,0,0.05882353,0.0627451,0.1490196
49,37,9.81,500,0.7,1,0.3,160,100000,1,0.1,0.05,3.3,1,1,0,400000,1,1,0.05,3.3s,1,0.0001,1000,9.496924,0.3333333,0.003921569,0,0,0.02352941,0,0.0627451,0.05882353,0.1490196
49,38,9.81,500,0.7,1,0.3,160,100000,1,0.1,0.05,3.3,1,1,0,400000,1,1,0.05,3.3s,1,0.0001,1000,9.496924,0.3333333,0.003921569,0,0,0.04705883,0,0.05490196,0.05490196,0.1490196
49,39,9.81,500,0.7,1,0.3,160,100000,1,0.1,0.05,3.3,1,1,0,400000,1,1,0.05,3.3s,1,0.0001,1000,9.496924,0.3333333,0.003921569,0,0,0.06666667,0,0.04705883,0.0509804,0.1529412
49,40,9.81,500,0.7,1,0.3,160,100000,1,0.1,0.05,3.3,1,1,0,400000,1,1,0.05,3.3s,1,0.0001,1000,9.496924,0.3333333,0.003921569,0,0,0.08235294,0,0.03921569,0.04705883,0.1529412
49,41,9.81,500,0.7,1,0.3,160,100000,1,0.1,0.05,3.3,1,1,0,400000,1,1,0.05,3.3s,1,0.0001,1000,9.496924,0.3333333,0.003921569,0,0,0.08627451,0,0.02745098,0.04313726,0.1568628
49,42,9.81,500,0.7,1,0.3,160,100000,1,0.1,0.05,3.3,1,1,0,400000,1,1,0.05,3.3s,1,0.0001,1000,9.496924,0.3333333,0.003921569,0,0,0.09019608,0,0.01960784,0.03921569,0.1568628
49,43,9.81,500,0.7,1,0.3,160,100000,1,0.1,0.05,3.3,1,1,0,400000,1,1,0.05,3.3s,1,0.0001,1000,9.496924,0.3333333,0.007843138,0,0,0.09019608,0,0.007843138,0.03529412,0.1607843
49,44,9.81,500,0.7,1,0.3,160,100000,1,0.1,0.05,3.3,1,1,0,400000,1,1,0.05,3.3s,1,0.0001,1000,9.496924,0.3333333,0.007843138,0,0,0.09019608,0,0,0.03137255,0.1607843
49,45,9.81,500,0.7,1,0.3,160,100000,1,0.1,0.05,3.3,1,1,0,400000,1,1,0.05,3.3s,1,0.0001,1000,9.496924,0.3333333,0.007843138,0,0,0.09019608,0,0,0.02745098,0.1647059
49,46,9.81,500,0.7,1,0.3,160,100000,1,0.1,0.05,3.3,1,1,0,400000,1,1,0.05,3.3s,1,0.0001,1000,9.496924,0.3333333,0.007843138,0,0,0.09019608,0.01960784,0,0.02745098,0.1647059
49,47,9.81,500,0.7,1,0.3,160,100000,1,0.1,0.05,3.3,1,1,0,400000,1,1,0.05,3.3s,1,0.0001,1000,9.496924,0.3333333,0.003921569,0,0,0.09019608,0.04313726,0,0.02745098,0.1647059
49,48,9.81,500,0.7,1,0.3,160,100000,1,0.1,0.05,3.3,1,1,0,400000,1,1,0.05,3.3s,1,0.0001,1000,9.496924,0.3333333,0.003921569,0,0,0.08627451,0.05882353,0,0.02352941,0.1686275
49,49,9.81,500,0.7,1,0.3,160,100000,1,0.1,0.05,3.3,1,1,0,400000,1,1,0.05,3.3s,1,0.0001,1000,9.496924,0.3333333,0.003921569,0,0.003921569,0.08235294,0.07450981,0,0.02352941,0.1686275
49,50,9.81,500,0.7,1,0.3,160,100000,1,0.1,0.05,3.3,1,1,0,400000,1,1,0.05,3.3s,1,0.0001,1000,9.496924,0.3333333,0.003921569,0.003921569,0.003921569,0.07450981,0.09019608,0,0.02352941,0.172549
49,51,9.81,500,0.7,1,0.3,160,100000,1,0.1,0.05,3.3,1,1,0,400000,1,1,0.05,3.3s,1,0.0001,1000,9.496924,0.3333333,0.003921569,0.003921569,0.003921569,0.05882353,0.1019608,0,0.02352941,0.1764706
49,52,9.81,500,0.7,1,0.3,160,100000,1,0.1,0.05,3.3,1,1,0,400000,1,1,0.05,3.3s,1,0.0001,1000,9.496924,0.3333333,0,0.003921569,0.003921569,0.03529412,0.1098039,0,0.02352941,0.1764706
49,53,9.81,500,0.7,1,0.3,160,100000,1,0.1,0.05,3.3,1,1,0,400000,1,1,0.05,3.3s,1,0.0001,1000,9.496924,0.3333333,0,0.003921569,0.003921569,0.007843138,0.1137255,0,0.01960784,0.1764706
49,54,9.81,500,0.7,1,0.3,160,100000,1,0.1,0.05,3.3,1,1,0,400000,1,1,0.05,3.3s,1,0.0001,1000,9.496924,0.3333333,0,0.003921569,0.003921569,0,0.1137255,0,0.01960784,0.1764706
49,55,9.81,500,0.7,1,0.3,160,100000,1,0.1,0.05,3.3,1,1,0,400000,1,1,0.05,3.3s,1,0.0001,1000,9.496924,0.3333333,0,0.003921569,0.003921569,0,0.1098039,0,0.01960784,0.1764706
49,56,9.81,500,0.7,1,0.3,160,100000,1,0.1,0.05,3.3,1,1,0,400000,1,1,0.05,3.3s,1,0.0001,1000,9.496924,0.3333333,0,0.003921569,0.003921569,0,0.1058824,0,0.02352941,0.172549
49,57,9.81,500,0.7,1,0.3,160,100000,1,0.1,0.05,3.3,1,1,0,400000,1,1,0.05,3.3s,1,0.0001,1000,9.496924,0.3333333,0,0.003921569,0.003921569,0,0.09803922,0,0.02352941,0.1686275
49,58,9.81,500,0.7,1,0.3,160,100000,1,0.1,0.05,3.3,1,1,0,400000,1,1,0.05,3.3s,1,0.0001,1000,9.496924,0.3333333,0,0,0.003921569,0,0.08627451,0,0.02745098,0.1647059
49,59,9.81,500,0.7,1,0.3,160,100000,1,0.1,0.05,3.3,1,1,0,400000,1,1,0.05,3.3s,1,0.0001,1000,9.496924,0.3333333,0,0,0.003921569,0,0.07843138,0,0.02745098,0.1647059
49,60,9.81,500,0.7,1,0.3,160,100000,1,0.1,0.05,3.3,1,1,0,400000,1,1,0.05,3.3s,1,0.0001,1000,9.496924,0.3333333,0,0,0.003921569,0,0.06666667,0.007843138,0.03137255,0.1607843
49,61,9.81,500,0.7,1,0.3,160,100000,1,0.1,0.05,3.3,1,1,0,400000,1,1,0.05,3.3s,1,0.0001,1000,9.496924,0.3333333,0,0,0,0,0.0509804,0.01568628,0.03137255,0.1607843
49,62,9.81,500,0.7,1,0.3,160,100000,1,0.1,0.05,3.3,1,1,0,400000,1,1,0.05,3.3s,1,0.0001,1000,9.496924,0.3333333,0,0,0,0,0.04313726,0.01960784,0.03137255,0.1568628
49,63,9.81,500,0.7,1,0.3,160,100000,1,0.1,0.05,3.3,1,1,0,400000,1,1,0.05,3.3s,1,0.0001,1000,9.496924,0.3333333,0,0,0,0,0.03137255,0.01960784,0.03137255,0.1568628
50,0,9.81,500,0.7,1,0.3,160,100000,1,0.1,0.05,3.3,1,1,0,400000,1,1,0.05,3.3s,1,0.0001,1000,9.496924,0.3333333,0,0,0,0,0.02745098,0.01568628,0.02352941,0.1607843
50,1,9.81,500,0.7,1,0.3,160,100000,1,0.1,0.05,3.3,1,1,0,400000,1,1,0.05,3.3s,1,0.0001,1000,9.496924,0.3333333,0,0,0,0,0.01568628,0.01176471,0.01960784,0.1607843
50,2,9.81,500,0.7,1,0.3,160,100000,1,0.1,0.05,3.3,1,1,0,400000,1,1,0.05,3.3s,1,0.0001,1000,9.496924,0.3333333,0,0,0,0,0.007843138,0.003921569,0.01568628,0.1647059
50,3,9.81,500,0.7,1,0.3,160,100000,1,0.1,0.05,3.3,1,1,0,400000,1,1,0.05,3.3s,1,0.0001,1000,9.496924,0.3333333,0,0,0,0,0,0,0.01568628,0.1647059
50,4,9.81,500,0.7,1,0.3,160,100000,1,0.1,0.05,3.3,1,1,0,400000,1,1,0.05,3.3s,1,0.0001,1000,9.496924,0.3333333,0,0,0,0,0,0,0.01176471,0.1647059
50,5,9.81,500,0.7,1,0.3,160,100000,1,0.1,0.05,3.3,1,1,0,400000,1,1,0.05,3.3s,1,0.0001,1000,9.496924,0.3333333,0,0,0,0,0,0,0.007843138,0.1686275
50,6,9.81,500,0.7,1,0.3,160,100000,1,0.1,0.05,3.3,1,1,0,400000,1,1,0.05,3.3s,1,0.0001,1000,9.496924,0.3333333,0,0,0,0,0,0,0.007843138,0.1686275
50,7,9.81,500,0.7,1,0.3,160,100000,1,0.1,0.05,3.3,1,1,0,400000,1,1,0.05,3.3s,1,0.0001,1000,9.496924,0.3333333,0,0,0,0,0,0,0.003921569,0.1686275
50,8,9.81,500,0.7,1,0.3,160,100000,1,0.1,0.05,3.3,1,1,0,400000,1,1,0.05,3.3s,1,0.0001,1000,9.496924,0.3333333,0,0,0,0,0,0,0.003921569,0.1686275
50,9,9.81,500,0.7,1,0.3,160,100000,1,0.1,0.05,3.3,1,1,0,400000,1,1,0.05,3.3s,1,0.0001,1000,9.496924,0.3333333,0,0,0,0,0,0,0.003921569,0.1647059
50,10,9.81,500,0.7,1,0.3,160,100000,1,0.1,0.05,3.3,1,1,0,400000,1,1,0.05,3.3s,1,0.0001,1000,9.496924,0.3333333,0,0,0,0,0,0.01176471,0.003921569,0.1647059
50,11,9.81,500,0.7,1,0.3,160,100000,1,0.1,0.05,3.3,1,1,0,400000,1,1,0.05,3.3s,1,0.0001,1000,9.496924,0.3333333,0,0,0,0,0,0.01960784,0.007843138,0.1607843
50,12,9.81,500,0.7,1,0.3,160,100000,1,0.1,0.05,3.3,1,1,0,400000,1,1,0.05,3.3s,1,0.0001,1000,9.496924,0.3333333,0,0,0,0,0.003921569,0.03137255,0.007843138,0.1607843
50,13,9.81,500,0.7,1,0.3,160,100000,1,0.1,0.05,3.3,1,1,0,400000,1,1,0.05,3.3s,1,0.0001,1000,9.496924,0.3333333,0,0,0,0,0.007843138,0.03529412,0.01176471,0.1607843
50,14,9.81,500,0.7,1,0.3,160,100000,1,0.1,0.05,3.3,1,1,0,400000,1,1,0.05,3.3s,1,0.0001,1000,9.496924,0.3333333,0,0,0,0,0.01960784,0.03921569,0.01568628,0.1568628
50,15,9.81,500,0.7,1,0.3,160,100000,1,0.1,0.05,3.3,1,1,0,400000,1,1,0.05,3.3s,1,0.0001,1000,9.496924,0.3333333,0,0,0,0,0.02745098,0.03921569,0.01960784,0.1568628
50,16,9.81,500,0.7,1,0.3,160,100000,1,0.1,0.05,3.3,1,1,0,400000,1,1,0.05,3.3s,1,0.0001,1000,9.496924,0.3333333,0,0,0.003921569,0,0.03921569,0.04313726,0.02352941,0.1568628
50,17,9.81,500,0.7,1,0.3,160,100000,1,0.1,0.05,3.3,1,1,0,400000,1,1,0.05,3.3s,1,0.0001,1000,9.496924,0.3333333,0,0,0.003921569,0,0.0509804,0.04313726,0.03137255,0.1568628
50,18,9.81,500,0.7,1,0.3,160,100000,1,0.1,0.05,3.3,1,1,0,400000,1,1,0.05,3.3s,1,0.0001,1000,9.496924,0.3333333,0,0,0.003921569,0,0.0627451,0.04705883,0.03529412,0.1529412
50,19,9.81,500,0.7,1,0.3,160,100000,1,0.1,0.05,3.3,1,1,0,400000,1,1,0.05,3.3s,1,0.0001,1000,9.496924,0.3333333,0,0,0.003921569,0,0.07058824,0.04705883,0.03921569,0.1529412
50,20,9.81,500,0.7,1,0.3,160,100000,1,0.1,0.05,3.3,1,1,0,400000,1,1,0.05,3.3s,1,0.0001,1000,9.496924,0.3333333,0,0,0.003921569,0.01960784,0.07843138,0.04705883,0.04705883,0.1529412
50,21,9.81,500,0.7,1,0.3,160,100000,1,0.1,0.05,3.3,1,1,0,400000,1,1,0.05,3.3s,1,0.0001,1000,9.496924,0.3333333,0.003921569,0,0.003921569,0.03921569,0.08235294,0.04705883,0.04705883,0.1529412
50,22,9.81,500,0.7,1,0.3,160,100000,1,0.1,0.05,3.3,1,1,0,400000,1,1,0.05,3.3s,1,0.0001,1000,9.496924,0.3333333,0.003921569,0,0.003921569,0.0627451,0.08235294,0.03529412,0.0509804,0.1529412
50,23,9.81,500,0.7,1,0.3,160,100000,1,0.1,0.05,3.3,1,1,0,400000,1,1,0.05,3.3s,1,0.0001,1000,9.496924,0.3333333,0.003921569,0,0.003921569,0.07843138,0.08627451,0.01960784,0.0509804,0.1568628
50,24,9.81,500,0.7,1,0.3,160,100000,1,0.1,0.05,3.3,1,1,0,400000,1,1,0.05,3.3s,1,0.0001,1000,9.496924,0.3333333,0.003921569,0,0.003921569,0.09019608,0.08627451,0,0.0509804,0.1568628
50,25,9.81,500,0.7,1,0.3,160,100000,1,0.1,0.05,3.3,1,1,0,400000,1,1,0.05,3.3s,1,0.0001,1000,9.496924,0.3333333,0.003921569,0,0.003921569,0.08627451,0.08235294,0,0.0509804,0.1607843
50,26,9.81,500,0.7,1,0.3,160,100000,1,0.1,0.05,3.3,1,1,0,400000,1,1,0.05,3.3s,1,0.0001,1000,9.496924,0.3333333,0.003921569,0,0.003921569,0.06666667,0.07450981,0,0.0509804,0.1647059
50,27,9.81,500,0.7,1,0.3,160,100000,1,0.1,0.05,3.3,1,1,0,400000,1,1,0.05,3.3s,1,0.0001,1000,9.496924,0.3333333,0,0,0.003921569,0.03921569,0.06666667,0,0.0509804,0.1686275
50,28,9.81,500,0.7,1,0.3,160,100000,1,0.1,0.05,3.3,1,1,0,400000,1,1,0.05,3.3s,1,0.0001,1000,9.496924,0.3333333,0,0,0.003921569,0,0.05490196,0,0.0509804,0.1686275
50,29,9.81,500,0.7,1,0.3,160,100000,1,0.1,0.05,3.3,1,1,0,400000,1,1,0.05,3.3s,1,0.0001,1000,9.496924,0.3333333,0,0,0,0,0.04313726,0,0.05490196,0.1686275
50,30,9.81,500,0.7,1,0.3,160,100000,1,0.1,0.05,3.3,1,1,0,400000,1,1,0.05,3.3s,1,0.0001,1000,9.496924,0.3333333,0,0,0,0,0.02352941,0,0.05490196,0.1647059
50,31,9.81,500,0.7,1,0.3,160,100000,1,0.1,0.05,3.3,1,1,0,400000,1,1,0.05,3.3s,1,0.0001,1000,9.496924,0.3333333,0,0,0,0,0.003921569,0,0.05882353,0.1607843
50,32,9.81,500,0.7,1,0.3,160,100000,1,0.1,0.05,3.3,1,1,0,400000,1,1,0.05,3.3s,1,0.0001,1000,9.496924,0.3333333,0,0,0,0,0,0,0.05882353,0.1568628
50,33,9.81,500,0.7,1,0.3,160,100000,1,0.1,0.05,3.3,1,1,0,400000,1,1,0.05,3.3s,1,0.0001,1000,9.496924,0.3333333,0,0,0,0,0,0.02352941,0.0627451,0.1529412
50,34,9.81,500,0.7,1,0.3,160,100000,1,0.1,0.05,3.3,1,1,0,400000,1,1,0.05,3.3s,1,0.0001,1000,9.496924,0.3333333,0,0,0,0,0,0.04705883,0.0627451,0.1490196
50,35,9.81,500,0.7,1,0.3,160,100000,1,0.1,0.05,3.3,1,1,0,400000,1,1,0.05,3.3s,1,0.0001,1000,9.496924,0.3333333,0,0,0,0,0,0.0627451,0.0627451,0.1490196
50,36,9.81,500,0.7,1,0.3,160,100000,1,0.1,0.05,3.3,1,1,0,400000,1,1,0.05,3.3s,1,0.0001,1000,9.496924,0.3333333,0,0,0,0,0,0.07450981,0.0627451,0.145098
50,37,9.81,500,0.7,1,0.3,160,100000,1,0.1,0.05,3.3,1,1,0,400000,1,1,0.05,3.3s,1,0.0001,1000,9.496924,0.3333333,0.003921569,0,0,0.01960784,0,0.07450981,0.0627451,0.145098
50,38,9.81,500,0.7,1,0.3,160,100000,1,0.1,0.05,3.3,1,1,0,400000,1,1,0.05,3.3s,1,0.0001,1000,9.496924,0.3333333,0.003921569,0,0,0.04705883,0,0.07058824,0.05882353,0.1490196
50,39,9.81,500,0.7,1,0.3,160,100000,1,0.1,0.05,3.3,1,1,0,400000,1,1,0.05,3.3s,1,0.0001,1000,9.496924,0.3333333,0.003921569,0,0,0.07450981,0,0.0627451,0.05490196,0.1490196
50,40,9.81,500,0.7,1,0.3,160,100000,1,0.1,0.05,3.3,1,1,0,400000,1,1,0.05,3.3s,1,0.0001,1000,9.496924,0.3333333,0.003921569,0,0,0.09411766,0,0.0509804,0.04705883,0.1529412
50,41,9.81,500,0.7,1,0.3,160,100000,1,0.1,0.05,3.3,1,1,0,400000,1,1,0.05,3.3s,1,0.0001,1000,9.496924,0.3333333,0.007843138,0,0,0.1058824,0,0.03921569,0.04313726,0.1529412
50,42,9.81,500,0.7,1,0.3,160,100000,1,0.1,0.05,3.3,1,1,0,400000,1,1,0.05,3.3s,1,0.0001,1000,9.496924,0.3333333,0.007843138,0,0,0.1098039,0,0.02352941,0.03921569,0.1568628
50,43,9.81,500,0.7,1,0.3,160,100000,1,0.1,0.05,3.3,1,1,0,400000,1,1,0.05,3.3s,1,0.0001,1000,9.496924,0.3333333,0.007843138,0,0,0.1137255,0,0.01568628,0.03529412,0.1607843
50,44,9.81,500,0.7,1,0.3,160,100000,1,0.1,0.05,3.3,1,1,0,400000,1,1,0.05,3.3s,1,0.0001,1000,9.496924,0.3333333,0.007843138,0,0,0.1137255,0,0.003921569,0.02745098,0.1607843
50,45,9.81,500,0.7,1,0.3,160,100000,1,0.1,0.05,3.3,1,1,0,400000,1,1,0.05,3.3s,1,0.0001,1000,9.496924,0.3333333,0.007843138,0,0,0.1137255,0.007843138,0,0.02745098,0.1647059
50,46,9.81,500,0.7,1,0.3,160,100000,1,0.1,0.05,3.3,1,1,0,400000,1,1,0.05,3.3s,1,0.0001,1000,9.496924,0.3333333,0.007843138,0,0,0.1098039,0.02745098,0,0.02352941,0.1647059
50,47,9.81,500,0.7,1,0.3,160,100000,1,0.1,0.05,3.3,1,1,0,400000,1,1,0.05,3.3s,1,0.0001,1000,9.496924,0.3333333,0.007843138,0,0,0.1098039,0.04705883,0,0.01960784,0.1686275
50,48,9.81,500,0.7,1,0.3,160,100000,1,0.1,0.05,3.3,1,1,0,400000,1,1,0.05,3.3s,1,0.0001,1000,9.496924,0.3333333,0.007843138,0,0,0.1058824,0.06666667,0,0.01568628,0.172549
50,49,9.81,500,0.7,1,0.3,160,100000,1,0.1,0.05,3.3,1,1,0,400000,1,1,0.05,3.3s,1,0.0001,1000,9.496924,0.3333333,0.003921569,0.003921569,0.003921569,0.09803922,0.08235294,0,0.01568628,0.172549
50,50,9.81,500,0.7,1,0.3,160,100000,1,0.1,0.05,3.3,1,1,0,400000,1,1,0.05,3.3s,1,0.0001,1000,9.496924,0.3333333,0.003921569,0.003921569,0.003921569,0.08627451,0.09411766,0,0.01176471,0.1764706
50,51,9.81,500,0.7,1,0.3,160,100000,1,0.1,0.05,3.3,1,1,0,400000,1,1,0.05,3.3s,1,0.0001,1000,9.496924,0.3333333,0.003921569,0.003921569,0.003921569,0.06666667,0.1058824,0,0.007843138,0.1803922
50,52,9.81,500,0.7,1,0.3,160,100000,1,0.1,0.05,3.3,1,1,0,400000,1,1,0.05,3.3s,1,0.0001,1000,9.496924,0.3333333,0.003921569,0.007843138,0.003921569,0.03921569,0.1098039,0,0.007843138,0.1803922
50,53,9.81,500,0.7,1,0.3,160,100000,1,0.1,0.05,3.3,1,1,0,400000,1,1,0.05,3.3s,1,0.0001,1000,9.496924,0.3333333,0,0.007843138,0.003921569,0.007843138,0.1137255,0,0.003921569,0.1843137
50,54,9.81,500,0.7,1,0.3,160,100000,1,0.1,0.05,3.3,1,1,0,400000,1,1,0.05,3.3s,1,0.0001,1000,9.496924,0.3333333,0,0.007843138,0.003921569,0,0.1137255,0,0.003921569,0.1843137
50,55,9.81,500,0.7,1,0.3,160,100000,1,0.1,0.05,3.3,1,1,0,400000,1,1,0.05,3.3s,1,0.0001,1000,9.496924,0.3333333,0,0.007843138,0.003921569,0,0.1098039,0,0.003921569,0.1803922
50,56,9.81,500,0.7,1,0.3,160,100000,1,0.1,0.05,3.3,1,1,0,400000,1,1,0.05,3.3s,1,0.0001,1000,9.496924,0.3333333,0,0.003921569,0.003921569,0,0.1058824,0,0.003921569,0.1764706
50,57,9.81,500,0.7,1,0.3,160,100000,1,0.1,0.05,3.3,1,1,0,400000,1,1,0.05,3.3s,1,0.0001,1000,9.496924,0.3333333,0,0.003921569,0.003921569,0,0.09803922,0,0.007843138,0.172549
50,58,9.81,500,0.7,1,0.3,160,100000,1,0.1,0.05,3.3,1,1,0,400000,1,1,0.05,3.3s,1,0.0001,1000,9.496924,0.3333333,0,0.003921569,0.003921569,0,0.09019608,0,0.01176471,0.1686275
50,59,9.81,500,0.7,1,0.3,160,100000,1,0.1,0.05,3.3,1,1,0,400000,1,1,0.05,3.3s,1,0.0001,1000,9.496924,0.3333333,0,0,0.003921569,0,0.08235294,0,0.01568628,0.1647059
50,60,9.81,500,0.7,1,0.3,160,100000,1,0.1,0.05,3.3,1,1,0,400000,1,1,0.05,3.3s,1,0.0001,1000,9.496924,0.3333333,0,0,0.003921569,0,0.07058824,0.007843138,0.01960784,0.1647059
50,61,9.81,500,0.7,1,0.3,160,100000,1,0.1,0.05,3.3,1,1,0,400000,1,1,0.05,3.3s,1,0.0001,1000,9.496924,0.3333333,0,0,0.003921569,0,0.05882353,0.01568628,0.01960784,0.1607843
50,62,9.81,500,0.7,1,0.3,160,100000,1,0.1,0.05,3.3,1,1,0,400000,1,1,0.05,3.3s,1,0.0001,1000,9.496924,0.3333333,0,0,0,0,0.0509804,0.01960784,0.02352941,0.1607843
50,63,9.81,500,0.7,1,0.3,160,100000,1,0.1,0.05,3.3,1,1,0,400000,1,1,0.05,3.3s,1,0.0001,1000,9.496924,0.3333333,0,0,0,0,0.03921569,0.01960784,0.02352941,0.1607843
51,0,9.81,500,0.7,1,0.3,160,100000,1,0.1,0.05,3.3,1,1,0,400000,1,1,0.05,3.3s,1,0.0001,1000,9.496924,0.3333333,0,0,0,0,0.03137255,0.01568628,0.01568628,0.1607843
51,1,9.81,500,0.7,1,0.3,160,100000,1,0.1,0.05,3.3,1,1,0,400000,1,1,0.05,3.3s,1,0.0001,1000,9.496924,0.3333333,0,0,0,0,0.01960784,0.01176471,0.01568628,0.1607843
51,2,9.81,500,0.7,1,0.3,160,100000,1,0.1,0.05,3.3,1,1,0,400000,1,1,0.05,3.3s,1,0.0001,1000,9.496924,0.3333333,0,0,0,0,0.007843138,0.003921569,0.01176471,0.1647059
51,3,9.81,500,0.7,1,0.3,160,100000,1,0.1,0.05,3.3,1,1,0,400000,1,1,0.05,3.3s,1,0.0001,1000,9.496924,0.3333333,0,0,0,0,0,0,0.01176471,0.1647059
51,4,9.81,500,0.7,1,0.3,160,100000,1,0.1,0.05,3.3,1,1,0,400000,1,1,0.05,3.3s,1,0.0001,1000,9.496924,0.3333333,0,0,0,0,0,0,0.007843138,0.1647059
51,5,9.81,500,0.7,1,0.3,160,100000,1,0.1,0.05,3.3,1,1,0,400000,1,1,0.05,3.3s,1,0.0001,1000,9.496924,0.3333333,0,0,0,0,0,0,0.007843138,0.1686275
51,6,9.81,500,0.7,1,0.3,160,100000,1,0.1,0.05,3.3,1,1,0,400000,1,1,0.05,3.3s,1,0.0001,1000,9.496924,0.3333333,0,0,0,0,0,0,0.003921569,0.1686275
51,7,9.81,500,0.7,1,0.3,160,100000,1,0.1,0.05,3.3,1,1,0,400000,1,1,0.05,3.3s,1,0.0001,1000,9.496924,0.3333333,0,0,0,0,0,0,0.003921569,0.1686275
51,8,9.81,500,0.7,1,0.3,160,100000,1,0.1,0.05,3.3,1,1,0,400000,1,1,0.05,3.3s,1,0.0001,1000,9.496924,0.3333333,0,0,0,0,0,0,0.003921569,0.1647059
51,9,9.81,500,0.7,1,0.3,160,100000,1,0.1,0.05,3.3,1,1,0,400000,1,1,0.05,3.3s,1,0.0001,1000,9.496924,0.3333333,0,0,0,0,0,0.003921569,0,0.1647059
51,10,9.81,500,0.7,1,0.3,160,100000,1,0.1,0.05,3.3,1,1,0,400000,1,1,0.05,3.3s,1,0.0001,1000,9.496924,0.3333333,0,0,0,0,0,0.01568628,0,0.1647059
51,11,9.81,500,0.7,1,0.3,160,100000,1,0.1,0.05,3.3,1,1,0,400000,1,1,0.05,3.3s,1,0.0001,1000,9.496924,0.3333333,0,0,0,0,0,0.02745098,0.003921569,0.1607843
51,12,9.81,500,0.7,1,0.3,160,100000,1,0.1,0.05,3.3,1,1,0,400000,1,1,0.05,3.3s,1,0.0001,1000,9.496924,0.3333333,0,0,0,0,0,0.03529412,0.003921569,0.1607843
51,13,9.81,500,0.7,1,0.3,160,100000,1,0.1,0.05,3.3,1,1,0,400000,1,1,0.05,3.3s,1,0.0001,1000,9.496924,0.3333333,0,0,0,0,0,0.03921569,0.007843138,0.1607843
51,14,9.81,500,0.7,1,0.3,160,100000,1,0.1,0.05,3.3,1,1,0,400000,1,1,0.05,3.3s,1,0.0001,1000,9.496924,0.3333333,0,0,0,0,0.01176471,0.04313726,0.01176471,0.1568628
51,15,9.81,500,0.7,1,0.3,160,100000,1,0.1,0.05,3.3,1,1,0,400000,1,1,0.05,3.3s,1,0.0001,1000,9.496924,0.3333333,0,0,0.003921569,0,0.02352941,0.04313726,0.01568628,0.1568628
51,16,9.81,500,0.7,1,0.3,160,100000,1,0.1,0.05,3.3,1,1,0,400000,1,1,0.05,3.3s,1,0.0001,1000,9.496924,0.3333333,0,0,0.003921569,0,0.03921569,0.04313726,0.01960784,0.1568628
51,17,9.81,500,0.7,1,0.3,160,100000,1,0.1,0.05,3.3,1,1,0,400000,1,1,0.05,3.3s,1,0.0001,1000,9.496924,0.3333333,0,0,0.003921569,0,0.0509804,0.03921569,0.02352941,0.1568628
51,18,9.81,500,0.7,1,0.3,160,100000,1,0.1,0.05,3.3,1,1,0,400000,1,1,0.05,3.3s,1,0.0001,1000,9.496924,0.3333333,0,0,0.003921569,0,0.06666667,0.03921569,0.03137255,0.1568628
51,19,9.81,500,0.7,1,0.3,160,100000,1,0.1,0.05,3.3,1,1,0,400000,1,1,0.05,3.3s,1,0.0001,1000,9.496924,0.3333333,0,0,0.003921569,0.007843138,0.07843138,0.04313726,0.03529412,0.1529412
51,20,9.81,500,0.7,1,0.3,160,100000,1,0.1,0.05,3.3,1,1,0,400000,1,1,0.05,3.3s,1,0.0001,1000,9.496924,0.3333333,0,0,0.003921569,0.02352941,0.08627451,0.04313726,0.03921569,0.1529412
51,21,9.81,500,0.7,1,0.3,160,100000,1,0.1,0.05,3.3,1,1,0,400000,1,1,0.05,3.3s,1,0.0001,1000,9.496924,0.3333333,0.003921569,0,0.003921569,0.04313726,0.09411766,0.03921569,0.04313726,0.1529412
51,22,9.81,500,0.7,1,0.3,160,100000,1,0.1,0.05,3.3,1,1,0,400000,1,1,0.05,3.3s,1,0.0001,1000,9.496924,0.3333333,0.003921569,0,0.003921569,0.0627451,0.09803922,0.02745098,0.04705883,0.1568628
51,23,9.81,500,0.7,1,0.3,160,100000,1,0.1,0.05,3.3,1,1,0,400000,1,1,0.05,3.3s,1,0.0001,1000,9.496924,0.3333333,0.003921569,0,0.003921569,0.07843138,0.09803922,0.01176471,0.04705883,0.1568628
51,24,9.81,500,0.7,1,0.3,160,100000,1,0.1,0.05,3.3,1,1,0,400000,1,1,0.05,3.3s,1,0.0001,1000,9.496924,0.3333333,0.003921569,0,0.003921569,0.08627451,0.09803922,0,0.04705883,0.1607843
51,25,9.81,500,0.7,1,0.3,160,100000,1,0.1,0.05,3.3,1,1,0,400000,1,1,0.05,3.3s,1,0.0001,1000,9.496924,0.3333333,0.003921569,0,0.003921569,0.08235294,0.09411766,0,0.04705883,0.1647059
51,26,9.81,500,0.7,1,0.3,160,100000,1,0.1,0.05,3.3,1,1,0,400000,1,1,0.05,3.3s,1,0.0001,1000,9.496924,0.3333333,0.003921569,0,0.003921569,0.05882353,0.09019608,0,0.04705883,0.1686275
51,27,9.81,500,0.7,1,0.3,160,100000,1,0.1,0.05,3.3,1,1,0,400000,1,1,0.05,3.3s,1,0.0001,1000,9.496924,0.3333333,0,0,0.003921569,0.02745098,0.07843138,0,0.04705883,0.172549
51,28,9.81,500,0.7,1,0.3,160,100000,1,0.1,0.05,3.3,1,1,0,400000,1,1,0.05,3.3s,1,0.0001,1000,9.496924,0.3333333,0,0,0.003921569,0,0.06666667,0,0.04705883,0.172549
51,29,9.81,500,0.7,1,0.3,160,100000,1,0.1,0.05,3.3,1,1,0,400000,1,1,0.05,3.3s,1,0.0001,1000,9.496924,0.3333333,0,0,0.003921569,0,0.05490196,0,0.04705883,0.1686275
51,30,9.81,500,0.7,1,0.3,160,100000,1,0.1,0.05,3.3,1,1,0,400000,1,1,0.05,3.3s,1,0.0001,1000,9.496924,0.3333333,0,0,0,0,0.03921569,0,0.0509804,0.1686275
51,31,9.81,500,0.7,1,0.3,160,100000,1,0.1,0.05,3.3,1,1,0,400000,1,1,0.05,3.3s,1,0.0001,1000,9.496924,0.3333333,0,0,0,0,0.01960784,0,0.0509804,0.1647059
51,32,9.81,500,0.7,1,0.3,160,100000,1,0.1,0.05,3.3,1,1,0,400000,1,1,0.05,3.3s,1,0.0001,1000,9.496924,0.3333333,0,0,0,0,0,0.003921569,0.05490196,0.1568628
51,33,9.81,500,0.7,1,0.3,160,100000,1,0.1,0.05,3.3,1,1,0,400000,1,1,0.05,3.3s,1,0.0001,1000,9.496924,0.3333333,0,0,0,0,0,0.03137255,0.05882353,0.1529412
51,34,9.81,500,0.7,1,0.3,160,100000,1,0.1,0.05,3.3,1,1,0,400000,1,1,0.05,3.3s,1,0.0001,1000,9.496924,0.3333333,0,0,0,0,0,0.05490196,0.05882353,0.1490196
51,35,9.81,500,0.7,1,0.3,160,100000,1,0.1,0.05,3.3,1,1,0,400000,1,1,0.05,3.3s,1,0.0001,1000,9.496924,0.3333333,0,0,0,0,0,0.07450981,0.05882353,0.145098
51,36,9.81,500,0.7,1,0.3,160,100000,1,0.1,0.05,3.3,1,1,0,400000,1,1,0.05,3.3s,1,0.0001,1000,9.496924,0.3333333,0,0,0,0,0,0.08627451,0.05882353,0.145098
51,37,9.81,500,0.7,1,0.3,160,100000,1,0.1,0.05,3.3,1,1,0,400000,1,1,0.05,3.3s,1,0.0001,1000,9.496924,0.3333333,0.003921569,0,0,0.01176471,0,0.09019608,0.05882353,0.145098
51,38,9.81,500,0.7,1,0.3,160,100000,1,0.1,0.05,3.3,1,1,0,400000,1,1,0.05,3.3s,1,0.0001,1000,9.496924,0.3333333,0.003921569,0,0,0.04705883,0,0.08627451,0.05490196,0.145098
51,39,9.81,500,0.7,1,0.3,160,100000,1,0.1,0.05,3.3,1,1,0,400000,1,1,0.05,3.3s,1,0.0001,1000,9.496924,0.3333333,0.003921569,0,0,0.07843138,0,0.07450981,0.0509804,0.1490196
51,40,9.81,500,0.7,1,0.3,160,100000,1,0.1,0.05,3.3,1,1,0,400000,1,1,0.05,3.3s,1,0.0001,1000,9.496924,0.3333333,0.003921569,0,0,0.1019608,0,0.0627451,0.04705883,0.1490196
51,41,9.81,500,0.7,1,0.3,160,100000,1,0.1,0.05,3.3,1,1,0,400000,1,1,0.05,3.3s,1,0.0001,1000,9.496924,0.3333333,0.007843138,0,0,0.1176471,0,0.04705883,0.04313726,0.1529412
51,42,9.81,500,0.7,1,0.3,160,100000,1,0.1,0.05,3.3,1,1,0,400000,1,1,0.05,3.3s,1,0.0001,1000,9.496924,0.3333333,0.007843138,0,0,0.1294118,0,0.03529412,0.03529412,0.1568628
51,43,9.81,500,0.7,1,0.3,160,100000,1,0.1,0.05,3.3,1,1,0,400000,1,1,0.05,3.3s,1,0.0001,1000,9.496924,0.3333333,0.007843138,0,0,0.1333333,0,0.01960784,0.03137255,0.1607843
51,44,9.81,500,0.7,1,0.3,160,100000,1,0.1,0.05,3.3,1,1,0,400000,1,1,0.05,3.3s,1,0.0001,1000,9.496924,0.3333333,0.007843138,0,0,0.1333333,0,0.007843138,0.02352941,0.1607843
51,45,9.81,500,0.7,1,0.3,160,100000,1,0.1,0.05,3.3,1,1,0,400000,1,1,0.05,3.3s,1,0.0001,1000,9.496924,0.3333333,0.007843138,0,0,0.1333333,0.01176471,0,0.01960784,0.1647059
51,46,9.81,500,0.7,1,0.3,160,100000,1,0.1,0.05,3.3,1,1,0,400000,1,1,0.05,3.3s,1,0.0001,1000,9.496924,0.3333333,0.007843138,0,0,0.1294118,0.03137255,0,0.01568628,0.1686275
51,47,9.81,500,0.7,1,0.3,160,100000,1,0.1,0.05,3.3,1,1,0,400000,1,1,0.05,3.3s,1,0.0001,1000,9.496924,0.3333333,0.007843138,0,0,0.1294118,0.0509804,0,0.01176471,0.1686275
51,48,9.81,500,0.7,1,0.3,160,100000,1,0.1,0.05,3.3,1,1,0,400000,1,1,0.05,3.3s,1,0.0001,1000,9.496924,0.3333333,0.007843138,0.003921569,0,0.1215686,0.06666667,0,0.007843138,0.172549
51,49,9.81,500,0.7,1,0.3,160,100000,1,0.1,0.05,3.3,1,1,0,400000,1,1,0.05,3.3s,1,0.0001,1000,9.496924,0.3333333,0.007843138,0.003921569,0.003921569,0.1137255,0.08235294,0,0.003921569,0.1764706
51,50,9.81,500,0.7,1,0.3,160,100000,1,0.1,0.05,3.3,1,1,0,400000,1,1,0.05,3.3s,1,0.0001,1000,9.496924,0.3333333,0.003921569,0.007843138,0.003921569,0.09803922,0.09411766,0,0,0.1803922
51,51,9.81,500,0.7,1,0.3,160,100000,1,0.1,0.05,3.3,1,1,0,400000,1,1,0.05,3.3s,1,0.0001,1000,9.496924,0.3333333,0.003921569,0.007843138,0.003921569,0.07450981,0.1019608,0,0,0.1843137
51,52,9.81,500,0.7,1,0.3,160,100000,1,0.1,0.05,3.3,1,1,0,400000,1,1,0.05,3.3s,1,0.0001,1000,9.496924,0.3333333,0.003921569,0.007843138,0.003921569,0.04313726,0.1058824,0,0,0.1843137
51,53,9.81,500,0.7,1,0.3,160,100000,1,0.1,0.05,3.3,1,1,0,400000,1,1,0.05,3.3s,1,0.0001,1000,9.496924,0.3333333,0,0.007843138,0.003921569,0.007843138,0.1058824,0,0,0.1882353
51,54,9.81,500,0.7,1,0.3,160,100000,1,0.1,0.05,3.3,1,1,0,400000,1,1,0.05,3.3s,1,0.0001,1000,9.496924,0.3333333,0,0.007843138,0.003921569,0,0.1058824,0,0,0.1882353
51,55,9.81,500,0.7,1,0.3,160,100000,1,0.1,0.05,3.3,1,1,0,400000,1,1,0.05,3.3s,1,0.0001,1000,9.496924,0.3333333,0,0.007843138,0.003921569,0,0.1019608,0,0,0.1843137
51,56,9.81,500,0.7,1,0.3,160,100000,1,0.1,0.05,3.3,1,1,0,400000,1,1,0.05,3.3s,1,0.0001,1000,9.496924,0.3333333,0,0.007843138,0.003921569,0,0.09411766,0,0,0.1803922
51,57,9.81,500,0.7,1,0.3,160,100000,1,0.1,0.05,3.3,1,1,0,400000,1,1,0.05,3.3s,1,0.0001,1000,9.496924,0.3333333,0,0.003921569,0.003921569,0,0.09019608,0,0,0.1764706
51,58,9.81,500,0.7,1,0.3,160,100000,1,0.1,0.05,3.3,1,1,0,400000,1,1,0.05,3.3s,1,0.0001,1000,9.496924,0.3333333,0,0.003921569,0.003921569,0,0.08627451,0,0,0.172549
51,59,9.81,500,0.7,1,0.3,160,100000,1,0.1,0.05,3.3,1,1,0,400000,1,1,0.05,3.3s,1,0.0001,1000,9.496924,0.3333333,0,0,0.003921569,0,0.07843138,0,0,0.1686275
51,60,9.81,500,0.7,1,0.3,160,100000,1,0.1,0.05,3.3,1,1,0,400000,1,1,0.05,3.3s,1,0.0001,1000,9.496924,0.3333333,0,0,0.003921569,0,0.07058824,0.003921569,0.003921569,0.1647059
51,61,9.81,500,0.7,1,0.3,160,100000,1,0.1,0.05,3.3,1,1,0,400000,1,1,0.05,3.3s,1,0.0001,1000,9.496924,0.3333333,0,0,0.003921569,0,0.0627451,0.01568628,0.007843138,0.1647059
51,62,9.81,500,0.7,1,0.3,160,100000,1,0.1,0.05,3.3,1,1,0,400000,1,1,0.05,3.3s,1,0.0001,1000,9.496924,0.3333333,0,0,0.003921569,0,0.0509804,0.01960784,0.01176471,0.1607843
51,63,9.81,500,0.7,1,0.3,160,100000,1,0.1,0.05,3.3,1,1,0,400000,1,1,0.05,3.3s,1,0.0001,1000,9.496924,0.3333333,0,0,0,0,0.04313726,0.01960784,0.01568628,0.1607843
52,0,9.81,500,0.7,1,0.3,160,100000,1,0.1,0.05,3.3,1,1,0,400000,1,1,0.05,3.3s,1,0.0001,1000,9.496924,0.3333333,0,0,0,0,0.03137255,0.01568628,0.007843138,0.1607843
52,1,9.81,500,0.7,1,0.3,160,100000,1,0.1,0.05,3.3,1,1,0,400000,1,1,0.05,3.3s,1,0.0001,1000,9.496924,0.3333333,0,0,0,0,0.01960784,0.01176471,0.01176471,0.1647059
52,2,9.81,500,0.7,1,0.3,160,100000,1,0.1,0.05,3.3,1,1,0,400000,1,1,0.05,3.3s,1,0.0001,1000,9.496924,0.3333333,0,0,0,0,0.007843138,0.007843138,0.01176471,0.1647059
52,3,9.81,500,0.7,1,0.3,160,100000,1,0.1,0.05,3.3,1,1,0,400000,1,1,0.05,3.3s,1,0.0001,1000,9.496924,0.3333333,0,0,0,0,0,0.003921569,0.01176471,0.1647059
52,4,9.81,500,0.7,1,0.3,160,100000,1,0.1,0.05,3.3,1,1,0,400000,1,1,0.05,3.3s,1,0.0001,1000,9.496924,0.3333333,0,0,0,0,0,0,0.007843138,0.1647059
52,5,9.81,500,0.7,1,0.3,160,100000,1,0.1,0.05,3.3,1,1,0,400000,1,1,0.05,3.3s,1,0.0001,1000,9.496924,0.3333333,0,0,0,0,0,0,0.007843138,0.1647059
52,6,9.81,500,0.7,1,0.3,160,100000,1,0.1,0.05,3.3,1,1,0,400000,1,1,0.05,3.3s,1,0.0001,1000,9.496924,0.3333333,0,0,0,0,0,0,0.007843138,0.1647059
52,7,9.81,500,0.7,1,0.3,160,100000,1,0.1,0.05,3.3,1,1,0,400000,1,1,0.05,3.3s,1,0.0001,1000,9.496924,0.3333333,0,0,0,0,0,0,0.003921569,0.1647059
52,8,9.81,500,0.7,1,0.3,160,100000,1,0.1,0.05,3.3,1,1,0,400000,1,1,0.05,3.3s,1,0.0001,1000,9.496924,0.3333333,0,0,0,0,0,0.003921569,0.003921569,0.1647059
52,9,9.81,500,0.7,1,0.3,160,100000,1,0.1,0.05,3.3,1,1,0,400000,1,1,0.05,3.3s,1,0.0001,1000,9.496924,0.3333333,0,0,0,0,0,0.01176471,0,0.1647059
52,10,9.81,500,0.7,1,0.3,160,100000,1,0.1,0.05,3.3,1,1,0,400000,1,1,0.05,3.3s,1,0.0001,1000,9.496924,0.3333333,0,0,0,0,0,0.02352941,0,0.1647059
52,11,9.81,500,0.7,1,0.3,160,100000,1,0.1,0.05,3.3,1,1,0,400000,1,1,0.05,3.3s,1,0.0001,1000,9.496924,0.3333333,0,0,0,0,0,0.03137255,0,0.1607843
52,12,9.81,500,0.7,1,0.3,160,100000,1,0.1,0.05,3.3,1,1,0,400000,1,1,0.05,3.3s,1,0.0001,1000,9.496924,0.3333333,0,0,0,0,0,0.03921569,0.003921569,0.1607843
52,13,9.81,500,0.7,1,0.3,160,100000,1,0.1,0.05,3.3,1,1,0,400000,1,1,0.05,3.3s,1,0.0001,1000,9.496924,0.3333333,0,0,0,0,0,0.04705883,0.003921569,0.1568628
52,14,9.81,500,0.7,1,0.3,160,100000,1,0.1,0.05,3.3,1,1,0,400000,1,1,0.05,3.3s,1,0.0001,1000,9.496924,0.3333333,0,0,0,0,0.003921569,0.04705883,0.007843138,0.1568628
52,15,9.81,500,0.7,1,0.3,160,100000,1,0.1,0.05,3.3,1,1,0,400000,1,1,0.05,3.3s,1,0.0001,1000,9.496924,0.3333333,0,0,0.003921569,0,0.01960784,0.04705883,0.01176471,0.1568628
52,16,9.81,500,0.7,1,0.3,160,100000,1,0.1,0.05,3.3,1,1,0,400000,1,1,0.05,3.3s,1,0.0001,1000,9.496924,0.3333333,0,0,0.003921569,0,0.03529412,0.04313726,0.01568628,0.1568628
52,17,9.81,500,0.7,1,0.3,160,100000,1,0.1,0.05,3.3,1,1,0,400000,1,1,0.05,3.3s,1,0.0001,1000,9.496924,0.3333333,0,0,0.003921569,0.007843138,0.0509804,0.03921569,0.02352941,0.1568628
52,18,9.81,500,0.7,1,0.3,160,100000,1,0.1,0.05,3.3,1,1,0,400000,1,1,0.05,3.3s,1,0.0001,1000,9.496924,0.3333333,0,0,0.003921569,0.01176471,0.06666667,0.03529412,0.02745098,0.1568628
52,19,9.81,500,0.7,1,0.3,160,100000,1,0.1,0.05,3.3,1,1,0,400000,1,1,0.05,3.3s,1,0.0001,1000,9.496924,0.3333333,0,0,0.003921569,0.01960784,0.08235294,0.03529412,0.03137255,0.1568628
52,20,9.81,500,0.7,1,0.3,160,100000,1,0.1,0.05,3.3,1,1,0,400000,1,1,0.05,3.3s,1,0.0001,1000,9.496924,0.3333333,0.003921569,0,0.003921569,0.03529412,0.09411766,0.03137255,0.03529412,0.1568628
52,21,9.81,500,0.7,1,0.3,160,100000,1,0.1,0.05,3.3,1,1,0,400000,1,1,0.05,3.3s,1,0.0001,1000,9.496924,0.3333333,0.003921569,0,0.003921569,0.0509804,0.1019608,0.02745098,0.03921569,0.1568628
52,22,9.81,500,0.7,1,0.3,160,100000,1,0.1,0.05,3.3,1,1,0,400000,1,1,0.05,3.3s,1,0.0001,1000,9.496924,0.3333333,0.003921569,0,0.003921569,0.06666667,0.1098039,0.01960784,0.03921569,0.1568628
52,23,9.81,500,0.7,1,0.3,160,100000,1,0.1,0.05,3.3,1,1,0,400000,1,1,0.05,3.3s,1,0.0001,1000,9.496924,0.3333333,0.003921569,0,0.003921569,0.07843138,0.1098039,0.003921569,0.04313726,0.1607843
52,24,9.81,500,0.7,1,0.3,160,100000,1,0.1,0.05,3.3,1,1,0,400000,1,1,0.05,3.3s,1,0.0001,1000,9.496924,0.3333333,0.003921569,0,0.003921569,0.08627451,0.1098039,0,0.04313726,0.1647059
52,25,9.81,500,0.7,1,0.3,160,100000,1,0.1,0.05,3.3,1,1,0,400000,1,1,0.05,3.3s,1,0.0001,1000,9.496924,0.3333333,0.003921569,0,0.003921569,0.07450981,0.1058824,0,0.03921569,0.1686275
52,26,9.81,500,0.7,1,0.3,160,100000,1,0.1,0.05,3.3,1,1,0,400000,1,1,0.05,3.3s,1,0.0001,1000,9.496924,0.3333333,0,0,0.003921569,0.0509804,0.09803922,0,0.03921569,0.172549
52,27,9.81,500,0.7,1,0.3,160,100000,1,0.1,0.05,3.3,1,1,0,400000,1,1,0.05,3.3s,1,0.0001,1000,9.496924,0.3333333,0,0,0.003921569,0.01568628,0.09019608,0,0.03921569,0.172549
52,28,9.81,500,0.7,1,0.3,160,100000,1,0.1,0.05,3.3,1,1,0,400000,1,1,0.05,3.3s,1,0.0001,1000,9.496924,0.3333333,0,0,0.003921569,0,0.07843138,0,0.03921569,0.172549
52,29,9.81,500,0.7,1,0.3,160,100000,1,0.1,0.05,3.3,1,1,0,400000,1,1,0.05,3.3s,1,0.0001,1000,9.496924,0.3333333,0,0,0.003921569,0,0.0627451,0,0.03921569,0.172549
52,30,9.81,500,0.7,1,0.3,160,100000,1,0.1,0.05,3.3,1,1,0,400000,1,1,0.05,3.3s,1,0.0001,1000,9.496924,0.3333333,0,0,0.003921569,0,0.04705883,0,0.04313726,0.1686275
52,31,9.81,500,0.7,1,0.3,160,100000,1,0.1,0.05,3.3,1,1,0,400000,1,1,0.05,3.3s,1,0.0001,1000,9.496924,0.3333333,0,0,0,0,0.03137255,0,0.04313726,0.1647059
52,32,9.81,500,0.7,1,0.3,160,100000,1,0.1,0.05,3.3,1,1,0,400000,1,1,0.05,3.3s,1,0.0001,1000,9.496924,0.3333333,0,0,0,0,0.01176471,0.003921569,0.04705883,0.1607843
52,33,9.81,500,0.7,1,0.3,160,100000,1,0.1,0.05,3.3,1,1,0,400000,1,1,0.05,3.3s,1,0.0001,1000,9.496924,0.3333333,0,0,0,0,0,0.03529412,0.0509804,0.1529412
52,34,9.81,500,0.7,1,0.3,160,100000,1,0.1,0.05,3.3,1,1,0,400000,1,1,0.05,3.3s,1,0.0001,1000,9.496924,0.3333333,0,0,0,0,0,0.0627451,0.0509804,0.1490196
52,35,9.81,500,0.7,1,0.3,160,100000,1,0.1,0.05,3.3,1,1,0,400000,1,1,0.05,3.3s,1,0.0001,1000,9.496924,0.3333333,0,0,0,0,0,0.08235294,0.05490196,0.145098
52,36,9.81,500,0.7,1,0.3,160,100000,1,0.1,0.05,3.3,1,1,0,400000,1,1,0.05,3.3s,1,0.0001,1000,9.496924,0.3333333,0,0,0,0,0,0.09411766,0.05490196,0.145098
52,37,9.81,500,0.7,1,0.3,160,100000,1,0.1,0.05,3.3,1,1,0,400000,1,1,0.05,3.3s,1,0.0001,1000,9.496924,0.3333333,0,0,0,0.003921569,0,0.1019608,0.05490196,0.145098
52,38,9.81,500,0.7,1,0.3,160,100000,1,0.1,0.05,3.3,1,1,0,400000,1,1,0.05,3.3s,1,0.0001,1000,9.496924,0.3333333,0.003921569,0,0,0.04313726,0,0.09803922,0.05490196,0.145098
52,39,9.81,500,0.7,1,0.3,160,100000,1,0.1,0.05,3.3,1,1,0,400000,1,1,0.05,3.3s,1,0.0001,1000,9.496924,0.3333333,0.003921569,0,0,0.08235294,0,0.09019608,0.0509804,0.145098
52,40,9.81,500,0.7,1,0.3,160,100000,1,0.1,0.05,3.3,1,1,0,400000,1,1,0.05,3.3s,1,0.0001,1000,9.496924,0.3333333,0.007843138,0,0,0.1098039,0,0.07450981,0.04705883,0.1490196
52,41,9.81,500,0.7,1,0.3,160,100000,1,0.1,0.05,3.3,1,1,0,400000,1,1,0.05,3.3s,1,0.0001,1000,9.496924,0.3333333,0.007843138,0,0,0.1294118,0,0.05882353,0.03921569,0.1529412
52,42,9.81,500,0.7,1,0.3,160,100000,1,0.1,0.05,3.3,1,1,0,400000,1,1,0.05,3.3s,1,0.0001,1000,9.496924,0.3333333,0.007843138,0,0,0.145098,0,0.04313726,0.03137255,0.1568628
52,43,9.81,500,0.7,1,0.3,160,100000,1,0.1,0.05,3.3,1,1,0,400000,1,1,0.05,3.3s,1,0.0001,1000,9.496924,0.3333333,0.007843138,0,0,0.1490196,0,0.02352941,0.02745098,0.1568628
52,44,9.81,500,0.7,1,0.3,160,100000,1,0.1,0.05,3.3,1,1,0,400000,1,1,0.05,3.3s,1,0.0001,1000,9.496924,0.3333333,0.007843138,0,0,0.1529412,0,0.007843138,0.01960784,0.1607843
52,45,9.81,500,0.7,1,0.3,160,100000,1,0.1,0.05,3.3,1,1,0,400000,1,1,0.05,3.3s,1,0.0001,1000,9.496924,0.3333333,0.007843138,0,0,0.1529412,0.01568628,0,0.01176471,0.1647059
52,46,9.81,500,0.7,1,0.3,160,100000,1,0.1,0.05,3.3,1,1,0,400000,1,1,0.05,3.3s,1,0.0001,1000,9.496924,0.3333333,0.007843138,0,0,0.1490196,0.03137255,0,0.007843138,0.1686275
52,47,9.81,500,0.7,1,0.3,160,100000,1,0.1,0.05,3.3,1,1,0,400000,1,1,0.05,3.3s,1,0.0001,1000,9.496924,0.3333333,0.007843138,0,0,0.145098,0.0509804,0,0,0.172549
52,48,9.81,500,0.7,1,0.3,160,100000,1,0.1,0.05,3.3,1,1,0,400000,1,1,0.05,3.3s,1,0.0001,1000,9.496924,0.3333333,0.007843138,0.003921569,0,0.1372549,0.06666667,0,0,0.1764706
52,49,9.81,500,0.7,1,0.3,160,100000,1,0.1,0.05,3.3,1,1,0,400000,1,1,0.05,3.3s,1,0.0001,1000,9.496924,0.3333333,0.007843138,0.003921569,0.003921569,0.1254902,0.07843138,0,0,0.1803922
52,50,9.81,500,0.7,1,0.3,160,100000,1,0.1,0.05,3.3,1,1,0,400000,1,1,0.05,3.3s,1,0.0001,1000,9.496924,0.3333333,0.003921569,0.007843138,0.003921569,0.1058824,0.08627451,0,0,0.1843137
52,51,9.81,500,0.7,1,0.3,160,100000,1,0.1,0.05,3.3,1,1,0,400000,1,1,0.05,3.3s,1,0.0001,1000,9.496924,0.3333333,0.003921569,0.007843138,0.003921569,0.07843138,0.09411766,0,0,0.1882353
52,52,9.81,500,0.7,1,0.3,160,100000,1,0.1,0.05,3.3,1,1,0,400000,1,1,0.05,3.3s,1,0.0001,1000,9.496924,0.3333333,0.003921569,0.01176471,0.003921569,0.04705883,0.09411766,0,0,0.1921569
52,53,9.81,500,0.7,1,0.3,160,100000,1,0.1,0.05,3.3,1,1,0,400000,1,1,0.05,3.3s,1,0.0001,1000,9.496924,0.3333333,0,0.01176471,0.003921569,0.007843138,0.09411766,0,0,0.1921569
52,54,9.81,500,0.7,1,0.3,160,100000,1,0.1,0.05,3.3,1,1,0,400000,1,1,0.05,3.3s,1,0.0001,1000,9.496924,0.3333333,0,0.01176471,0.003921569,0,0.09019608,0,0,0.1921569
52,55,9.81,500,0.7,1,0.3,160,100000,1,0.1,0.05,3.3,1,1,0,400000,1,1,0.05,3.3s,1,0.0001,1000,9.496924,0.3333333,0,0.007843138,0.003921569,0,0.08235294,0,0,0.1882353
52,56,9.81,500,0.7,1,0.3,160,100000,1,0.1,0.05,3.3,1,1,0,400000,1,1,0.05,3.3s,1,0.0001,1000,9.496924,0.3333333,0,0.007843138,0.003921569,0,0.07843138,0,0,0.1843137
52,57,9.81,500,0.7,1,0.3,160,100000,1,0.1,0.05,3.3,1,1,0,400000,1,1,0.05,3.3s,1,0.0001,1000,9.496924,0.3333333,0,0.007843138,0.003921569,0,0.07450981,0,0,0.1803922
52,58,9.81,500,0.7,1,0.3,160,100000,1,0.1,0.05,3.3,1,1,0,400000,1,1,0.05,3.3s,1,0.0001,1000,9.496924,0.3333333,0,0.003921569,0.003921569,0,0.07058824,0,0,0.1764706
52,59,9.81,500,0.7,1,0.3,160,100000,1,0.1,0.05,3.3,1,1,0,400000,1,1,0.05,3.3s,1,0.0001,1000,9.496924,0.3333333,0,0.003921569,0.003921569,0,0.06666667,0,0,0.172549
52,60,9.81,500,0.7,1,0.3,160,100000,1,0.1,0.05,3.3,1,1,0,400000,1,1,0.05,3.3s,1,0.0001,1000,9.496924,0.3333333,0,0,0.003921569,0,0.0627451,0,0,0.1686275
52,61,9.81,500,0.7,1,0.3,160,100000,1,0.1,0.05,3.3,1,1,0,400000,1,1,0.05,3.3s,1,0.0001,1000,9.496924,0.3333333,0,0,0.003921569,0,0.05882353,0.01176471,0,0.1647059
52,62,9.81,500,0.7,1,0.3,160,100000,1,0.1,0.05,3.3,1,1,0,400000,1,1,0.05,3.3s,1,0.0001,1000,9.496924,0.3333333,0,0,0.003921569,0,0.0509804,0.01960784,0.003921569,0.1647059
52,63,9.81,500,0.7,1,0.3,160,100000,1,0.1,0.05,3.3,1,1,0,400000,1,1,0.05,3.3s,1,0.0001,1000,9.496924,0.3333333,0,0,0.003921569,0,0.03921569,0.01960784,0.007843138,0.1607843
53,0,9.81,500,0.7,1,0.3,160,100000,1,0.1,0.05,3.3,1,1,0,400000,1,1,0.05,3.3s,1,0.0001,1000,9.496924,0.3333333,0,0,0,0,0.02745098,0.01568628,0.003921569,0.1647059
53,1,9.81,500,0.7,1,0.3,160,100000,1,0.1,0.05,3.3,1,1,0,400000,1,1,0.05,3.3s,1,0.0001,1000,9.496924,0.3333333,0,0,0,0,0.01568628,0.01176471,0.007843138,0.1647059
53,2,9.81,500,0.7,1,0.3,160,100000,1,0.1,0.05,3.3,1,1,0,400000,1,1,0.05,3.3s,1,0.0001,1000,9.496924,0.3333333,0,0,0,0,0.003921569,0.007843138,0.007843138,0.1647059
53,3,9.81,500,0.7,1,0.3,160,100000,1,0.1,0.05,3.3,1,1,0,400000,1,1,0.05,3.3s,1,0.0001,1000,9.496924,0.3333333,0,0,0,0,0,0.003921569,0.01176471,0.1647059
53,4,9.81,500,0.7,1,0.3,160,100000,1,0.1,0.05,3.3,1,1,0,400000,1,1,0.05,3.3s,1,0.0001,1000,9.496924,0.3333333,0,0,0,0,0,0.003921569,0.01176471,0.1647059
53,5,9.81,500,0.7,1,0.3,160,100000,1,0.1,0.05,3.3,1,1,0,400000,1,1,0.05,3.3s,1,0.0001,1000,9.496924,0.3333333,0,0,0,0,0,0,0.01176471,0.1647059
53,6,9.81,500,0.7,1,0.3,160,100000,1,0.1,0.05,3.3,1,1,0,400000,1,1,0.05,3.3s,1,0.0001,1000,9.496924,0.3333333,0,0,0,0,0,0.003921569,0.007843138,0.1647059
53,7,9.81,500,0.7,1,0.3,160,100000,1,0.1,0.05,3.3,1,1,0,400000,1,1,0.05,3.3s,1,0.0001,1000,9.496924,0.3333333,0,0,0,0,0,0.003921569,0.007843138,0.1647059
53,8,9.81,500,0.7,1,0.3,160,100000,1,0.1,0.05,3.3,1,1,0,400000,1,1,0.05,3.3s,1,0.0001,1000,9.496924,0.3333333,0,0,0,0,0,0.01176471,0.007843138,0.1647059
53,9,9.81,500,0.7,1,0.3,160,100000,1,0.1,0.05,3.3,1,1,0,400000,1,1,0.05,3.3s,1,0.0001,1000,9.496924,0.3333333,0,0,0,0,0,0.01960784,0.003921569,0.1647059
53,10,9.81,500,0.7,1,0.3,160,100000,1,0.1,0.05,3.3,1,1,0,400000,1,1,0.05,3.3s,1,0.0001,1000,9.496924,0.3333333,0,0,0,0,0,0.02745098,0.003921569,0.1607843
53,11,9.81,500,0.7,1,0.3,160,100000,1,0.1,0.05,3.3,1,1,0,400000,1,1,0.05,3.3s,1,0.0001,1000,9.496924,0.3333333,0,0,0,0,0,0.03921569,0.003921569,0.1607843
53,12,9.81,500,0.7,1,0.3,160,100000,1,0.1,0.05,3.3,1,1,0,400000,1,1,0.05,3.3s,1,0.0001,1000,9.496924,0.3333333,0,0,0,0,0,0.04705883,0.003921569,0.1568628
53,13,9.81,500,0.7,1,0.3,160,100000,1,0.1,0.05,3.3,1,1,0,400000,1,1,0.05,3.3s,1,0.0001,1000,9.496924,0.3333333,0,0,0,0,0,0.0509804,0.007843138,0.1568628
53,14,9.81,500,0.7,1,0.3,160,100000,1,0.1,0.05,3.3,1,1,0,400000,1,1,0.05,3.3s,1,0.0001,1000,9.496924,0.3333333,0,0,0,0,0,0.0509804,0.007843138,0.1568628
53,15,9.81,500,0.7,1,0.3,160,100000,1,0.1,0.05,3.3,1,1,0,400000,1,1,0.05,3.3s,1,0.0001,1000,9.496924,0.3333333,0,0,0.003921569,0.007843138,0.01176471,0.04705883,0.01176471,0.1568628
53,16,9.81,500,0.7,1,0.3,160,100000,1,0.1,0.05,3.3,1,1,0,400000,1,1,0.05,3.3s,1,0.0001,1000,9.496924,0.3333333,0,0,0.003921569,0.01960784,0.03137255,0.04313726,0.01568628,0.1568628
53,17,9.81,500,0.7,1,0.3,160,100000,1,0.1,0.05,3.3,1,1,0,400000,1,1,0.05,3.3s,1,0.0001,1000,9.496924,0.3333333,0,0,0.003921569,0.02352941,0.0509804,0.03529412,0.01960784,0.1568628
53,18,9.81,500,0.7,1,0.3,160,100000,1,0.1,0.05,3.3,1,1,0,400000,1,1,0.05,3.3s,1,0.0001,1000,9.496924,0.3333333,0,0,0.003921569,0.03137255,0.07058824,0.03137255,0.02352941,0.1568628
53,19,9.81,500,0.7,1,0.3,160,100000,1,0.1,0.05,3.3,1,1,0,400000,1,1,0.05,3.3s,1,0.0001,1000,9.496924,0.3333333,0.003921569,0,0.003921569,0.03529412,0.08627451,0.02745098,0.02745098,0.1568628
53,20,9.81,500,0.7,1,0.3,160,100000,1,0.1,0.05,3.3,1,1,0,400000,1,1,0.05,3.3s,1,0.0001,1000,9.496924,0.3333333,0.003921569,0,0.003921569,0.04313726,0.1019608,0.02352941,0.03137255,0.1568628
53,21,9.81,500,0.7,1,0.3,160,100000,1,0.1,0.05,3.3,1,1,0,400000,1,1,0.05,3.3s,1,0.0001,1000,9.496924,0.3333333,0.003921569,0,0.007843138,0.05882353,0.1098039,0.01568628,0.03137255,0.1568628
53,22,9.81,500,0.7,1,0.3,160,100000,1,0.1,0.05,3.3,1,1,0,400000,1,1,0.05,3.3s,1,0.0001,1000,9.496924,0.3333333,0.003921569,0,0.007843138,0.07058824,0.1176471,0.007843138,0.03529412,0.1607843
53,23,9.81,500,0.7,1,0.3,160,100000,1,0.1,0.05,3.3,1,1,0,400000,1,1,0.05,3.3s,1,0.0001,1000,9.496924,0.3333333,0.003921569,0,0.007843138,0.07843138,0.1176471,0,0.03529412,0.1607843
53,24,9.81,500,0.7,1,0.3,160,100000,1,0.1,0.05,3.3,1,1,0,400000,1,1,0.05,3.3s,1,0.0001,1000,9.496924,0.3333333,0.003921569,0,0.007843138,0.08235294,0.1176471,0,0.03137255,0.1647059
53,25,9.81,500,0.7,1,0.3,160,100000,1,0.1,0.05,3.3,1,1,0,400000,1,1,0.05,3.3s,1,0.0001,1000,9.496924,0.3333333,0.003921569,0,0.007843138,0.07058824,0.1098039,0,0.03137255,0.1686275
53,26,9.81,500,0.7,1,0.3,160,100000,1,0.1,0.05,3.3,1,1,0,400000,1,1,0.05,3.3s,1,0.0001,1000,9.496924,0.3333333,0,0,0.003921569,0.04313726,0.1019608,0,0.03137255,0.172549
53,27,9.81,500,0.7,1,0.3,160,100000,1,0.1,0.05,3.3,1,1,0,400000,1,1,0.05,3.3s,1,0.0001,1000,9.496924,0.3333333,0,0,0.003921569,0.007843138,0.09411766,0,0.03137255,0.1764706
53,28,9.81,500,0.7,1,0.3,160,100000,1,0.1,0.05,3.3,1,1,0,400000,1,1,0.05,3.3s,1,0.0001,1000,9.496924,0.3333333,0,0,0.003921569,0,0.08235294,0,0.02745098,0.1764706
53,29,9.81,500,0.7,1,0.3,160,100000,1,0.1,0.05,3.3,1,1,0,400000,1,1,0.05,3.3s,1,0.0001,1000,9.496924,0.3333333,0,0,0.003921569,0,0.06666667,0,0.03137255,0.1764706
53,30,9.81,500,0.7,1,0.3,160,100000,1,0.1,0.05,3.3,1,1,0,400000,1,1,0.05,3.3s,1,0.0001,1000,9.496924,0.3333333,0,0,0.003921569,0,0.0509804,0,0.03137255,0.172549
53,31,9.81,500,0.7,1,0.3,160,100000,1,0.1,0.05,3.3,1,1,0,400000,1,1,0.05,3.3s,1,0.0001,1000,9.496924,0.3333333,0,0,0,0,0.03529412,0,0.03529412,0.1647059
53,32,9.81,500,0.7,1,0.3,160,100000,1,0.1,0.05,3.3,1,1,0,400000,1,1,0.05,3.3s,1,0.0001,1000,9.496924,0.3333333,0,0,0,0,0.01960784,0.007843138,0.03921569,0.1607843
53,33,9.81,500,0.7,1,0.3,160,100000,1,0.1,0.05,3.3,1,1,0,400000,1,1,0.05,3.3s,1,0.0001,1000,9.496924,0.3333333,0,0,0,0,0.003921569,0.03921569,0.03921569,0.1529412
53,34,9.81,500,0.7,1,0.3,160,100000,1,0.1,0.05,3.3,1,1,0,400000,1,1,0.05,3.3s,1,0.0001,1000,9.496924,0.3333333,0,0,0,0,0,0.06666667,0.04313726,0.1490196
53,35,9.81,500,0.7,1,0.3,160,100000,1,0.1,0.05,3.3,1,1,0,400000,1,1,0.05,3.3s,1,0.0001,1000,9.496924,0.3333333,0,0,0,0,0,0.09019608,0.04705883,0.145098
53,36,9.81,500,0.7,1,0.3,160,100000,1,0.1,0.05,3.3,1,1,0,400000,1,1,0.05,3.3s,1,0.0001,1000,9.496924,0.3333333,0,0,0,0,0,0.1058824,0.0509804,0.145098
53,37,9.81,500,0.7,1,0.3,160,100000,1,0.1,0.05,3.3,1,1,0,400000,1,1,0.05,3.3s,1,0.0001,1000,9.496924,0.3333333,0,0,0,0,0,0.1098039,0.0509804,0.1411765
53,38,9.81,500,0.7,1,0.3,160,100000,1,0.1,0.05,3.3,1,1,0,400000,1,1,0.05,3.3s,1,0.0001,1000,9.496924,0.3333333,0.003921569,0,0,0.04313726,0,0.1098039,0.0509804,0.145098
53,39,9.81,500,0.7,1,0.3,160,100000,1,0.1,0.05,3.3,1,1,0,400000,1,1,0.05,3.3s,1,0.0001,1000,9.496924,0.3333333,0.003921569,0,0,0.08235294,0,0.09803922,0.04705883,0.145098
53,40,9.81,500,0.7,1,0.3,160,100000,1,0.1,0.05,3.3,1,1,0,400000,1,1,0.05,3.3s,1,0.0001,1000,9.496924,0.3333333,0.007843138,0,0,0.1137255,0,0.08627451,0.04313726,0.1490196
53,41,9.81,500,0.7,1,0.3,160,100000,1,0.1,0.05,3.3,1,1,0,400000,1,1,0.05,3.3s,1,0.0001,1000,9.496924,0.3333333,0.007843138,0,0,0.1411765,0,0.06666667,0.03529412,0.1490196
53,42,9.81,500,0.7,1,0.3,160,100000,1,0.1,0.05,3.3,1,1,0,400000,1,1,0.05,3.3s,1,0.0001,1000,9.496924,0.3333333,0.007843138,0,0,0.1568628,0,0.0509804,0.02745098,0.1529412
53,43,9.81,500,0.7,1,0.3,160,100000,1,0.1,0.05,3.3,1,1,0,400000,1,1,0.05,3.3s,1,0.0001,1000,9.496924,0.3333333,0.007843138,0,0,0.1647059,0,0.03137255,0.01960784,0.1568628
53,44,9.81,500,0.7,1,0.3,160,100000,1,0.1,0.05,3.3,1,1,0,400000,1,1,0.05,3.3s,1,0.0001,1000,9.496924,0.3333333,0.007843138,0,0,0.1686275,0,0.01176471,0.01176471,0.1647059
53,45,9.81,500,0.7,1,0.3,160,100000,1,0.1,0.05,3.3,1,1,0,400000,1,1,0.05,3.3s,1,0.0001,1000,9.496924,0.3333333,0.007843138,0,0,0.1686275,0.01176471,0,0.003921569,0.1686275
53,46,9.81,500,0.7,1,0.3,160,100000,1,0.1,0.05,3.3,1,1,0,400000,1,1,0.05,3.3s,1,0.0001,1000,9.496924,0.3333333,0.007843138,0,0,0.1647059,0.02745098,0,0,0.172549
53,47,9.81,500,0.7,1,0.3,160,100000,1,0.1,0.05,3.3,1,1,0,400000,1,1,0.05,3.3s,1,0.0001,1000,9.496924,0.3333333,0.007843138,0.003921569,0,0.1607843,0.04313726,0,0,0.1764706
53,48,9.81,500,0.7,1,0.3,160,100000,1,0.1,0.05,3.3,1,1,0,400000,1,1,0.05,3.3s,1,0.0001,1000,9.496924,0.3333333,0.007843138,0.003921569,0,0.1490196,0.05882353,0,0,0.1803922
53,49,9.81,500,0.7,1,0.3,160,100000,1,0.1,0.05,3.3,1,1,0,400000,1,1,0.05,3.3s,1,0.0001,1000,9.496924,0.3333333,0.007843138,0.007843138,0.003921569,0.1333333,0.06666667,0,0,0.1843137
53,50,9.81,500,0.7,1,0.3,160,100000,1,0.1,0.05,3.3,1,1,0,400000,1,1,0.05,3.3s,1,0.0001,1000,9.496924,0.3333333,0.007843138,0.007843138,0.003921569,0.1137255,0.07450981,0,0,0.1882353
53,51,9.81,500,0.7,1,0.3,160,100000,1,0.1,0.05,3.3,1,1,0,400000,1,1,0.05,3.3s,1,0.0001,1000,9.496924,0.3333333,0.003921569,0.01176471,0.003921569,0.08235294,0.07843138,0,0,0.1921569
53,52,9.81,500,0.7,1,0.3,160,100000,1,0.1,0.05,3.3,1,1,0,400000,1,1,0.05,3.3s,1,0.0001,1000,9.496924,0.3333333,0.003921569,0.01176471,0.003921569,0.04313726,0.07843138,0,0,0.1921569
53,53,9.81,500,0.7,1,0.3,160,100000,1,0.1,0.05,3.3,1,1,0,400000,1,1,0.05,3.3s,1,0.0001,1000,9.496924,0.3333333,0,0.01176471,0.003921569,0.003921569,0.07450981,0,0,0.1960784
53,54,9.81,500,0.7,1,0.3,160,100000,1,0.1,0.05,3.3,1,1,0,400000,1,1,0.05,3.3s,1,0.0001,1000,9.496924,0.3333333,0,0.01176471,0.003921569,0,0.06666667,0,0,0.1921569
53,55,9.81,500,0.7,1,0.3,160,100000,1,0.1,0.05,3.3,1,1,0,400000,1,1,0.05,3.3s,1,0.0001,1000,9.496924,0.3333333,0,0.01176471,0.003921569,0,0.0627451,0,0,0.1921569
53,56,9.81,500,0.7,1,0.3,160,100000,1,0.1,0.05,3.3,1,1,0,400000,1,1,0.05,3.3s,1,0.0001,1000,9.496924,0.3333333,0,0.007843138,0.003921569,0,0.05490196,0,0,0.1882353
53,57,9.81,500,0.7,1,0.3,160,100000,1,0.1,0.05,3.3,1,1,0,400000,1,1,0.05,3.3s,1,0.0001,1000,9.496924,0.3333333,0,0.007843138,0.003921569,0,0.0509804,0,0,0.1803922
53,58,9.81,500,0.7,1,0.3,160,100000,1,0.1,0.05,3.3,1,1,0,400000,1,1,0.05,3.3s,1,0.0001,1000,9.496924,0.3333333,0,0.003921569,0.003921569,0,0.0509804,0,0,0.1764706
53,59,9.81,500,0.7,1,0.3,160,100000,1,0.1,0.05,3.3,1,1,0,400000,1,1,0.05,3.3s,1,0.0001,1000,9.496924,0.3333333,0,0.003921569,0.003921569,0,0.0509804,0,0,0.172549
53,60,9.81,500,0.7,1,0.3,160,100000,1,0.1,0.05,3.3,1,1,0,400000,1,1,0.05,3.3s,1,0.0001,1000,9.496924,0.3333333,0,0,0.003921569,0,0.04705883,0,0,0.1686275
53,61,9.81,500,0.7,1,0.3,160,100000,1,0.1,0.05,3.3,1,1,0,400000,1,1,0.05,3.3s,1,0.0001,1000,9.496924,0.3333333,0,0,0.003921569,0,0.04705883,0.007843138,0,0.1686275
53,62,9.81,500,0.7,1,0.3,160,100000,1,0.1,0.05,3.3,1,1,0,400000,1,1,0.05,3.3s,1,0.0001,1000,9.496924,0.3333333,0,0,0.003921569,0,0.04313726,0.01568628,0,0.1647059
53,63,9.81,500,0.7,1,0.3,160,100000,1,0.1,0.05,3.3,1,1,0,400000,1,1,0.05,3.3s,1,0.0001,1000,9.496924,0.3333333,0,0,0.003921569,0,0.03529412,0.01568628,0,0.1647059
54,0,9.81,500,0.7,1,0.3,160,100000,1,0.1,0.05,3.3,1,1,0,400000,1,1,0.05,3.3s,1,0.0001,1000,9.496924,0.3333333,0,0,0,0,0.01960784,0.01176471,0,0.1647059
54,1,9.81,500,0.7,1,0.3,160,100000,1,0.1,0.05,3.3,1,1,0,400000,1,1,0.05,3.3s,1,0.0001,1000,9.496924,0.3333333,0,0,0,0,0.01176471,0.01176471,0.003921569,0.1647059
54,2,9.81,500,0.7,1,0.3,160,100000,1,0.1,0.05,3.3,1,1,0,400000,1,1,0.05,3.3s,1,0.0001,1000,9.496924,0.3333333,0,0,0,0,0.003921569,0.007843138,0.007843138,0.1647059
54,3,9.81,500,0.7,1,0.3,160,100000,1,0.1,0.05,3.3,1,1,0,400000,1,1,0.05,3.3s,1,0.0001,1000,9.496924,0.3333333,0,0,0,0,0,0.007843138,0.01176471,0.1647059
54,4,9.81,500,0.7,1,0.3,160,100000,1,0.1,0.05,3.3,1,1,0,400000,1,1,0.05,3.3s,1,0.0001,1000,9.496924,0.3333333,0,0,0,0,0,0.003921569,0.01176471,0.1647059
54,5,9.81,500,0.7,1,0.3,160,100000,1,0.1,0.05,3.3,1,1,0,400000,1,1,0.05,3.3s,1,0.0001,1000,9.496924,0.3333333,0,0,0,0,0,0.003921569,0.01176471,0.1647059
54,6,9.81,500,0.7,1,0.3,160,100000,1,0.1,0.05,3.3,1,1,0,400000,1,1,0.05,3.3s,1,0.0001,1000,9.496924,0.3333333,0,0,0,0,0,0.007843138,0.01176471,0.1647059
54,7,9.81,500,0.7,1,0.3,160,100000,1,0.1,0.05,3.3,1,1,0,400000,1,1,0.05,3.3s,1,0.0001,1000,9.496924,0.3333333,0,0,0,0,0,0.01176471,0.01176471,0.1647059
54,8,9.81,500,0.7,1,0.3,160,100000,1,0.1,0.05,3.3,1,1,0,400000,1,1,0.05,3.3s,1,0.0001,1000,9.496924,0.3333333,0,0,0,0,0,0.01568628,0.01176471,0.1607843
54,9,9.81,500,0.7,1,0.3,160,100000,1,0.1,0.05,3.3,1,1,0,400000,1,1,0.05,3.3s,1,0.0001,1000,9.496924,0.3333333,0,0,0,0,0,0.02352941,0.01176471,0.1607843
54,10,9.81,500,0.7,1,0.3,160,100000,1,0.1,0.05,3.3,1,1,0,400000,1,1,0.05,3.3s,1,0.0001,1000,9.496924,0.3333333,0,0,0,0,0,0.03529412,0.007843138,0.1607843
54,11,9.81,500,0.7,1,0.3,160,100000,1,0.1,0.05,3.3,1,1,0,400000,1,1,0.05,3.3s,1,0.0001,1000,9.496924,0.3333333,0,0,0,0,0,0.04705883,0.007843138,0.1568628
54,12,9.81,500,0.7,1,0.3,160,100000,1,0.1,0.05,3.3,1,1,0,400000,1,1,0.05,3.3s,1,0.0001,1000,9.496924,0.3333333,0,0,0,0,0,0.05490196,0.007843138,0.1568628
54,13,9.81,500,0.7,1,0.3,160,100000,1,0.1,0.05,3.3,1,1,0,400000,1,1,0.05,3.3s,1,0.0001,1000,9.496924,0.3333333,0,0,0,0,0,0.05882353,0.007843138,0.1568628
54,14,9.81,500,0.7,1,0.3,160,100000,1,0.1,0.05,3.3,1,1,0,400000,1,1,0.05,3.3s,1,0.0001,1000,9.496924,0.3333333,0,0,0,0.007843138,0,0.05882353,0.01176471,0.1568628
54,15,9.81,500,0.7,1,0.3,160,100000,1,0.1,0.05,3.3,1,1,0,400000,1,1,0.05,3.3s,1,0.0001,1000,9.496924,0.3333333,0,0,0.003921569,0.02745098,0.007843138,0.0509804,0.01176471,0.1568628
54,16,9.81,500,0.7,1,0.3,160,100000,1,0.1,0.05,3.3,1,1,0,400000,1,1,0.05,3.3s,1,0.0001,1000,9.496924,0.3333333,0,0,0.003921569,0.03921569,0.02745098,0.04313726,0.01568628,0.1568628
54,17,9.81,500,0.7,1,0.3,160,100000,1,0.1,0.05,3.3,1,1,0,400000,1,1,0.05,3.3s,1,0.0001,1000,9.496924,0.3333333,0,0,0.003921569,0.04705883,0.0509804,0.03529412,0.01568628,0.1607843
54,18,9.81,500,0.7,1,0.3,160,100000,1,0.1,0.05,3.3,1,1,0,400000,1,1,0.05,3.3s,1,0.0001,1000,9.496924,0.3333333,0.003921569,0,0.003921569,0.0509804,0.07058824,0.02352941,0.01960784,0.1607843
54,19,9.81,500,0.7,1,0.3,160,100000,1,0.1,0.05,3.3,1,1,0,400000,1,1,0.05,3.3s,1,0.0001,1000,9.496924,0.3333333,0.003921569,0,0.003921569,0.0509804,0.09019608,0.01960784,0.02352941,0.1607843
54,20,9.81,500,0.7,1,0.3,160,100000,1,0.1,0.05,3.3,1,1,0,400000,1,1,0.05,3.3s,1,0.0001,1000,9.496924,0.3333333,0.003921569,0,0.007843138,0.05882353,0.1058824,0.01176471,0.02352941,0.1607843
54,21,9.81,500,0.7,1,0.3,160,100000,1,0.1,0.05,3.3,1,1,0,400000,1,1,0.05,3.3s,1,0.0001,1000,9.496924,0.3333333,0.003921569,0,0.007843138,0.06666667,0.1176471,0.007843138,0.02352941,0.1607843
54,22,9.81,500,0.7,1,0.3,160,100000,1,0.1,0.05,3.3,1,1,0,400000,1,1,0.05,3.3s,1,0.0001,1000,9.496924,0.3333333,0.003921569,0,0.007843138,0.07450981,0.1254902,0,0.02745098,0.1647059
54,23,9.81,500,0.7,1,0.3,160,100000,1,0.1,0.05,3.3,1,1,0,400000,1,1,0.05,3.3s,1,0.0001,1000,9.496924,0.3333333,0.003921569,0,0.007843138,0.07843138,0.1254902,0,0.02745098,0.1647059
54,24,9.81,500,0.7,1,0.3,160,100000,1,0.1,0.05,3.3,1,1,0,400000,1,1,0.05,3.3s,1,0.0001,1000,9.496924,0.3333333,0.003921569,0,0.007843138,0.07450981,0.1215686,0,0.02352941,0.1686275
54,25,9.81,500,0.7,1,0.3,160,100000,1,0.1,0.05,3.3,1,1,0,400000,1,1,0.05,3.3s,1,0.0001,1000,9.496924,0.3333333,0,0,0.007843138,0.0627451,0.1137255,0,0.02352941,0.172549
54,26,9.81,500,0.7,1,0.3,160,100000,1,0.1,0.05,3.3,1,1,0,400000,1,1,0.05,3.3s,1,0.0001,1000,9.496924,0.3333333,0,0,0.007843138,0.03529412,0.1019608,0,0.01960784,0.1764706
54,27,9.81,500,0.7,1,0.3,160,100000,1,0.1,0.05,3.3,1,1,0,400000,1,1,0.05,3.3s,1,0.0001,1000,9.496924,0.3333333,0,0,0.003921569,0,0.09019608,0,0.01960784,0.1803922
54,28,9.81,500,0.7,1,0.3,160,100000,1,0.1,0.05,3.3,1,1,0,400000,1,1,0.05,3.3s,1,0.0001,1000,9.496924,0.3333333,0,0,0.003921569,0,0.07843138,0,0.01960784,0.1803922
54,29,9.81,500,0.7,1,0.3,160,100000,1,0.1,0.05,3.3,1,1,0,400000,1,1,0.05,3.3s,1,0.0001,1000,9.496924,0.3333333,0,0,0.003921569,0,0.0627451,0,0.01960784,0.1764706
54,30,9.81,500,0.7,1,0.3,160,100000,1,0.1,0.05,3.3,1,1,0,400000,1,1,0.05,3.3s,1,0.0001,1000,9.496924,0.3333333,0,0,0.003921569,0,0.0509804,0,0.02352941,0.172549
54,31,9.81,500,0.7,1,0.3,160,100000,1,0.1,0.05,3.3,1,1,0,400000,1,1,0.05,3.3s,1,0.0001,1000,9.496924,0.3333333,0,0,0.003921569,0,0.03529412,0,0.02745098,0.1686275
54,32,9.81,500,0.7,1,0.3,160,100000,1,0.1,0.05,3.3,1,1,0,400000,1,1,0.05,3.3s,1,0.0001,1000,9.496924,0.3333333,0,0,0,0,0.01960784,0.007843138,0.03137255,0.1607843
54,33,9.81,500,0.7,1,0.3,160,100000,1,0.1,0.05,3.3,1,1,0,400000,1,1,0.05,3.3s,1,0.0001,1000,9.496924,0.3333333,0,0,0,0,0.003921569,0.04313726,0.03529412,0.1529412
54,34,9.81,500,0.7,1,0.3,160,100000,1,0.1,0.05,3.3,1,1,0,400000,1,1,0.05,3.3s,1,0.0001,1000,9.496924,0.3333333,0,0,0,0,0,0.07450981,0.03921569,0.1490196
54,35,9.81,500,0.7,1,0.3,160,100000,1,0.1,0.05,3.3,1,1,0,400000,1,1,0.05,3.3s,1,0.0001,1000,9.496924,0.3333333,0,0,0,0,0,0.09803922,0.04313726,0.145098
54,36,9.81,500,0.7,1,0.3,160,100000,1,0.1,0.05,3.3,1,1,0,400000,1,1,0.05,3.3s,1,0.0001,1000,9.496924,0.3333333,0,0,0,0,0,0.1137255,0.04705883,0.145098
54,37,9.81,500,0.7,1,0.3,160,100000,1,0.1,0.05,3.3,1,1,0,400000,1,1,0.05,3.3s,1,0.0001,1000,9.496924,0.3333333,0,0,0,0,0,0.1215686,0.04705883,0.1411765
54,38,9.81,500,0.7,1,0.3,160,100000,1,0.1,0.05,3.3,1,1,0,400000,1,1,0.05,3.3s,1,0.0001,1000,9.496924,0.3333333,0.003921569,0,0,0.03921569,0,0.1176471,0.04705883,0.1411765
54,39,9.81,500,0.7,1,0.3,160,100000,1,0.1,0.05,3.3,1,1,0,400000,1,1,0.05,3.3s,1,0.0001,1000,9.496924,0.3333333,0.003921569,0,0,0.08235294,0,0.1098039,0.04313726,0.145098
54,40,9.81,500,0.7,1,0.3,160,100000,1,0.1,0.05,3.3,1,1,0,400000,1,1,0.05,3.3s,1,0.0001,1000,9.496924,0.3333333,0.007843138,0,0,0.1176471,0,0.09411766,0.03921569,0.145098
54,41,9.81,500,0.7,1,0.3,160,100000,1,0.1,0.05,3.3,1,1,0,400000,1,1,0.05,3.3s,1,0.0001,1000,9.496924,0.3333333,0.007843138,0,0,0.1490196,0,0.07843138,0.03137255,0.1490196
54,42,9.81,500,0.7,1,0.3,160,100000,1,0.1,0.05,3.3,1,1,0,400000,1,1,0.05,3.3s,1,0.0001,1000,9.496924,0.3333333,0.007843138,0,0,0.1686275,0,0.05882353,0.02352941,0.1529412
54,43,9.81,500,0.7,1,0.3,160,100000,1,0.1,0.05,3.3,1,1,0,400000,1,1,0.05,3.3s,1,0.0001,1000,9.496924,0.3333333,0.007843138,0,0,0.1803922,0,0.03529412,0.01568628,0.1568628
54,44,9.81,500,0.7,1,0.3,160,100000,1,0.1,0.05,3.3,1,1,0,400000,1,1,0.05,3.3s,1,0.0001,1000,9.496924,0.3333333,0.01176471,0,0,0.1843137,0,0.01568628,0.003921569,0.1647059
54,45,9.81,500,0.7,1,0.3,160,100000,1,0.1,0.05,3.3,1,1,0,400000,1,1,0.05,3.3s,1,0.0001,1000,9.496924,0.3333333,0.01176471,0,0,0.1843137,0.003921569,0,0,0.1686275
54,46,9.81,500,0.7,1,0.3,160,100000,1,0.1,0.05,3.3,1,1,0,400000,1,1,0.05,3.3s,1,0.0001,1000,9.496924,0.3333333,0.01176471,0,0,0.1803922,0.01960784,0,0,0.172549
54,47,9.81,500,0.7,1,0.3,160,100000,1,0.1,0.05,3.3,1,1,0,400000,1,1,0.05,3.3s,1,0.0001,1000,9.496924,0.3333333,0.007843138,0.003921569,0,0.172549,0.03137255,0,0,0.1764706
54,48,9.81,500,0.7,1,0.3,160,100000,1,0.1,0.05,3.3,1,1,0,400000,1,1,0.05,3.3s,1,0.0001,1000,9.496924,0.3333333,0.007843138,0.003921569,0,0.1607843,0.04313726,0,0,0.1803922
54,49,9.81,500,0.7,1,0.3,160,100000,1,0.1,0.05,3.3,1,1,0,400000,1,1,0.05,3.3s,1,0.0001,1000,9.496924,0.3333333,0.007843138,0.007843138,0,0.145098,0.0509804,0,0,0.1843137
54,50,9.81,500,0.7,1,0.3,160,100000,1,0.1,0.05,3.3,1,1,0,400000,1,1,0.05,3.3s,1,0.0001,1000,9.496924,0.3333333,0.007843138,0.01176471,0.003921569,0.1176471,0.05882353,0,0,0.1921569
54,51,9.81,500,0.7,1,0.3,160,100000,1,0.1,0.05,3.3,1,1,0,400000,1,1,0.05,3.3s,1,0.0001,1000,9.496924,0.3333333,0.003921569,0.01176471,0.003921569,0.08235294,0.05882353,0,0,0.1960784
54,52,9.81,500,0.7,1,0.3,160,100000,1,0.1,0.05,3.3,1,1,0,400000,1,1,0.05,3.3s,1,0.0001,1000,9.496924,0.3333333,0.003921569,0.01176471,0.003921569,0.03921569,0.05882353,0,0,0.1960784
54,53,9.81,500,0.7,1,0.3,160,100000,1,0.1,0.05,3.3,1,1,0,400000,1,1,0.05,3.3s,1,0.0001,1000,9.496924,0.3333333,0,0.01176471,0.003921569,0,0.0509804,0,0,0.1960784
54,54,9.81,500,0.7,1,0.3,160,100000,1,0.1,0.05,3.3,1,1,0,400000,1,1,0.05,3.3s,1,0.0001,1000,9.496924,0.3333333,0,0.01176471,0.003921569,0,0.04313726,0,0,0.1960784
54,55,9.81,500,0.7,1,0.3,160,100000,1,0.1,0.05,3.3,1,1,0,400000,1,1,0.05,3.3s,1,0.0001,1000,9.496924,0.3333333,0,0.01176471,0.003921569,0,0.03921569,0,0,0.1921569
54,56,9.81,500,0.7,1,0.3,160,100000,1,0.1,0.05,3.3,1,1,0,400000,1,1,0.05,3.3s,1,0.0001,1000,9.496924,0.3333333,0,0.01176471,0.003921569,0,0.03137255,0,0,0.1882353
54,57,9.81,500,0.7,1,0.3,160,100000,1,0.1,0.05,3.3,1,1,0,400000,1,1,0.05,3.3s,1,0.0001,1000,9.496924,0.3333333,0,0.007843138,0.003921569,0,0.02745098,0,0,0.1843137
54,58,9.81,500,0.7,1,0.3,160,100000,1,0.1,0.05,3.3,1,1,0,400000,1,1,0.05,3.3s,1,0.0001,1000,9.496924,0.3333333,0,0.007843138,0.003921569,0,0.02745098,0,0,0.1764706
54,59,9.81,500,0.7,1,0.3,160,100000,1,0.1,0.05,3.3,1,1,0,400000,1,1,0.05,3.3s,1,0.0001,1000,9.496924,0.3333333,0,0.003921569,0.003921569,0,0.02745098,0,0,0.172549
54,60,9.81,500,0.7,1,0.3,160,100000,1,0.1,0.05,3.3,1,1,0,400000,1,1,0.05,3.3s,1,0.0001,1000,9.496924,0.3333333,0,0.003921569,0.003921569,0,0.03137255,0,0,0.172549
54,61,9.81,500,0.7,1,0.3,160,100000,1,0.1,0.05,3.3,1,1,0,400000,1,1,0.05,3.3s,1,0.0001,1000,9.496924,0.3333333,0,0,0.003921569,0,0.03137255,0.007843138,0,0.1686275
54,62,9.81,500,0.7,1,0.3,160,100000,1,0.1,0.05,3.3,1,1,0,400000,1,1,0.05,3.3s,1,0.0001,1000,9.496924,0.3333333,0,0,0.003921569,0,0.03137255,0.01176471,0,0.1647059
54,63,9.81,500,0.7,1,0.3,160,100000,1,0.1,0.05,3.3,1,1,0,400000,1,1,0.05,3.3s,1,0.0001,1000,9.496924,0.3333333,0,0,0.003921569,0,0.02745098,0.01176471,0,0.1647059
55,0,9.81,500,0.7,1,0.3,160,100000,1,0.1,0.05,3.3,1,1,0,400000,1,1,0.05,3.3s,1,0.0001,1000,9.496924,0.3333333,0,0,0,0,0.01568628,0.007843138,0,0.1647059
55,1,9.81,500,0.7,1,0.3,160,100000,1,0.1,0.05,3.3,1,1,0,400000,1,1,0.05,3.3s,1,0.0001,1000,9.496924,0.3333333,0,0,0,0,0.007843138,0.007843138,0.007843138,0.1647059
55,2,9.81,500,0.7,1,0.3,160,100000,1,0.1,0.05,3.3,1,1,0,400000,1,1,0.05,3.3s,1,0.0001,1000,9.496924,0.3333333,0,0,0,0,0,0.007843138,0.01176471,0.1647059
55,3,9.81,500,0.7,1,0.3,160,100000,1,0.1,0.05,3.3,1,1,0,400000,1,1,0.05,3.3s,1,0.0001,1000,9.496924,0.3333333,0,0,0,0,0,0.007843138,0.01176471,0.1647059
55,4,9.81,500,0.7,1,0.3,160,100000,1,0.1,0.05,3.3,1,1,0,400000,1,1,0.05,3.3s,1,0.0001,1000,9.496924,0.3333333,0,0,0,0,0,0.007843138,0.01568628,0.1647059
55,5,9.81,500,0.7,1,0.3,160,100000,1,0.1,0.05,3.3,1,1,0,400000,1,1,0.05,3.3s,1,0.0001,1000,9.496924,0.3333333,0,0,0,0,0,0.007843138,0.01568628,0.1607843
55,6,9.81,500,0.7,1,0.3,160,100000,1,0.1,0.05,3.3,1,1,0,400000,1,1,0.05,3.3s,1,0.0001,1000,9.496924,0.3333333,0,0,0,0,0,0.01176471,0.01960784,0.1607843
55,7,9.81,500,0.7,1,0.3,160,100000,1,0.1,0.05,3.3,1,1,0,400000,1,1,0.05,3.3s,1,0.0001,1000,9.496924,0.3333333,0,0,0,0,0,0.01568628,0.01960784,0.1607843
55,8,9.81,500,0.7,1,0.3,160,100000,1,0.1,0.05,3.3,1,1,0,400000,1,1,0.05,3.3s,1,0.0001,1000,9.496924,0.3333333,0,0,0,0,0,0.02352941,0.01568628,0.1607843
55,9,9.81,500,0.7,1,0.3,160,100000,1,0.1,0.05,3.3,1,1,0,400000,1,1,0.05,3.3s,1,0.0001,1000,9.496924,0.3333333,0,0,0,0,0,0.03137255,0.01568628,0.1568628
55,10,9.81,500,0.7,1,0.3,160,100000,1,0.1,0.05,3.3,1,1,0,400000,1,1,0.05,3.3s,1,0.0001,1000,9.496924,0.3333333,0,0,0,0,0,0.04313726,0.01568628,0.1568628
55,11,9.81,500,0.7,1,0.3,160,100000,1,0.1,0.05,3.3,1,1,0,400000,1,1,0.05,3.3s,1,0.0001,1000,9.496924,0.3333333,0,0,0,0,0,0.05490196,0.01568628,0.1568628
55,12,9.81,500,0.7,1,0.3,160,100000,1,0.1,0.05,3.3,1,1,0,400000,1,1,0.05,3.3s,1,0.0001,1000,9.496924,0.3333333,0,0,0,0,0,0.0627451,0.01568628,0.1529412
55,13,9.81,500,0.7,1,0.3,160,100000,1,0.1,0.05,3.3,1,1,0,400000,1,1,0.05,3.3s,1,0.0001,1000,9.496924,0.3333333,0,0,0,0,0,0.06666667,0.01568628,0.1529412
55,14,9.81,500,0.7,1,0.3,160,100000,1,0.1,0.05,3.3,1,1,0,400000,1,1,0.05,3.3s,1,0.0001,1000,9.496924,0.3333333,0,0,0.003921569,0.02745098,0,0.06666667,0.01568628,0.1529412
55,15,9.81,500,0.7,1,0.3,160,100000,1,0.1,0.05,3.3,1,1,0,400000,1,1,0.05,3.3s,1,0.0001,1000,9.496924,0.3333333,0,0,0.003921569,0.04705883,0.007843138,0.05490196,0.01568628,0.1568628
55,16,9.81,500,0.7,1,0.3,160,100000,1,0.1,0.05,3.3,1,1,0,400000,1,1,0.05,3.3s,1,0.0001,1000,9.496924,0.3333333,0.003921569,0,0.003921569,0.0627451,0.02745098,0.04313726,0.01568628,0.1568628
55,17,9.81,500,0.7,1,0.3,160,100000,1,0.1,0.05,3.3,1,1,0,400000,1,1,0.05,3.3s,1,0.0001,1000,9.496924,0.3333333,0.003921569,0,0.003921569,0.06666667,0.0509804,0.03137255,0.01568628,0.1607843
55,18,9.81,500,0.7,1,0.3,160,100000,1,0.1,0.05,3.3,1,1,0,400000,1,1,0.05,3.3s,1,0.0001,1000,9.496924,0.3333333,0.003921569,0,0.003921569,0.07058824,0.07450981,0.01960784,0.01568628,0.1607843
55,19,9.81,500,0.7,1,0.3,160,100000,1,0.1,0.05,3.3,1,1,0,400000,1,1,0.05,3.3s,1,0.0001,1000,9.496924,0.3333333,0.003921569,0,0.007843138,0.07058824,0.09411766,0.01176471,0.01568628,0.1607843
55,20,9.81,500,0.7,1,0.3,160,100000,1,0.1,0.05,3.3,1,1,0,400000,1,1,0.05,3.3s,1,0.0001,1000,9.496924,0.3333333,0.003921569,0,0.007843138,0.07058824,0.1098039,0.003921569,0.01960784,0.1647059
55,21,9.81,500,0.7,1,0.3,160,100000,1,0.1,0.05,3.3,1,1,0,400000,1,1,0.05,3.3s,1,0.0001,1000,9.496924,0.3333333,0.003921569,0,0.007843138,0.07450981,0.1215686,0,0.01960784,0.1647059
55,22,9.81,500,0.7,1,0.3,160,100000,1,0.1,0.05,3.3,1,1,0,400000,1,1,0.05,3.3s,1,0.0001,1000,9.496924,0.3333333,0.003921569,0,0.007843138,0.07843138,0.1254902,0,0.01960784,0.1647059
55,23,9.81,500,0.7,1,0.3,160,100000,1,0.1,0.05,3.3,1,1,0,400000,1,1,0.05,3.3s,1,0.0001,1000,9.496924,0.3333333,0.003921569,0,0.007843138,0.07843138,0.1254902,0,0.01960784,0.1686275
55,24,9.81,500,0.7,1,0.3,160,100000,1,0.1,0.05,3.3,1,1,0,400000,1,1,0.05,3.3s,1,0.0001,1000,9.496924,0.3333333,0.003921569,0,0.007843138,0.07058824,0.1215686,0,0.01568628,0.172549
55,25,9.81,500,0.7,1,0.3,160,100000,1,0.1,0.05,3.3,1,1,0,400000,1,1,0.05,3.3s,1,0.0001,1000,9.496924,0.3333333,0,0,0.007843138,0.0509804,0.1137255,0,0.01568628,0.1764706
55,26,9.81,500,0.7,1,0.3,160,100000,1,0.1,0.05,3.3,1,1,0,400000,1,1,0.05,3.3s,1,0.0001,1000,9.496924,0.3333333,0,0,0.007843138,0.01960784,0.1019608,0,0.01176471,0.1803922
55,27,9.81,500,0.7,1,0.3,160,100000,1,0.1,0.05,3.3,1,1,0,400000,1,1,0.05,3.3s,1,0.0001,1000,9.496924,0.3333333,0,0,0.003921569,0,0.08627451,0,0.01176471,0.1803922
55,28,9.81,500,0.7,1,0.3,160,100000,1,0.1,0.05,3.3,1,1,0,400000,1,1,0.05,3.3s,1,0.0001,1000,9.496924,0.3333333,0,0,0.003921569,0,0.07058824,0,0.01176471,0.1803922
55,29,9.81,500,0.7,1,0.3,160,100000,1,0.1,0.05,3.3,1,1,0,400000,1,1,0.05,3.3s,1,0.0001,1000,9.496924,0.3333333,0,0,0.003921569,0,0.05882353,0,0.01176471,0.1803922
55,30,9.81,500,0.7,1,0.3,160,100000,1,0.1,0.05,3.3,1,1,0,400000,1,1,0.05,3.3s,1,0.0001,1000,9.496924,0.3333333,0,0,0.003921569,0,0.04313726,0,0.01568628,0.172549
55,31,9.81,500,0.7,1,0.3,160,100000,1,0.1,0.05,3.3,1,1,0,400000,1,1,0.05,3.3s,1,0.0001,1000,9.496924,0.3333333,0,0,0.003921569,0,0.02745098,0,0.01960784,0.1686275
55,32,9.81,500,0.7,1,0.3,160,100000,1,0.1,0.05,3.3,1,1,0,400000,1,1,0.05,3.3s,1,0.0001,1000,9.496924,0.3333333,0,0,0,0,0.01568628,0.01176471,0.02352941,0.1607843
55,33,9.81,500,0.7,1,0.3,160,100000,1,0.1,0.05,3.3,1,1,0,400000,1,1,0.05,3.3s,1,0.0001,1000,9.496924,0.3333333,0,0,0,0,0.003921569,0.04705883,0.03137255,0.1529412
55,34,9.81,500,0.7,1,0.3,160,100000,1,0.1,0.05,3.3,1,1,0,400000,1,1,0.05,3.3s,1,0.0001,1000,9.496924,0.3333333,0,0,0,0,0,0.07843138,0.03529412,0.1490196
55,35,9.81,500,0.7,1,0.3,160,100000,1,0.1,0.05,3.3,1,1,0,400000,1,1,0.05,3.3s,1,0.0001,1000,9.496924,0.3333333,0,0,0,0,0,0.1058824,0.03921569,0.145098
55,36,9.81,500,0.7,1,0.3,160,100000,1,0.1,0.05,3.3,1,1,0,400000,1,1,0.05,3.3s,1,0.0001,1000,9.496924,0.3333333,0,0,0,0,0,0.1215686,0.04313726,0.1411765
55,37,9.81,500,0.7,1,0.3,160,100000,1,0.1,0.05,3.3,1,1,0,400000,1,1,0.05,3.3s,1,0.0001,1000,9.496924,0.3333333,0,0,0,0,0,0.1254902,0.04705883,0.1411765
55,38,9.81,500,0.7,1,0.3,160,100000,1,0.1,0.05,3.3,1,1,0,400000,1,1,0.05,3.3s,1,0.0001,1000,9.496924,0.3333333,0.003921569,0,0,0.03529412,0,0.1254902,0.04313726,0.1411765
55,39,9.81,500,0.7,1,0.3,160,100000,1,0.1,0.05,3.3,1,1,0,400000,1,1,0.05,3.3s,1,0.0001,1000,9.496924,0.3333333,0.003921569,0,0,0.08235294,0,0.1176471,0.04313726,0.145098
55,40,9.81,500,0.7,1,0.3,160,100000,1,0.1,0.05,3.3,1,1,0,400000,1,1,0.05,3.3s,1,0.0001,1000,9.496924,0.3333333,0.007843138,0,0,0.1215686,0,0.1019608,0.03529412,0.145098
55,41,9.81,500,0.7,1,0.3,160,100000,1,0.1,0.05,3.3,1,1,0,400000,1,1,0.05,3.3s,1,0.0001,1000,9.496924,0.3333333,0.007843138,0,0,0.1490196,0,0.08235294,0.02745098,0.1490196
55,42,9.81,500,0.7,1,0.3,160,100000,1,0.1,0.05,3.3,1,1,0,400000,1,1,0.05,3.3s,1,0.0001,1000,9.496924,0.3333333,0.007843138,0,0,0.172549,0,0.0627451,0.01960784,0.1529412
55,43,9.81,500,0.7,1,0.3,160,100000,1,0.1,0.05,3.3,1,1,0,400000,1,1,0.05,3.3s,1,0.0001,1000,9.496924,0.3333333,0.01176471,0,0,0.1882353,0,0.04313726,0.01176471,0.1568628
55,44,9.81,500,0.7,1,0.3,160,100000,1,0.1,0.05,3.3,1,1,0,400000,1,1,0.05,3.3s,1,0.0001,1000,9.496924,0.3333333,0.01176471,0,0,0.1960784,0,0.01960784,0,0.1647059
55,45,9.81,500,0.7,1,0.3,160,100000,1,0.1,0.05,3.3,1,1,0,400000,1,1,0.05,3.3s,1,0.0001,1000,9.496924,0.3333333,0.01176471,0,0,0.1960784,0,0,0,0.1686275
55,46,9.81,500,0.7,1,0.3,160,100000,1,0.1,0.05,3.3,1,1,0,400000,1,1,0.05,3.3s,1,0.0001,1000,9.496924,0.3333333,0.01176471,0,0,0.1921569,0.003921569,0,0,0.172549
55,47,9.81,500,0.7,1,0.3,160,100000,1,0.1,0.05,3.3,1,1,0,400000,1,1,0.05,3.3s,1,0.0001,1000,9.496924,0.3333333,0.01176471,0.003921569,0,0.1843137,0.01568628,0,0,0.1764706
55,48,9.81,500,0.7,1,0.3,160,100000,1,0.1,0.05,3.3,1,1,0,400000,1,1,0.05,3.3s,1,0.0001,1000,9.496924,0.3333333,0.007843138,0.007843138,0,0.172549,0.02745098,0,0,0.1843137
55,49,9.81,500,0.7,1,0.3,160,100000,1,0.1,0.05,3.3,1,1,0,400000,1,1,0.05,3.3s,1,0.0001,1000,9.496924,0.3333333,0.007843138,0.007843138,0,0.1490196,0.03529412,0,0,0.1882353
55,50,9.81,500,0.7,1,0.3,160,100000,1,0.1,0.05,3.3,1,1,0,400000,1,1,0.05,3.3s,1,0.0001,1000,9.496924,0.3333333,0.007843138,0.01176471,0,0.1215686,0.03921569,0,0,0.1921569
55,51,9.81,500,0.7,1,0.3,160,100000,1,0.1,0.05,3.3,1,1,0,400000,1,1,0.05,3.3s,1,0.0001,1000,9.496924,0.3333333,0.003921569,0.01176471,0,0.08235294,0.03921569,0,0,0.1960784
55,52,9.81,500,0.7,1,0.3,160,100000,1,0.1,0.05,3.3,1,1,0,400000,1,1,0.05,3.3s,1,0.0001,1000,9.496924,0.3333333,0.003921569,0.01176471,0.003921569,0.03529412,0.03529412,0,0,0.2
55,53,9.81,500,0.7,1,0.3,160,100000,1,0.1,0.05,3.3,1,1,0,400000,1,1,0.05,3.3s,1,0.0001,1000,9.496924,0.3333333,0,0.01176471,0.003921569,0,0.02745098,0,0,0.2
55,54,9.81,500,0.7,1,0.3,160,100000,1,0.1,0.05,3.3,1,1,0,400000,1,1,0.05,3.3s,1,0.0001,1000,9.496924,0.3333333,0,0.01176471,0.003921569,0,0.01960784,0,0,0.1960784
55,55,9.81,500,0.7,1,0.3,160,100000,1,0.1,0.05,3.3,1,1,0,400000,1,1,0.05,3.3s,1,0.0001,1000,9.496924,0.3333333,0,0.01176471,0.003921569,0,0.01176471,0,0,0.1921569
55,56,9.81,500,0.7,1,0.3,160,100000,1,0.1,0.05,3.3,1,1,0,400000,1,1,0.05,3.3s,1,0.0001,1000,9.496924,0.3333333,0,0.01176471,0,0,0.007843138,0,0,0.1882353
55,57,9.81,500,0.7,1,0.3,160,100000,1,0.1,0.05,3.3,1,1,0,400000,1,1,0.05,3.3s,1,0.0001,1000,9.496924,0.3333333,0,0.007843138,0,0,0.003921569,0,0,0.1803922
55,58,9.81,500,0.7,1,0.3,160,100000,1,0.1,0.05,3.3,1,1,0,400000,1,1,0.05,3.3s,1,0.0001,1000,9.496924,0.3333333,0,0.007843138,0,0,0.003921569,0,0,0.1764706
55,59,9.81,500,0.7,1,0.3,160,100000,1,0.1,0.05,3.3,1,1,0,400000,1,1,0.05,3.3s,1,0.0001,1000,9.496924,0.3333333,0,0.003921569,0.003921569,0,0.007843138,0,0,0.172549
55,60,9.81,500,0.7,1,0.3,160,100000,1,0.1,0.05,3.3,1,1,0,400000,1,1,0.05,3.3s,1,0.0001,1000,9.496924,0.3333333,0,0.003921569,0.003921569,0,0.01176471,0,0,0.172549
55,61,9.81,500,0.7,1,0.3,160,100000,1,0.1,0.05,3.3,1,1,0,400000,1,1,0.05,3.3s,1,0.0001,1000,9.496924,0.3333333,0,0,0.003921569,0,0.01568628,0.003921569,0,0.1686275
55,62,9.81,500,0.7,1,0.3,160,100000,1,0.1,0.05,3.3,1,1,0,400000,1,1,0.05,3.3s,1,0.0001,1000,9.496924,0.3333333,0,0,0.003921569,0,0.01568628,0.007843138,0,0.1686275
55,63,9.81,500,0.7,1,0.3,160,100000,1,0.1,0.05,3.3,1,1,0,400000,1,1,0.05,3.3s,1,0.0001,1000,9.496924,0.3333333,0,0,0,0,0.01568628,0.007843138,0,0.1647059
56,0,9.81,500,0.7,1,0.3,160,100000,1,0.1,0.05,3.3,1,1,0,400000,1,1,0.05,3.3s,1,0.0001,1000,9.496924,0.3333333,0,0,0,0,0.007843138,0.003921569,0.003921569,0.1647059
56,1,9.81,500,0.7,1,0.3,160,100000,1,0.1,0.05,3.3,1,1,0,400000,1,1,0.05,3.3s,1,0.0001,1000,9.496924,0.3333333,0,0,0,0,0.003921569,0.003921569,0.007843138,0.1647059
56,2,9.81,500,0.7,1,0.3,160,100000,1,0.1,0.05,3.3,1,1,0,400000,1,1,0.05,3.3s,1,0.0001,1000,9.496924,0.3333333,0,0,0,0,0,0.007843138,0.01176471,0.1647059
56,3,9.81,500,0.7,1,0.3,160,100000,1,0.1,0.05,3.3,1,1,0,400000,1,1,0.05,3.3s,1,0.0001,1000,9.496924,0.3333333,0,0,0,0,0,0.007843138,0.01568628,0.1607843
56,4,9.81,500,0.7,1,0.3,160,100000,1,0.1,0.05,3.3,1,1,0,400000,1,1,0.05,3.3s,1,0.0001,1000,9.496924,0.3333333,0,0,0,0,0,0.007843138,0.01960784,0.1607843
56,5,9.81,500,0.7,1,0.3,160,100000,1,0.1,0.05,3.3,1,1,0,400000,1,1,0.05,3.3s,1,0.0001,1000,9.496924,0.3333333,0,0,0,0,0,0.01176471,0.02352941,0.1607843
56,6,9.81,500,0.7,1,0.3,160,100000,1,0.1,0.05,3.3,1,1,0,400000,1,1,0.05,3.3s,1,0.0001,1000,9.496924,0.3333333,0,0,0,0,0,0.01568628,0.02352941,0.1607843
56,7,9.81,500,0.7,1,0.3,160,100000,1,0.1,0.05,3.3,1,1,0,400000,1,1,0.05,3.3s,1,0.0001,1000,9.496924,0.3333333,0,0,0,0,0,0.01960784,0.02352941,0.1607843
56,8,9.81,500,0.7,1,0.3,160,100000,1,0.1,0.05,3.3,1,1,0,400000,1,1,0.05,3.3s,1,0.0001,1000,9.496924,0.3333333,0,0,0,0,0,0.02745098,0.02352941,0.1568628
56,9,9.81,500,0.7,1,0.3,160,100000,1,0.1,0.05,3.3,1,1,0,400000,1,1,0.05,3.3s,1,0.0001,1000,9.496924,0.3333333,0,0,0,0,0,0.03921569,0.02352941,0.1568628
56,10,9.81,500,0.7,1,0.3,160,100000,1,0.1,0.05,3.3,1,1,0,400000,1,1,0.05,3.3s,1,0.0001,1000,9.496924,0.3333333,0,0,0,0,0,0.0509804,0.02352941,0.1529412
56,11,9.81,500,0.7,1,0.3,160,100000,1,0.1,0.05,3.3,1,1,0,400000,1,1,0.05,3.3s,1,0.0001,1000,9.496924,0.3333333,0,0,0,0,0,0.0627451,0.02352941,0.1529412
56,12,9.81,500,0.7,1,0.3,160,100000,1,0.1,0.05,3.3,1,1,0,400000,1,1,0.05,3.3s,1,0.0001,1000,9.496924,0.3333333,0,0,0,0,0,0.07450981,0.02352941,0.1529412
56,13,9.81,500,0.7,1,0.3,160,100000,1,0.1,0.05,3.3,1,1,0,400000,1,1,0.05,3.3s,1,0.0001,1000,9.496924,0.3333333,0,0,0,0.01568628,0,0.07450981,0.01960784,0.1529412
56,14,9.81,500,0.7,1,0.3,160,100000,1,0.1,0.05,3.3,1,1,0,400000,1,1,0.05,3.3s,1,0.0001,1000,9.496924,0.3333333,0,0,0.003921569,0.04313726,0,0.07058824,0.01960784,0.1529412
56,15,9.81,500,0.7,1,0.3,160,100000,1,0.1,0.05,3.3,1,1,0,400000,1,1,0.05,3.3s,1,0.0001,1000,9.496924,0.3333333,0.003921569,0,0.003921569,0.06666667,0.007843138,0.05882353,0.01568628,0.1568628
56,16,9.81,500,0.7,1,0.3,160,100000,1,0.1,0.05,3.3,1,1,0,400000,1,1,0.05,3.3s,1,0.0001,1000,9.496924,0.3333333,0.003921569,0,0.003921569,0.08235294,0.02745098,0.04705883,0.01568628,0.1568628
56,17,9.81,500,0.7,1,0.3,160,100000,1,0.1,0.05,3.3,1,1,0,400000,1,1,0.05,3.3s,1,0.0001,1000,9.496924,0.3333333,0.003921569,0,0.003921569,0.09019608,0.0509804,0.03137255,0.01176471,0.1607843
56,18,9.81,500,0.7,1,0.3,160,100000,1,0.1,0.05,3.3,1,1,0,400000,1,1,0.05,3.3s,1,0.0001,1000,9.496924,0.3333333,0.003921569,0,0.003921569,0.09019608,0.07450981,0.01568628,0.01176471,0.1607843
56,19,9.81,500,0.7,1,0.3,160,100000,1,0.1,0.05,3.3,1,1,0,400000,1,1,0.05,3.3s,1,0.0001,1000,9.496924,0.3333333,0.003921569,0,0.007843138,0.09019608,0.09411766,0.003921569,0.01176471,0.1647059
56,20,9.81,500,0.7,1,0.3,160,100000,1,0.1,0.05,3.3,1,1,0,400000,1,1,0.05,3.3s,1,0.0001,1000,9.496924,0.3333333,0.003921569,0,0.007843138,0.08627451,0.1098039,0,0.01176471,0.1647059
56,21,9.81,500,0.7,1,0.3,160,100000,1,0.1,0.05,3.3,1,1,0,400000,1,1,0.05,3.3s,1,0.0001,1000,9.496924,0.3333333,0.003921569,0,0.007843138,0.08235294,0.1215686,0,0.01176471,0.1686275
56,22,9.81,500,0.7,1,0.3,160,100000,1,0.1,0.05,3.3,1,1,0,400000,1,1,0.05,3.3s,1,0.0001,1000,9.496924,0.3333333,0.003921569,0,0.007843138,0.07843138,0.1254902,0,0.01176471,0.1686275
56,23,9.81,500,0.7,1,0.3,160,100000,1,0.1,0.05,3.3,1,1,0,400000,1,1,0.05,3.3s,1,0.0001,1000,9.496924,0.3333333,0.003921569,0,0.007843138,0.07450981,0.1254902,0,0.01176471,0.172549
56,24,9.81,500,0.7,1,0.3,160,100000,1,0.1,0.05,3.3,1,1,0,400000,1,1,0.05,3.3s,1,0.0001,1000,9.496924,0.3333333,0,0,0.007843138,0.0627451,0.1215686,0,0.007843138,0.1764706
56,25,9.81,500,0.7,1,0.3,160,100000,1,0.1,0.05,3.3,1,1,0,400000,1,1,0.05,3.3s,1,0.0001,1000,9.496924,0.3333333,0,0,0.007843138,0.03921569,0.1098039,0,0.007843138,0.1803922
56,26,9.81,500,0.7,1,0.3,160,100000,1,0.1,0.05,3.3,1,1,0,400000,1,1,0.05,3.3s,1,0.0001,1000,9.496924,0.3333333,0,0,0.007843138,0.007843138,0.09411766,0,0.007843138,0.1803922
56,27,9.81,500,0.7,1,0.3,160,100000,1,0.1,0.05,3.3,1,1,0,400000,1,1,0.05,3.3s,1,0.0001,1000,9.496924,0.3333333,0,0,0.003921569,0,0.07843138,0,0.007843138,0.1843137
56,28,9.81,500,0.7,1,0.3,160,100000,1,0.1,0.05,3.3,1,1,0,400000,1,1,0.05,3.3s,1,0.0001,1000,9.496924,0.3333333,0,0,0.003921569,0,0.0627451,0,0.007843138,0.1843137
56,29,9.81,500,0.7,1,0.3,160,100000,1,0.1,0.05,3.3,1,1,0,400000,1,1,0.05,3.3s,1,0.0001,1000,9.496924,0.3333333,0,0,0.003921569,0,0.04705883,0,0.007843138,0.1803922
56,30,9.81,500,0.7,1,0.3,160,100000,1,0.1,0.05,3.3,1,1,0,400000,1,1,0.05,3.3s,1,0.0001,1000,9.496924,0.3333333,0,0,0.003921569,0,0.03529412,0,0.01176471,0.172549
56,31,9.81,500,0.7,1,0.3,160,100000,1,0.1,0.05,3.3,1,1,0,400000,1,1,0.05,3.3s,1,0.0001,1000,9.496924,0.3333333,0,0,0.003921569,0,0.02352941,0,0.01568628,0.1686275
56,32,9.81,500,0.7,1,0.3,160,100000,1,0.1,0.05,3.3,1,1,0,400000,1,1,0.05,3.3s,1,0.0001,1000,9.496924,0.3333333,0,0,0.003921569,0,0.01176471,0.01568628,0.02352941,0.1607843
56,33,9.81,500,0.7,1,0.3,160,100000,1,0.1,0.05,3.3,1,1,0,400000,1,1,0.05,3.3s,1,0.0001,1000,9.496924,0.3333333,0,0,0,0,0,0.0509804,0.02745098,0.1529412
56,34,9.81,500,0.7,1,0.3,160,100000,1,0.1,0.05,3.3,1,1,0,400000,1,1,0.05,3.3s,1,0.0001,1000,9.496924,0.3333333,0,0,0,0,0,0.08627451,0.03529412,0.1490196
56,35,9.81,500,0.7,1,0.3,160,100000,1,0.1,0.05,3.3,1,1,0,400000,1,1,0.05,3.3s,1,0.0001,1000,9.496924,0.3333333,0,0,0,0,0,0.1098039,0.03921569,0.145098
56,36,9.81,500,0.7,1,0.3,160,100000,1,0.1,0.05,3.3,1,1,0,400000,1,1,0.05,3.3s,1,0.0001,1000,9.496924,0.3333333,0,0,0,0,0,0.1254902,0.04313726,0.1411765
56,37,9.81,500,0.7,1,0.3,160,100000,1,0.1,0.05,3.3,1,1,0,400000,1,1,0.05,3.3s,1,0.0001,1000,9.496924,0.3333333,0,0,0,0,0,0.1294118,0.04705883,0.1411765
56,38,9.81,500,0.7,1,0.3,160,100000,1,0.1,0.05,3.3,1,1,0,400000,1,1,0.05,3.3s,1,0.0001,1000,9.496924,0.3333333,0.003921569,0,0,0.03137255,0,0.1294118,0.04313726,0.1411765
56,39,9.81,500,0.7,1,0.3,160,100000,1,0.1,0.05,3.3,1,1,0,400000,1,1,0.05,3.3s,1,0.0001,1000,9.496924,0.3333333,0.003921569,0,0,0.07843138,0,0.1215686,0.04313726,0.1411765
56,40,9.81,500,0.7,1,0.3,160,100000,1,0.1,0.05,3.3,1,1,0,400000,1,1,0.05,3.3s,1,0.0001,1000,9.496924,0.3333333,0.007843138,0,0,0.1176471,0,0.1058824,0.03529412,0.145098
56,41,9.81,500,0.7,1,0.3,160,100000,1,0.1,0.05,3.3,1,1,0,400000,1,1,0.05,3.3s,1,0.0001,1000,9.496924,0.3333333,0.007843138,0,0,0.1490196,0,0.09019608,0.02745098,0.1490196
56,42,9.81,500,0.7,1,0.3,160,100000,1,0.1,0.05,3.3,1,1,0,400000,1,1,0.05,3.3s,1,0.0001,1000,9.496924,0.3333333,0.007843138,0,0,0.1764706,0,0.07058824,0.01960784,0.1529412
56,43,9.81,500,0.7,1,0.3,160,100000,1,0.1,0.05,3.3,1,1,0,400000,1,1,0.05,3.3s,1,0.0001,1000,9.496924,0.3333333,0.01176471,0,0,0.1921569,0,0.04705883,0.01176471,0.1568628
56,44,9.81,500,0.7,1,0.3,160,100000,1,0.1,0.05,3.3,1,1,0,400000,1,1,0.05,3.3s,1,0.0001,1000,9.496924,0.3333333,0.01176471,0,0,0.2039216,0,0.02745098,0,0.1607843
56,45,9.81,500,0.7,1,0.3,160,100000,1,0.1,0.05,3.3,1,1,0,400000,1,1,0.05,3.3s,1,0.0001,1000,9.496924,0.3333333,0.01176471,0,0,0.2039216,0,0.003921569,0,0.1686275
56,46,9.81,500,0.7,1,0.3,160,100000,1,0.1,0.05,3.3,1,1,0,400000,1,1,0.05,3.3s,1,0.0001,1000,9.496924,0.3333333,0.01176471,0,0,0.2039216,0,0,0,0.172549
56,47,9.81,500,0.7,1,0.3,160,100000,1,0.1,0.05,3.3,1,1,0,400000,1,1,0.05,3.3s,1,0.0001,1000,9.496924,0.3333333,0.01176471,0.003921569,0,0.1960784,0,0,0,0.1803922
56,48,9.81,500,0.7,1,0.3,160,100000,1,0.1,0.05,3.3,1,1,0,400000,1,1,0.05,3.3s,1,0.0001,1000,9.496924,0.3333333,0.007843138,0.007843138,0,0.1803922,0.003921569,0,0,0.1843137
56,49,9.81,500,0.7,1,0.3,160,100000,1,0.1,0.05,3.3,1,1,0,400000,1,1,0.05,3.3s,1,0.0001,1000,9.496924,0.3333333,0.007843138,0.007843138,0,0.1568628,0.01176471,0,0,0.1882353
56,50,9.81,500,0.7,1,0.3,160,100000,1,0.1,0.05,3.3,1,1,0,400000,1,1,0.05,3.3s,1,0.0001,1000,9.496924,0.3333333,0.007843138,0.01176471,0,0.1215686,0.01568628,0,0,0.1960784
56,51,9.81,500,0.7,1,0.3,160,100000,1,0.1,0.05,3.3,1,1,0,400000,1,1,0.05,3.3s,1,0.0001,1000,9.496924,0.3333333,0.003921569,0.01176471,0,0.07843138,0.01568628,0,0,0.2
56,52,9.81,500,0.7,1,0.3,160,100000,1,0.1,0.05,3.3,1,1,0,400000,1,1,0.05,3.3s,1,0.0001,1000,9.496924,0.3333333,0.003921569,0.01176471,0,0.03137255,0.01176471,0,0,0.2
56,53,9.81,500,0.7,1,0.3,160,100000,1,0.1,0.05,3.3,1,1,0,400000,1,1,0.05,3.3s,1,0.0001,1000,9.496924,0.3333333,0,0.01176471,0,0,0.003921569,0,0,0.2
56,54,9.81,500,0.7,1,0.3,160,100000,1,0.1,0.05,3.3,1,1,0,400000,1,1,0.05,3.3s,1,0.0001,1000,9.496924,0.3333333,0,0.01176471,0,0,0,0,0,0.1960784
56,55,9.81,500,0.7,1,0.3,160,100000,1,0.1,0.05,3.3,1,1,0,400000,1,1,0.05,3.3s,1,0.0001,1000,9.496924,0.3333333,0,0.01176471,0,0,0,0,0,0.1921569
56,56,9.81,500,0.7,1,0.3,160,100000,1,0.1,0.05,3.3,1,1,0,400000,1,1,0.05,3.3s,1,0.0001,1000,9.496924,0.3333333,0,0.01176471,0,0,0,0,0,0.1843137
56,57,9.81,500,0.7,1,0.3,160,100000,1,0.1,0.05,3.3,1,1,0,400000,1,1,0.05,3.3s,1,0.0001,1000,9.496924,0.3333333,0,0.007843138,0,0,0,0,0,0.1803922
56,58,9.81,500,0.7,1,0.3,160,100000,1,0.1,0.05,3.3,1,1,0,400000,1,1,0.05,3.3s,1,0.0001,1000,9.496924,0.3333333,0,0.007843138,0,0,0,0,0,0.1764706
56,59,9.81,500,0.7,1,0.3,160,100000,1,0.1,0.05,3.3,1,1,0,400000,1,1,0.05,3.3s,1,0.0001,1000,9.496924,0.3333333,0,0.003921569,0,0,0,0,0,0.172549
56,60,9.81,500,0.7,1,0.3,160,100000,1,0.1,0.05,3.3,1,1,0,400000,1,1,0.05,3.3s,1,0.0001,1000,9.496924,0.3333333,0,0.003921569,0,0,0,0,0,0.1686275
56,61,9.81,500,0.7,1,0.3,160,100000,1,0.1,0.05,3.3,1,1,0,400000,1,1,0.05,3.3s,1,0.0001,1000,9.496924,0.3333333,0,0,0,0,0.003921569,0,0,0.1686275
56,62,9.81,500,0.7,1,0.3,160,100000,1,0.1,0.05,3.3,1,1,0,400000,1,1,0.05,3.3s,1,0.0001,1000,9.496924,0.3333333,0,0,0,0,0.007843138,0.003921569,0,0.1686275
56,63,9.81,500,0.7,1,0.3,160,100000,1,0.1,0.05,3.3,1,1,0,400000,1,1,0.05,3.3s,1,0.0001,1000,9.496924,0.3333333,0,0,0,0,0.007843138,0.003921569,0,0.1647059
57,0,9.81,500,0.7,1,0.3,160,100000,1,0.1,0.05,3.3,1,1,0,400000,1,1,0.05,3.3s,1,0.0001,1000,9.496924,0.3333333,0,0,0,0,0.003921569,0,0.01176471,0.1647059
57,1,9.81,500,0.7,1,0.3,160,100000,1,0.1,0.05,3.3,1,1,0,400000,1,1,0.05,3.3s,1,0.0001,1000,9.496924,0.3333333,0,0,0,0,0.003921569,0.003921569,0.01568628,0.1647059
57,2,9.81,500,0.7,1,0.3,160,100000,1,0.1,0.05,3.3,1,1,0,400000,1,1,0.05,3.3s,1,0.0001,1000,9.496924,0.3333333,0,0,0,0,0,0.003921569,0.01960784,0.1647059
57,3,9.81,500,0.7,1,0.3,160,100000,1,0.1,0.05,3.3,1,1,0,400000,1,1,0.05,3.3s,1,0.0001,1000,9.496924,0.3333333,0,0,0,0,0,0.007843138,0.01960784,0.1607843
57,4,9.81,500,0.7,1,0.3,160,100000,1,0.1,0.05,3.3,1,1,0,400000,1,1,0.05,3.3s,1,0.0001,1000,9.496924,0.3333333,0,0,0,0,0,0.01176471,0.02352941,0.1607843
57,5,9.81,500,0.7,1,0.3,160,100000,1,0.1,0.05,3.3,1,1,0,400000,1,1,0.05,3.3s,1,0.0001,1000,9.496924,0.3333333,0,0,0,0,0,0.01176471,0.02745098,0.1607843
57,6,9.81,500,0.7,1,0.3,160,100000,1,0.1,0.05,3.3,1,1,0,400000,1,1,0.05,3.3s,1,0.0001,1000,9.496924,0.3333333,0,0,0,0,0,0.01960784,0.02745098,0.1607843
57,7,9.81,500,0.7,1,0.3,160,100000,1,0.1,0.05,3.3,1,1,0,400000,1,1,0.05,3.3s,1,0.0001,1000,9.496924,0.3333333,0,0,0,0,0,0.02352941,0.02745098,0.1568628
57,8,9.81,500,0.7,1,0.3,160,100000,1,0.1,0.05,3.3,1,1,0,400000,1,1,0.05,3.3s,1,0.0001,1000,9.496924,0.3333333,0,0,0,0,0,0.03529412,0.03137255,0.1568628
57,9,9.81,500,0.7,1,0.3,160,100000,1,0.1,0.05,3.3,1,1,0,400000,1,1,0.05,3.3s,1,0.0001,1000,9.496924,0.3333333,0,0,0,0,0,0.04705883,0.03137255,0.1529412
57,10,9.81,500,0.7,1,0.3,160,100000,1,0.1,0.05,3.3,1,1,0,400000,1,1,0.05,3.3s,1,0.0001,1000,9.496924,0.3333333,0,0,0,0,0,0.05882353,0.03137255,0.1529412
57,11,9.81,500,0.7,1,0.3,160,100000,1,0.1,0.05,3.3,1,1,0,400000,1,1,0.05,3.3s,1,0.0001,1000,9.496924,0.3333333,0,0,0,0,0,0.07450981,0.03137255,0.1490196
57,12,9.81,500,0.7,1,0.3,160,100000,1,0.1,0.05,3.3,1,1,0,400000,1,1,0.05,3.3s,1,0.0001,1000,9.496924,0.3333333,0,0,0,0,0,0.08235294,0.02745098,0.1490196
57,13,9.81,500,0.7,1,0.3,160,100000,1,0.1,0.05,3.3,1,1,0,400000,1,1,0.05,3.3s,1,0.0001,1000,9.496924,0.3333333,0,0,0.003921569,0.02745098,0,0.08235294,0.02745098,0.1490196
57,14,9.81,500,0.7,1,0.3,160,100000,1,0.1,0.05,3.3,1,1,0,400000,1,1,0.05,3.3s,1,0.0001,1000,9.496924,0.3333333,0,0,0.003921569,0.05882353,0,0.07843138,0.02352941,0.1529412
57,15,9.81,500,0.7,1,0.3,160,100000,1,0.1,0.05,3.3,1,1,0,400000,1,1,0.05,3.3s,1,0.0001,1000,9.496924,0.3333333,0.003921569,0,0.003921569,0.08627451,0.01176471,0.0627451,0.01960784,0.1529412
57,16,9.81,500,0.7,1,0.3,160,100000,1,0.1,0.05,3.3,1,1,0,400000,1,1,0.05,3.3s,1,0.0001,1000,9.496924,0.3333333,0.003921569,0,0.003921569,0.1058824,0.03137255,0.04705883,0.01568628,0.1568628
57,17,9.81,500,0.7,1,0.3,160,100000,1,0.1,0.05,3.3,1,1,0,400000,1,1,0.05,3.3s,1,0.0001,1000,9.496924,0.3333333,0.003921569,0,0.003921569,0.1137255,0.0509804,0.02745098,0.01176471,0.1607843
57,18,9.81,500,0.7,1,0.3,160,100000,1,0.1,0.05,3.3,1,1,0,400000,1,1,0.05,3.3s,1,0.0001,1000,9.496924,0.3333333,0.003921569,0,0.003921569,0.1137255,0.07058824,0.01176471,0.007843138,0.1647059
57,19,9.81,500,0.7,1,0.3,160,100000,1,0.1,0.05,3.3,1,1,0,400000,1,1,0.05,3.3s,1,0.0001,1000,9.496924,0.3333333,0.003921569,0,0.007843138,0.1098039,0.09019608,0,0.007843138,0.1686275
57,20,9.81,500,0.7,1,0.3,160,100000,1,0.1,0.05,3.3,1,1,0,400000,1,1,0.05,3.3s,1,0.0001,1000,9.496924,0.3333333,0.003921569,0,0.007843138,0.1019608,0.1098039,0,0.003921569,0.1686275
57,21,9.81,500,0.7,1,0.3,160,100000,1,0.1,0.05,3.3,1,1,0,400000,1,1,0.05,3.3s,1,0.0001,1000,9.496924,0.3333333,0.003921569,0,0.007843138,0.09019608,0.1215686,0,0.003921569,0.172549
57,22,9.81,500,0.7,1,0.3,160,100000,1,0.1,0.05,3.3,1,1,0,400000,1,1,0.05,3.3s,1,0.0001,1000,9.496924,0.3333333,0.003921569,0,0.007843138,0.08235294,0.1254902,0,0.003921569,0.172549
57,23,9.81,500,0.7,1,0.3,160,100000,1,0.1,0.05,3.3,1,1,0,400000,1,1,0.05,3.3s,1,0.0001,1000,9.496924,0.3333333,0.003921569,0,0.007843138,0.07058824,0.1254902,0,0.003921569,0.1764706
57,24,9.81,500,0.7,1,0.3,160,100000,1,0.1,0.05,3.3,1,1,0,400000,1,1,0.05,3.3s,1,0.0001,1000,9.496924,0.3333333,0,0,0.007843138,0.0509804,0.1176471,0,0.003921569,0.1803922
57,25,9.81,500,0.7,1,0.3,160,100000,1,0.1,0.05,3.3,1,1,0,400000,1,1,0.05,3.3s,1,0.0001,1000,9.496924,0.3333333,0,0.003921569,0.007843138,0.02745098,0.1058824,0,0.003921569,0.1803922
57,26,9.81,500,0.7,1,0.3,160,100000,1,0.1,0.05,3.3,1,1,0,400000,1,1,0.05,3.3s,1,0.0001,1000,9.496924,0.3333333,0,0.003921569,0.007843138,0,0.09019608,0,0.003921569,0.1843137
57,27,9.81,500,0.7,1,0.3,160,100000,1,0.1,0.05,3.3,1,1,0,400000,1,1,0.05,3.3s,1,0.0001,1000,9.496924,0.3333333,0,0.003921569,0.003921569,0,0.07058824,0,0.003921569,0.1843137
57,28,9.81,500,0.7,1,0.3,160,100000,1,0.1,0.05,3.3,1,1,0,400000,1,1,0.05,3.3s,1,0.0001,1000,9.496924,0.3333333,0,0,0.003921569,0,0.05490196,0,0.003921569,0.1843137
57,29,9.81,500,0.7,1,0.3,160,100000,1,0.1,0.05,3.3,1,1,0,400000,1,1,0.05,3.3s,1,0.0001,1000,9.496924,0.3333333,0,0,0.003921569,0,0.03921569,0,0.007843138,0.1803922
57,30,9.81,500,0.7,1,0.3,160,100000,1,0.1,0.05,3.3,1,1,0,400000,1,1,0.05,3.3s,1,0.0001,1000,9.496924,0.3333333,0,0,0.003921569,0,0.02745098,0,0.01176471,0.172549
57,31,9.81,500,0.7,1,0.3,160,100000,1,0.1,0.05,3.3,1,1,0,400000,1,1,0.05,3.3s,1,0.0001,1000,9.496924,0.3333333,0,0,0.003921569,0,0.01568628,0,0.01568628,0.1686275
57,32,9.81,500,0.7,1,0.3,160,100000,1,0.1,0.05,3.3,1,1,0,400000,1,1,0.05,3.3s,1,0.0001,1000,9.496924,0.3333333,0,0,0.003921569,0,0.007843138,0.01960784,0.02352941,0.1607843
57,33,9.81,500,0.7,1,0.3,160,100000,1,0.1,0.05,3.3,1,1,0,400000,1,1,0.05,3.3s,1,0.0001,1000,9.496924,0.3333333,0,0,0.003921569,0,0,0.05490196,0.03137255,0.1529412
57,34,9.81,500,0.7,1,0.3,160,100000,1,0.1,0.05,3.3,1,1,0,400000,1,1,0.05,3.3s,1,0.0001,1000,9.496924,0.3333333,0,0,0,0,0,0.09019608,0.03529412,0.1490196
57,35,9.81,500,0.7,1,0.3,160,100000,1,0.1,0.05,3.3,1,1,0,400000,1,1,0.05,3.3s,1,0.0001,1000,9.496924,0.3333333,0,0,0,0,0,0.1137255,0.04313726,0.145098
57,36,9.81,500,0.7,1,0.3,160,100000,1,0.1,0.05,3.3,1,1,0,400000,1,1,0.05,3.3s,1,0.0001,1000,9.496924,0.3333333,0,0,0,0,0,0.1254902,0.04313726,0.1411765
57,37,9.81,500,0.7,1,0.3,160,100000,1,0.1,0.05,3.3,1,1,0,400000,1,1,0.05,3.3s,1,0.0001,1000,9.496924,0.3333333,0,0,0,0,0,0.1333333,0.04705883,0.1411765
57,38,9.81,500,0.7,1,0.3,160,100000,1,0.1,0.05,3.3,1,1,0,400000,1,1,0.05,3.3s,1,0.0001,1000,9.496924,0.3333333,0.003921569,0,0,0.03137255,0,0.1294118,0.04705883,0.1411765
57,39,9.81,500,0.7,1,0.3,160,100000,1,0.1,0.05,3.3,1,1,0,400000,1,1,0.05,3.3s,1,0.0001,1000,9.496924,0.3333333,0.003921569,0,0,0.07450981,0,0.1215686,0.04313726,0.1411765
57,40,9.81,500,0.7,1,0.3,160,100000,1,0.1,0.05,3.3,1,1,0,400000,1,1,0.05,3.3s,1,0.0001,1000,9.496924,0.3333333,0.007843138,0,0,0.1137255,0,0.1098039,0.03921569,0.145098
57,41,9.81,500,0.7,1,0.3,160,100000,1,0.1,0.05,3.3,1,1,0,400000,1,1,0.05,3.3s,1,0.0001,1000,9.496924,0.3333333,0.007843138,0,0,0.145098,0,0.09411766,0.03137255,0.1490196
57,42,9.81,500,0.7,1,0.3,160,100000,1,0.1,0.05,3.3,1,1,0,400000,1,1,0.05,3.3s,1,0.0001,1000,9.496924,0.3333333,0.007843138,0,0,0.172549,0,0.07450981,0.02352941,0.1529412
57,43,9.81,500,0.7,1,0.3,160,100000,1,0.1,0.05,3.3,1,1,0,400000,1,1,0.05,3.3s,1,0.0001,1000,9.496924,0.3333333,0.01176471,0,0,0.1921569,0,0.05490196,0.01176471,0.1568628
57,44,9.81,500,0.7,1,0.3,160,100000,1,0.1,0.05,3.3,1,1,0,400000,1,1,0.05,3.3s,1,0.0001,1000,9.496924,0.3333333,0.01176471,0,0,0.2039216,0,0.03137255,0.003921569,0.1607843
57,45,9.81,500,0.7,1,0.3,160,100000,1,0.1,0.05,3.3,1,1,0,400000,1,1,0.05,3.3s,1,0.0001,1000,9.496924,0.3333333,0.01176471,0,0,0.2117647,0,0.007843138,0,0.1647059
57,46,9.81,500,0.7,1,0.3,160,100000,1,0.1,0.05,3.3,1,1,0,400000,1,1,0.05,3.3s,1,0.0001,1000,9.496924,0.3333333,0.01176471,0,0,0.2117647,0,0,0,0.172549
57,47,9.81,500,0.7,1,0.3,160,100000,1,0.1,0.05,3.3,1,1,0,400000,1,1,0.05,3.3s,1,0.0001,1000,9.496924,0.3333333,0.01176471,0.003921569,0,0.2039216,0,0,0,0.1764706
57,48,9.81,500,0.7,1,0.3,160,100000,1,0.1,0.05,3.3,1,1,0,400000,1,1,0.05,3.3s,1,0.0001,1000,9.496924,0.3333333,0.007843138,0.007843138,0,0.1882353,0,0,0,0.1843137
57,49,9.81,500,0.7,1,0.3,160,100000,1,0.1,0.05,3.3,1,1,0,400000,1,1,0.05,3.3s,1,0.0001,1000,9.496924,0.3333333,0.007843138,0.007843138,0,0.1607843,0,0,0,0.1882353
57,50,9.81,500,0.7,1,0.3,160,100000,1,0.1,0.05,3.3,1,1,0,400000,1,1,0.05,3.3s,1,0.0001,1000,9.496924,0.3333333,0.007843138,0.01176471,0,0.1254902,0,0,0,0.1960784
57,51,9.81,500,0.7,1,0.3,160,100000,1,0.1,0.05,3.3,1,1,0,400000,1,1,0.05,3.3s,1,0.0001,1000,9.496924,0.3333333,0.003921569,0.01176471,0,0.07843138,0,0,0,0.2
57,52,9.81,500,0.7,1,0.3,160,100000,1,0.1,0.05,3.3,1,1,0,400000,1,1,0.05,3.3s,1,0.0001,1000,9.496924,0.3333333,0.003921569,0.01176471,0,0.02745098,0,0,0,0.2
57,53,9.81,500,0.7,1,0.3,160,100000,1,0.1,0.05,3.3,1,1,0,400000,1,1,0.05,3.3s,1,0.0001,1000,9.496924,0.3333333,0,0.01176471,0,0,0,0,0,0.2
57,54,9.81,500,0.7,1,0.3,160,100000,1,0.1,0.05,3.3,1,1,0,400000,1,1,0.05,3.3s,1,0.0001,1000,9.496924,0.3333333,0,0.01176471,0,0,0,0,0,0.1960784
57,55,9.81,500,0.7,1,0.3,160,100000,1,0.1,0.05,3.3,1,1,0,400000,1,1,0.05,3.3s,1,0.0001,1000,9.496924,0.3333333,0,0.01176471,0,0,0,0,0,0.1882353
57,56,9.81,500,0.7,1,0.3,160,100000,1,0.1,0.05,3.3,1,1,0,400000,1,1,0.05,3.3s,1,0.0001,1000,9.496924,0.3333333,0,0.01176471,0,0,0,0,0,0.1843137
57,57,9.81,500,0.7,1,0.3,160,100000,1,0.1,0.05,3.3,1,1,0,400000,1,1,0.05,3.3s,1,0.0001,1000,9.496924,0.3333333,0,0.007843138,0,0,0,0,0,0.1764706
57,58,9.81,500,0.7,1,0.3,160,100000,1,0.1,0.05,3.3,1,1,0,400000,1,1,0.05,3.3s,1,0.0001,1000,9.496924,0.3333333,0,0.007843138,0,0,0,0,0,0.172549
57,59,9.81,500,0.7,1,0.3,160,100000,1,0.1,0.05,3.3,1,1,0,400000,1,1,0.05,3.3s,1,0.0001,1000,9.496924,0.3333333,0,0.003921569,0,0,0,0,0,0.1686275
57,60,9.81,500,0.7,1,0.3,160,100000,1,0.1,0.05,3.3,1,1,0,400000,1,1,0.05,3.3s,1,0.0001,1000,9.496924,0.3333333,0,0.003921569,0,0,0,0,0,0.1686275
57,61,9.81,500,0.7,1,0.3,160,100000,1,0.1,0.05,3.3,1,1,0,400000,1,1,0.05,3.3s,1,0.0001,1000,9.496924,0.3333333,0,0,0,0,0,0,0,0.1686275
57,62,9.81,500,0.7,1,0.3,160,100000,1,0.1,0.05,3.3,1,1,0,400000,1,1,0.05,3.3s,1,0.0001,1000,9.496924,0.3333333,0,0,0,0,0,0,0.003921569,0.1647059
57,63,9.81,500,0.7,1,0.3,160,100000,1,0.1,0.05,3.3,1,1,0,400000,1,1,0.05,3.3s,1,0.0001,1000,9.496924,0.3333333,0,0,0.003921569,0,0.003921569,0,0.007843138,0.1647059
58,0,9.81,500,0.7,1,0.3,160,100000,1,0.1,0.05,3.3,1,1,0,400000,1,1,0.05,3.3s,1,0.0001,1000,9.496924,0.3333333,0,0,0.003921569,0,0.003921569,0,0.01960784,0.1647059
58,1,9.81,500,0.7,1,0.3,160,100000,1,0.1,0.05,3.3,1,1,0,400000,1,1,0.05,3.3s,1,0.0001,1000,9.496924,0.3333333,0,0,0.003921569,0,0.003921569,0,0.01960784,0.1647059
58,2,9.81,500,0.7,1,0.3,160,100000,1,0.1,0.05,3.3,1,1,0,400000,1,1,0.05,3.3s,1,0.0001,1000,9.496924,0.3333333,0,0,0.003921569,0,0,0.003921569,0.02352941,0.1607843
58,3,9.81,500,0.7,1,0.3,160,100000,1,0.1,0.05,3.3,1,1,0,400000,1,1,0.05,3.3s,1,0.0001,1000,9.496924,0.3333333,0,0,0,0,0,0.007843138,0.02352941,0.1607843
58,4,9.81,500,0.7,1,0.3,160,100000,1,0.1,0.05,3.3,1,1,0,400000,1,1,0.05,3.3s,1,0.0001,1000,9.496924,0.3333333,0,0,0,0,0,0.01176471,0.02745098,0.1607843
58,5,9.81,500,0.7,1,0.3,160,100000,1,0.1,0.05,3.3,1,1,0,400000,1,1,0.05,3.3s,1,0.0001,1000,9.496924,0.3333333,0,0,0,0,0,0.01568628,0.02745098,0.1607843
58,6,9.81,500,0.7,1,0.3,160,100000,1,0.1,0.05,3.3,1,1,0,400000,1,1,0.05,3.3s,1,0.0001,1000,9.496924,0.3333333,0,0,0,0,0,0.01960784,0.03137255,0.1568628
58,7,9.81,500,0.7,1,0.3,160,100000,1,0.1,0.05,3.3,1,1,0,400000,1,1,0.05,3.3s,1,0.0001,1000,9.496924,0.3333333,0,0,0,0,0,0.02745098,0.03529412,0.1568628
58,8,9.81,500,0.7,1,0.3,160,100000,1,0.1,0.05,3.3,1,1,0,400000,1,1,0.05,3.3s,1,0.0001,1000,9.496924,0.3333333,0,0,0,0,0,0.03921569,0.03529412,0.1529412
58,9,9.81,500,0.7,1,0.3,160,100000,1,0.1,0.05,3.3,1,1,0,400000,1,1,0.05,3.3s,1,0.0001,1000,9.496924,0.3333333,0,0,0,0,0,0.0509804,0.03529412,0.1529412
58,10,9.81,500,0.7,1,0.3,160,100000,1,0.1,0.05,3.3,1,1,0,400000,1,1,0.05,3.3s,1,0.0001,1000,9.496924,0.3333333,0,0,0,0,0,0.06666667,0.03921569,0.1490196
58,11,9.81,500,0.7,1,0.3,160,100000,1,0.1,0.05,3.3,1,1,0,400000,1,1,0.05,3.3s,1,0.0001,1000,9.496924,0.3333333,0,0,0,0,0,0.07843138,0.03529412,0.1490196
58,12,9.81,500,0.7,1,0.3,160,100000,1,0.1,0.05,3.3,1,1,0,400000,1,1,0.05,3.3s,1,0.0001,1000,9.496924,0.3333333,0,0,0.003921569,0.003921569,0,0.09019608,0.03529412,0.1490196
58,13,9.81,500,0.7,1,0.3,160,100000,1,0.1,0.05,3.3,1,1,0,400000,1,1,0.05,3.3s,1,0.0001,1000,9.496924,0.3333333,0,0,0.003921569,0.03921569,0,0.09019608,0.03137255,0.1490196
58,14,9.81,500,0.7,1,0.3,160,100000,1,0.1,0.05,3.3,1,1,0,400000,1,1,0.05,3.3s,1,0.0001,1000,9.496924,0.3333333,0.003921569,0,0.003921569,0.07450981,0,0.08235294,0.02352941,0.1490196
58,15,9.81,500,0.7,1,0.3,160,100000,1,0.1,0.05,3.3,1,1,0,400000,1,1,0.05,3.3s,1,0.0001,1000,9.496924,0.3333333,0.003921569,0,0.003921569,0.1058824,0.01568628,0.07058824,0.01960784,0.1529412
58,16,9.81,500,0.7,1,0.3,160,100000,1,0.1,0.05,3.3,1,1,0,400000,1,1,0.05,3.3s,1,0.0001,1000,9.496924,0.3333333,0.003921569,0,0.003921569,0.1254902,0.03137255,0.0509804,0.01568628,0.1568628
58,17,9.81,500,0.7,1,0.3,160,100000,1,0.1,0.05,3.3,1,1,0,400000,1,1,0.05,3.3s,1,0.0001,1000,9.496924,0.3333333,0.003921569,0,0.003921569,0.1333333,0.0509804,0.02745098,0.007843138,0.1607843
58,18,9.81,500,0.7,1,0.3,160,100000,1,0.1,0.05,3.3,1,1,0,400000,1,1,0.05,3.3s,1,0.0001,1000,9.496924,0.3333333,0.003921569,0,0.003921569,0.1333333,0.07058824,0.003921569,0.003921569,0.1647059
58,19,9.81,500,0.7,1,0.3,160,100000,1,0.1,0.05,3.3,1,1,0,400000,1,1,0.05,3.3s,1,0.0001,1000,9.496924,0.3333333,0.003921569,0,0.007843138,0.1254902,0.09019608,0,0,0.1686275
58,20,9.81,500,0.7,1,0.3,160,100000,1,0.1,0.05,3.3,1,1,0,400000,1,1,0.05,3.3s,1,0.0001,1000,9.496924,0.3333333,0.003921569,0,0.007843138,0.1137255,0.1058824,0,0,0.172549
58,21,9.81,500,0.7,1,0.3,160,100000,1,0.1,0.05,3.3,1,1,0,400000,1,1,0.05,3.3s,1,0.0001,1000,9.496924,0.3333333,0.003921569,0,0.007843138,0.1019608,0.1137255,0,0,0.1764706
58,22,9.81,500,0.7,1,0.3,160,100000,1,0.1,0.05,3.3,1,1,0,400000,1,1,0.05,3.3s,1,0.0001,1000,9.496924,0.3333333,0.003921569,0,0.007843138,0.08627451,0.1215686,0,0,0.1764706
58,23,9.81,500,0.7,1,0.3,160,100000,1,0.1,0.05,3.3,1,1,0,400000,1,1,0.05,3.3s,1,0.0001,1000,9.496924,0.3333333,0.003921569,0.003921569,0.007843138,0.06666667,0.1176471,0,0,0.1803922
58,24,9.81,500,0.7,1,0.3,160,100000,1,0.1,0.05,3.3,1,1,0,400000,1,1,0.05,3.3s,1,0.0001,1000,9.496924,0.3333333,0,0.003921569,0.007843138,0.04313726,0.1098039,0,0,0.1843137
58,25,9.81,500,0.7,1,0.3,160,100000,1,0.1,0.05,3.3,1,1,0,400000,1,1,0.05,3.3s,1,0.0001,1000,9.496924,0.3333333,0,0.003921569,0.007843138,0.01176471,0.09803922,0,0,0.1843137
58,26,9.81,500,0.7,1,0.3,160,100000,1,0.1,0.05,3.3,1,1,0,400000,1,1,0.05,3.3s,1,0.0001,1000,9.496924,0.3333333,0,0.003921569,0.007843138,0,0.08235294,0,0,0.1843137
58,27,9.81,500,0.7,1,0.3,160,100000,1,0.1,0.05,3.3,1,1,0,400000,1,1,0.05,3.3s,1,0.0001,1000,9.496924,0.3333333,0,0.003921569,0.003921569,0,0.0627451,0,0,0.1843137
58,28,9.81,500,0.7,1,0.3,160,100000,1,0.1,0.05,3.3,1,1,0,400000,1,1,0.05,3.3s,1,0.0001,1000,9.496924,0.3333333,0,0,0.003921569,0,0.04705883,0,0.003921569,0.1843137
58,29,9.81,500,0.7,1,0.3,160,100000,1,0.1,0.05,3.3,1,1,0,400000,1,1,0.05,3.3s,1,0.0001,1000,9.496924,0.3333333,0,0,0.003921569,0,0.03137255,0,0.007843138,0.1803922
58,30,9.81,500,0.7,1,0.3,160,100000,1,0.1,0.05,3.3,1,1,0,400000,1,1,0.05,3.3s,1,0.0001,1000,9.496924,0.3333333,0,0,0.003921569,0,0.01960784,0,0.01176471,0.172549
58,31,9.81,500,0.7,1,0.3,160,100000,1,0.1,0.05,3.3,1,1,0,400000,1,1,0.05,3.3s,1,0.0001,1000,9.496924,0.3333333,0,0,0.003921569,0,0.01176471,0,0.01960784,0.1647059
58,32,9.81,500,0.7,1,0.3,160,100000,1,0.1,0.05,3.3,1,1,0,400000,1,1,0.05,3.3s,1,0.0001,1000,9.496924,0.3333333,0,0,0.003921569,0,0.007843138,0.02352941,0.02745098,0.1568628
58,33,9.81,500,0.7,1,0.3,160,100000,1,0.1,0.05,3.3,1,1,0,400000,1,1,0.05,3.3s,1,0.0001,1000,9.496924,0.3333333,0,0,0.003921569,0,0.003921569,0.05882353,0.03137255,0.1529412
58,34,9.81,500,0.7,1,0.3,160,100000,1,0.1,0.05,3.3,1,1,0,400000,1,1,0.05,3.3s,1,0.0001,1000,9.496924,0.3333333,0,0,0.003921569,0,0.003921569,0.09019608,0.03921569,0.1490196
58,35,9.81,500,0.7,1,0.3,160,100000,1,0.1,0.05,3.3,1,1,0,400000,1,1,0.05,3.3s,1,0.0001,1000,9.496924,0.3333333,0,0,0.003921569,0,0.003921569,0.1137255,0.04313726,0.145098
58,36,9.81,500,0.7,1,0.3,160,100000,1,0.1,0.05,3.3,1,1,0,400000,1,1,0.05,3.3s,1,0.0001,1000,9.496924,0.3333333,0,0,0,0,0.003921569,0.1294118,0.04705883,0.1411765
58,37,9.81,500,0.7,1,0.3,160,100000,1,0.1,0.05,3.3,1,1,0,400000,1,1,0.05,3.3s,1,0.0001,1000,9.496924,0.3333333,0,0,0,0,0.003921569,0.1333333,0.04705883,0.1411765
58,38,9.81,500,0.7,1,0.3,160,100000,1,0.1,0.05,3.3,1,1,0,400000,1,1,0.05,3.3s,1,0.0001,1000,9.496924,0.3333333,0.003921569,0,0,0.02745098,0,0.1294118,0.04705883,0.1411765
58,39,9.81,500,0.7,1,0.3,160,100000,1,0.1,0.05,3.3,1,1,0,400000,1,1,0.05,3.3s,1,0.0001,1000,9.496924,0.3333333,0.003921569,0,0,0.06666667,0,0.1215686,0.04313726,0.1411765
58,40,9.81,500,0.7,1,0.3,160,100000,1,0.1,0.05,3.3,1,1,0,400000,1,1,0.05,3.3s,1,0.0001,1000,9.496924,0.3333333,0.003921569,0,0,0.1058824,0,0.1098039,0.03921569,0.145098
58,41,9.81,500,0.7,1,0.3,160,100000,1,0.1,0.05,3.3,1,1,0,400000,1,1,0.05,3.3s,1,0.0001,1000,9.496924,0.3333333,0.007843138,0,0,0.1372549,0,0.09803922,0.03529412,0.145098
58,42,9.81,500,0.7,1,0.3,160,100000,1,0.1,0.05,3.3,1,1,0,400000,1,1,0.05,3.3s,1,0.0001,1000,9.496924,0.3333333,0.007843138,0,0,0.1647059,0,0.07843138,0.02745098,0.1490196
58,43,9.81,500,0.7,1,0.3,160,100000,1,0.1,0.05,3.3,1,1,0,400000,1,1,0.05,3.3s,1,0.0001,1000,9.496924,0.3333333,0.01176471,0,0,0.1882353,0,0.05882353,0.01960784,0.1529412
58,44,9.81,500,0.7,1,0.3,160,100000,1,0.1,0.05,3.3,1,1,0,400000,1,1,0.05,3.3s,1,0.0001,1000,9.496924,0.3333333,0.01176471,0,0,0.2039216,0,0.03921569,0.007843138,0.1607843
58,45,9.81,500,0.7,1,0.3,160,100000,1,0.1,0.05,3.3,1,1,0,400000,1,1,0.05,3.3s,1,0.0001,1000,9.496924,0.3333333,0.01176471,0,0,0.2117647,0,0.01176471,0,0.1647059
58,46,9.81,500,0.7,1,0.3,160,100000,1,0.1,0.05,3.3,1,1,0,400000,1,1,0.05,3.3s,1,0.0001,1000,9.496924,0.3333333,0.01176471,0,0,0.2156863,0,0,0,0.1686275
58,47,9.81,500,0.7,1,0.3,160,100000,1,0.1,0.05,3.3,1,1,0,400000,1,1,0.05,3.3s,1,0.0001,1000,9.496924,0.3333333,0.01176471,0.003921569,0,0.2078432,0,0,0,0.1764706
58,48,9.81,500,0.7,1,0.3,160,100000,1,0.1,0.05,3.3,1,1,0,400000,1,1,0.05,3.3s,1,0.0001,1000,9.496924,0.3333333,0.01176471,0.003921569,0,0.1921569,0,0,0,0.1843137
58,49,9.81,500,0.7,1,0.3,160,100000,1,0.1,0.05,3.3,1,1,0,400000,1,1,0.05,3.3s,1,0.0001,1000,9.496924,0.3333333,0.007843138,0.007843138,0,0.1647059,0,0,0,0.1882353
58,50,9.81,500,0.7,1,0.3,160,100000,1,0.1,0.05,3.3,1,1,0,400000,1,1,0.05,3.3s,1,0.0001,1000,9.496924,0.3333333,0.007843138,0.01176471,0,0.1254902,0,0,0,0.1960784
58,51,9.81,500,0.7,1,0.3,160,100000,1,0.1,0.05,3.3,1,1,0,400000,1,1,0.05,3.3s,1,0.0001,1000,9.496924,0.3333333,0.003921569,0.01176471,0,0.07843138,0,0,0,0.1960784
58,52,9.81,500,0.7,1,0.3,160,100000,1,0.1,0.05,3.3,1,1,0,400000,1,1,0.05,3.3s,1,0.0001,1000,9.496924,0.3333333,0.003921569,0.01176471,0,0.02352941,0,0,0,0.2
58,53,9.81,500,0.7,1,0.3,160,100000,1,0.1,0.05,3.3,1,1,0,400000,1,1,0.05,3.3s,1,0.0001,1000,9.496924,0.3333333,0,0.01176471,0,0,0,0,0,0.1960784
58,54,9.81,500,0.7,1,0.3,160,100000,1,0.1,0.05,3.3,1,1,0,400000,1,1,0.05,3.3s,1,0.0001,1000,9.496924,0.3333333,0,0.01176471,0,0,0,0,0,0.1921569
58,55,9.81,500,0.7,1,0.3,160,100000,1,0.1,0.05,3.3,1,1,0,400000,1,1,0.05,3.3s,1,0.0001,1000,9.496924,0.3333333,0,0.01176471,0,0,0,0,0,0.1882353
58,56,9.81,500,0.7,1,0.3,160,100000,1,0.1,0.05,3.3,1,1,0,400000,1,1,0.05,3.3s,1,0.0001,1000,9.496924,0.3333333,0,0.007843138,0,0,0,0,0,0.1803922
58,57,9.81,500,0.7,1,0.3,160,100000,1,0.1,0.05,3.3,1,1,0,400000,1,1,0.05,3.3s,1,0.0001,1000,9.496924,0.3333333,0,0.007843138,0,0,0,0,0,0.1764706
58,58,9.81,500,0.7,1,0.3,160,100000,1,0.1,0.05,3.3,1,1,0,400000,1,1,0.05,3.3s,1,0.0001,1000,9.496924,0.3333333,0,0.003921569,0,0,0,0,0,0.172549
58,59,9.81,500,0.7,1,0.3,160,100000,1,0.1,0.05,3.3,1,1,0,400000,1,1,0.05,3.3s,1,0.0001,1000,9.496924,0.3333333,0,0.003921569,0,0,0,0,0.007843138,0.1686275
58,60,9.81,500,0.7,1,0.3,160,100000,1,0.1,0.05,3.3,1,1,0,400000,1,1,0.05,3.3s,1,0.0001,1000,9.496924,0.3333333,0,0.003921569,0,0,0,0,0.01176471,0.1686275
58,61,9.81,500,0.7,1,0.3,160,100000,1,0.1,0.05,3.3,1,1,0,400000,1,1,0.05,3.3s,1,0.0001,1000,9.496924,0.3333333,0,0,0,0,0,0,0.01176471,0.1647059
58,62,9.81,500,0.7,1,0.3,160,100000,1,0.1,0.05,3.3,1,1,0,400000,1,1,0.05,3.3s,1,0.0001,1000,9.496924,0.3333333,0,0,0.003921569,0,0,0,0.01568628,0.1647059
58,63,9.81,500,0.7,1,0.3,160,100000,1,0.1,0.05,3.3,1,1,0,400000,1,1,0.05,3.3s,1,0.0001,1000,9.496924,0.3333333,0,0,0.003921569,0,0.003921569,0,0.01568628,0.1647059
59,0,9.81,500,0.7,1,0.3,160,100000,1,0.1,0.05,3.3,1,1,0,400000,1,1,0.05,3.3s,1,0.0001,1000,9.496924,0.3333333,0,0,0.003921569,0,0.01176471,0,0.02745098,0.1647059
59,1,9.81,500,0.7,1,0.3,160,100000,1,0.1,0.05,3.3,1,1,0,400000,1,1,0.05,3.3s,1,0.0001,1000,9.496924,0.3333333,0,0,0.003921569,0,0.007843138,0,0.02745098,0.1647059
59,2,9.81,500,0.7,1,0.3,160,100000,1,0.1,0.05,3.3,1,1,0,400000,1,1,0.05,3.3s,1,0.0001,1000,9.496924,0.3333333,0,0,0.003921569,0,0.007843138,0,0.02745098,0.1607843
59,3,9.81,500,0.7,1,0.3,160,100000,1,0.1,0.05,3.3,1,1,0,400000,1,1,0.05,3.3s,1,0.0001,1000,9.496924,0.3333333,0,0,0.003921569,0,0.003921569,0.003921569,0.02745098,0.1607843
59,4,9.81,500,0.7,1,0.3,160,100000,1,0.1,0.05,3.3,1,1,0,400000,1,1,0.05,3.3s,1,0.0001,1000,9.496924,0.3333333,0,0,0.003921569,0,0,0.01176471,0.03137255,0.1607843
59,5,9.81,500,0.7,1,0.3,160,100000,1,0.1,0.05,3.3,1,1,0,400000,1,1,0.05,3.3s,1,0.0001,1000,9.496924,0.3333333,0,0,0.003921569,0,0,0.01568628,0.03137255,0.1607843
59,6,9.81,500,0.7,1,0.3,160,100000,1,0.1,0.05,3.3,1,1,0,400000,1,1,0.05,3.3s,1,0.0001,1000,9.496924,0.3333333,0,0,0,0,0,0.02352941,0.03529412,0.1568628
59,7,9.81,500,0.7,1,0.3,160,100000,1,0.1,0.05,3.3,1,1,0,400000,1,1,0.05,3.3s,1,0.0001,1000,9.496924,0.3333333,0,0,0,0,0,0.03137255,0.03529412,0.1568628
59,8,9.81,500,0.7,1,0.3,160,100000,1,0.1,0.05,3.3,1,1,0,400000,1,1,0.05,3.3s,1,0.0001,1000,9.496924,0.3333333,0,0,0,0,0,0.04313726,0.03921569,0.1529412
59,9,9.81,500,0.7,1,0.3,160,100000,1,0.1,0.05,3.3,1,1,0,400000,1,1,0.05,3.3s,1,0.0001,1000,9.496924,0.3333333,0,0,0,0,0,0.05882353,0.03921569,0.1529412
59,10,9.81,500,0.7,1,0.3,160,100000,1,0.1,0.05,3.3,1,1,0,400000,1,1,0.05,3.3s,1,0.0001,1000,9.496924,0.3333333,0,0,0.003921569,0,0,0.07450981,0.03921569,0.1490196
59,11,9.81,500,0.7,1,0.3,160,100000,1,0.1,0.05,3.3,1,1,0,400000,1,1,0.05,3.3s,1,0.0001,1000,9.496924,0.3333333,0,0,0.003921569,0,0,0.08627451,0.03921569,0.1490196
59,12,9.81,500,0.7,1,0.3,160,100000,1,0.1,0.05,3.3,1,1,0,400000,1,1,0.05,3.3s,1,0.0001,1000,9.496924,0.3333333,0,0,0.003921569,0.007843138,0,0.09411766,0.03529412,0.145098
59,13,9.81,500,0.7,1,0.3,160,100000,1,0.1,0.05,3.3,1,1,0,400000,1,1,0.05,3.3s,1,0.0001,1000,9.496924,0.3333333,0,0,0.003921569,0.04705883,0,0.09411766,0.03137255,0.1490196
59,14,9.81,500,0.7,1,0.3,160,100000,1,0.1,0.05,3.3,1,1,0,400000,1,1,0.05,3.3s,1,0.0001,1000,9.496924,0.3333333,0.003921569,0,0.003921569,0.08627451,0.01176471,0.09019608,0.02745098,0.1490196
59,15,9.81,500,0.7,1,0.3,160,100000,1,0.1,0.05,3.3,1,1,0,400000,1,1,0.05,3.3s,1,0.0001,1000,9.496924,0.3333333,0.003921569,0,0.003921569,0.1176471,0.01960784,0.07450981,0.01960784,0.1529412
59,16,9.81,500,0.7,1,0.3,160,100000,1,0.1,0.05,3.3,1,1,0,400000,1,1,0.05,3.3s,1,0.0001,1000,9.496924,0.3333333,0.003921569,0,0.003921569,0.1411765,0.03529412,0.0509804,0.01176471,0.1568628
59,17,9.81,500,0.7,1,0.3,160,100000,1,0.1,0.05,3.3,1,1,0,400000,1,1,0.05,3.3s,1,0.0001,1000,9.496924,0.3333333,0.003921569,0,0.003921569,0.1529412,0.0509804,0.02745098,0.003921569,0.1607843
59,18,9.81,500,0.7,1,0.3,160,100000,1,0.1,0.05,3.3,1,1,0,400000,1,1,0.05,3.3s,1,0.0001,1000,9.496924,0.3333333,0.007843138,0,0.003921569,0.1529412,0.06666667,0.003921569,0,0.1647059
59,19,9.81,500,0.7,1,0.3,160,100000,1,0.1,0.05,3.3,1,1,0,400000,1,1,0.05,3.3s,1,0.0001,1000,9.496924,0.3333333,0.007843138,0,0.007843138,0.1411765,0.08235294,0,0,0.172549
59,20,9.81,500,0.7,1,0.3,160,100000,1,0.1,0.05,3.3,1,1,0,400000,1,1,0.05,3.3s,1,0.0001,1000,9.496924,0.3333333,0.003921569,0,0.007843138,0.1294118,0.09803922,0,0,0.1764706
59,21,9.81,500,0.7,1,0.3,160,100000,1,0.1,0.05,3.3,1,1,0,400000,1,1,0.05,3.3s,1,0.0001,1000,9.496924,0.3333333,0.003921569,0,0.007843138,0.1098039,0.1098039,0,0,0.1764706
59,22,9.81,500,0.7,1,0.3,160,100000,1,0.1,0.05,3.3,1,1,0,400000,1,1,0.05,3.3s,1,0.0001,1000,9.496924,0.3333333,0.003921569,0.003921569,0.007843138,0.08627451,0.1137255,0,0,0.1803922
59,23,9.81,500,0.7,1,0.3,160,100000,1,0.1,0.05,3.3,1,1,0,400000,1,1,0.05,3.3s,1,0.0001,1000,9.496924,0.3333333,0.003921569,0.003921569,0.007843138,0.05882353,0.1137255,0,0,0.1843137
59,24,9.81,500,0.7,1,0.3,160,100000,1,0.1,0.05,3.3,1,1,0,400000,1,1,0.05,3.3s,1,0.0001,1000,9.496924,0.3333333,0,0.003921569,0.007843138,0.03137255,0.1058824,0,0,0.1843137
59,25,9.81,500,0.7,1,0.3,160,100000,1,0.1,0.05,3.3,1,1,0,400000,1,1,0.05,3.3s,1,0.0001,1000,9.496924,0.3333333,0,0.003921569,0.007843138,0,0.09019608,0,0,0.1882353
59,26,9.81,500,0.7,1,0.3,160,100000,1,0.1,0.05,3.3,1,1,0,400000,1,1,0.05,3.3s,1,0.0001,1000,9.496924,0.3333333,0,0.003921569,0.007843138,0,0.07450981,0,0,0.1882353
59,27,9.81,500,0.7,1,0.3,160,100000,1,0.1,0.05,3.3,1,1,0,400000,1,1,0.05,3.3s,1,0.0001,1000,9.496924,0.3333333,0,0.003921569,0.003921569,0,0.05882353,0,0,0.1843137
59,28,9.81,500,0.7,1,0.3,160,100000,1,0.1,0.05,3.3,1,1,0,400000,1,1,0.05,3.3s,1,0.0001,1000,9.496924,0.3333333,0,0.003921569,0.003921569,0,0.04313726,0,0.003921569,0.1843137
59,29,9.81,500,0.7,1,0.3,160,100000,1,0.1,0.05,3.3,1,1,0,400000,1,1,0.05,3.3s,1,0.0001,1000,9.496924,0.3333333,0,0,0.003921569,0,0.02745098,0,0.01176471,0.1764706
59,30,9.81,500,0.7,1,0.3,160,100000,1,0.1,0.05,3.3,1,1,0,400000,1,1,0.05,3.3s,1,0.0001,1000,9.496924,0.3333333,0,0,0.003921569,0,0.01960784,0,0.01568628,0.172549
59,31,9.81,500,0.7,1,0.3,160,100000,1,0.1,0.05,3.3,1,1,0,400000,1,1,0.05,3.3s,1,0.0001,1000,9.496924,0.3333333,0,0,0.003921569,0,0.01176471,0,0.02352941,0.1647059
59,32,9.81,500,0.7,1,0.3,160,100000,1,0.1,0.05,3.3,1,1,0,400000,1,1,0.05,3.3s,1,0.0001,1000,9.496924,0.3333333,0,0,0.003921569,0,0.01176471,0.02745098,0.02745098,0.1568628
59,33,9.81,500,0.7,1,0.3,160,100000,1,0.1,0.05,3.3,1,1,0,400000,1,1,0.05,3.3s,1,0.0001,1000,9.496924,0.3333333,0,0,0.003921569,0,0.01176471,0.0627451,0.03529412,0.1529412
59,34,9.81,500,0.7,1,0.3,160,100000,1,0.1,0.05,3.3,1,1,0,400000,1,1,0.05,3.3s,1,0.0001,1000,9.496924,0.3333333,0,0,0.003921569,0,0.01176471,0.09411766,0.03921569,0.145098
59,35,9.81,500,0.7,1,0.3,160,100000,1,0.1,0.05,3.3,1,1,0,400000,1,1,0.05,3.3s,1,0.0001,1000,9.496924,0.3333333,0,0,0.003921569,0,0.01568628,0.1137255,0.04705883,0.1411765
59,36,9.81,500,0.7,1,0.3,160,100000,1,0.1,0.05,3.3,1,1,0,400000,1,1,0.05,3.3s,1,0.0001,1000,9.496924,0.3333333,0,0,0.003921569,0,0.01568628,0.1254902,0.04705883,0.1411765
59,37,9.81,500,0.7,1,0.3,160,100000,1,0.1,0.05,3.3,1,1,0,400000,1,1,0.05,3.3s,1,0.0001,1000,9.496924,0.3333333,0,0,0.003921569,0,0.01568628,0.1294118,0.0509804,0.1411765
59,38,9.81,500,0.7,1,0.3,160,100000,1,0.1,0.05,3.3,1,1,0,400000,1,1,0.05,3.3s,1,0.0001,1000,9.496924,0.3333333,0,0,0,0.01960784,0.01176471,0.1294118,0.0509804,0.1411765
59,39,9.81,500,0.7,1,0.3,160,100000,1,0.1,0.05,3.3,1,1,0,400000,1,1,0.05,3.3s,1,0.0001,1000,9.496924,0.3333333,0.003921569,0,0,0.05882353,0.003921569,0.1215686,0.04705883,0.1411765
59,40,9.81,500,0.7,1,0.3,160,100000,1,0.1,0.05,3.3,1,1,0,400000,1,1,0.05,3.3s,1,0.0001,1000,9.496924,0.3333333,0.003921569,0,0,0.09411766,0,0.1098039,0.04313726,0.145098
59,41,9.81,500,0.7,1,0.3,160,100000,1,0.1,0.05,3.3,1,1,0,400000,1,1,0.05,3.3s,1,0.0001,1000,9.496924,0.3333333,0.007843138,0,0,0.1254902,0,0.09803922,0.03921569,0.145098
59,42,9.81,500,0.7,1,0.3,160,100000,1,0.1,0.05,3.3,1,1,0,400000,1,1,0.05,3.3s,1,0.0001,1000,9.496924,0.3333333,0.007843138,0,0,0.1568628,0,0.08235294,0.03137255,0.1490196
59,43,9.81,500,0.7,1,0.3,160,100000,1,0.1,0.05,3.3,1,1,0,400000,1,1,0.05,3.3s,1,0.0001,1000,9.496924,0.3333333,0.007843138,0,0,0.1803922,0,0.06666667,0.02745098,0.1529412
59,44,9.81,500,0.7,1,0.3,160,100000,1,0.1,0.05,3.3,1,1,0,400000,1,1,0.05,3.3s,1,0.0001,1000,9.496924,0.3333333,0.01176471,0,0,0.2,0,0.04313726,0.01960784,0.1568628
59,45,9.81,500,0.7,1,0.3,160,100000,1,0.1,0.05,3.3,1,1,0,400000,1,1,0.05,3.3s,1,0.0001,1000,9.496924,0.3333333,0.01176471,0,0,0.2117647,0,0.01960784,0.007843138,0.1607843
59,46,9.81,500,0.7,1,0.3,160,100000,1,0.1,0.05,3.3,1,1,0,400000,1,1,0.05,3.3s,1,0.0001,1000,9.496924,0.3333333,0.01176471,0,0,0.2156863,0,0,0,0.1686275
59,47,9.81,500,0.7,1,0.3,160,100000,1,0.1,0.05,3.3,1,1,0,400000,1,1,0.05,3.3s,1,0.0001,1000,9.496924,0.3333333,0.01176471,0,0,0.2117647,0,0,0,0.172549
59,48,9.81,500,0.7,1,0.3,160,100000,1,0.1,0.05,3.3,1,1,0,400000,1,1,0.05,3.3s,1,0.0001,1000,9.496924,0.3333333,0.01176471,0.003921569,0,0.1960784,0,0,0,0.1803922
59,49,9.81,500,0.7,1,0.3,160,100000,1,0.1,0.05,3.3,1,1,0,400000,1,1,0.05,3.3s,1,0.0001,1000,9.496924,0.3333333,0.007843138,0.007843138,0,0.1686275,0,0,0,0.1882353
59,50,9.81,500,0.7,1,0.3,160,100000,1,0.1,0.05,3.3,1,1,0,400000,1,1,0.05,3.3s,1,0.0001,1000,9.496924,0.3333333,0.007843138,0.01176471,0,0.1254902,0,0,0,0.1921569
59,51,9.81,500,0.7,1,0.3,160,100000,1,0.1,0.05,3.3,1,1,0,400000,1,1,0.05,3.3s,1,0.0001,1000,9.496924,0.3333333,0.003921569,0.01176471,0,0.07843138,0,0,0,0.1960784
59,52,9.81,500,0.7,1,0.3,160,100000,1,0.1,0.05,3.3,1,1,0,400000,1,1,0.05,3.3s,1,0.0001,1000,9.496924,0.3333333,0.003921569,0.01176471,0,0.02352941,0,0,0,0.1960784
59,53,9.81,500,0.7,1,0.3,160,100000,1,0.1,0.05,3.3,1,1,0,400000,1,1,0.05,3.3s,1,0.0001,1000,9.496924,0.3333333,0,0.01176471,0,0,0,0,0,0.1960784
59,54,9.81,500,0.7,1,0.3,160,100000,1,0.1,0.05,3.3,1,1,0,400000,1,1,0.05,3.3s,1,0.0001,1000,9.496924,0.3333333,0,0.01176471,0,0,0,0,0,0.1882353
59,55,9.81,500,0.7,1,0.3,160,100000,1,0.1,0.05,3.3,1,1,0,400000,1,1,0.05,3.3s,1,0.0001,1000,9.496924,0.3333333,0,0.01176471,0,0,0,0,0,0.1843137
59,56,9.81,500,0.7,1,0.3,160,100000,1,0.1,0.05,3.3,1,1,0,400000,1,1,0.05,3.3s,1,0.0001,1000,9.496924,0.3333333,0,0.007843138,0,0,0,0,0,0.1764706
59,57,9.81,500,0.7,1,0.3,160,100000,1,0.1,0.05,3.3,1,1,0,400000,1,1,0.05,3.3s,1,0.0001,1000,9.496924,0.3333333,0,0.007843138,0,0,0,0,0.007843138,0.172549
59,58,9.81,500,0.7,1,0.3,160,100000,1,0.1,0.05,3.3,1,1,0,400000,1,1,0.05,3.3s,1,0.0001,1000,9.496924,0.3333333,0,0.003921569,0,0,0,0,0.01568628,0.1686275
59,59,9.81,500,0.7,1,0.3,160,100000,1,0.1,0.05,3.3,1,1,0,400000,1,1,0.05,3.3s,1,0.0001,1000,9.496924,0.3333333,0,0.003921569,0,0,0,0,0.01960784,0.1647059
59,60,9.81,500,0.7,1,0.3,160,100000,1,0.1,0.05,3.3,1,1,0,400000,1,1,0.05,3.3s,1,0.0001,1000,9.496924,0.3333333,0,0.003921569,0.003921569,0,0,0,0.02352941,0.1647059
59,61,9.81,500,0.7,1,0.3,160,100000,1,0.1,0.05,3.3,1,1,0,400000,1,1,0.05,3.3s,1,0.0001,1000,9.496924,0.3333333,0,0,0.003921569,0,0,0,0.02352941,0.1647059
59,62,9.81,500,0.7,1,0.3,160,100000,1,0.1,0.05,3.3,1,1,0,400000,1,1,0.05,3.3s,1,0.0001,1000,9.496924,0.3333333,0,0,0.003921569,0,0.007843138,0,0.02745098,0.1647059
59,63,9.81,500,0.7,1,0.3,160,100000,1,0.1,0.05,3.3,1,1,0,400000,1,1,0.05,3.3s,1,0.0001,1000,9.496924,0.3333333,0,0,0.003921569,0,0.007843138,0,0.02745098,0.1647059
60,0,9.81,500,0.7,1,0.3,160,100000,1,0.1,0.05,3.3,1,1,0,400000,1,1,0.05,3.3s,1,0.0001,1000,9.496924,0.3333333,0,0,0.003921569,0,0.01960784,0,0.03137255,0.1647059
60,1,9.81,500,0.7,1,0.3,160,100000,1,0.1,0.05,3.3,1,1,0,400000,1,1,0.05,3.3s,1,0.0001,1000,9.496924,0.3333333,0,0,0.003921569,0,0.01568628,0,0.03137255,0.1607843
60,2,9.81,500,0.7,1,0.3,160,100000,1,0.1,0.05,3.3,1,1,0,400000,1,1,0.05,3.3s,1,0.0001,1000,9.496924,0.3333333,0,0,0.003921569,0,0.01568628,0,0.03137255,0.1607843
60,3,9.81,500,0.7,1,0.3,160,100000,1,0.1,0.05,3.3,1,1,0,400000,1,1,0.05,3.3s,1,0.0001,1000,9.496924,0.3333333,0,0,0.003921569,0,0.01176471,0.003921569,0.03137255,0.1607843
60,4,9.81,500,0.7,1,0.3,160,100000,1,0.1,0.05,3.3,1,1,0,400000,1,1,0.05,3.3s,1,0.0001,1000,9.496924,0.3333333,0,0,0.003921569,0,0.007843138,0.01176471,0.03137255,0.1607843
60,5,9.81,500,0.7,1,0.3,160,100000,1,0.1,0.05,3.3,1,1,0,400000,1,1,0.05,3.3s,1,0.0001,1000,9.496924,0.3333333,0,0,0.003921569,0,0.003921569,0.01960784,0.03529412,0.1568628
60,6,9.81,500,0.7,1,0.3,160,100000,1,0.1,0.05,3.3,1,1,0,400000,1,1,0.05,3.3s,1,0.0001,1000,9.496924,0.3333333,0,0,0.003921569,0,0.003921569,0.02745098,0.03529412,0.1568628
60,7,9.81,500,0.7,1,0.3,160,100000,1,0.1,0.05,3.3,1,1,0,400000,1,1,0.05,3.3s,1,0.0001,1000,9.496924,0.3333333,0,0,0.003921569,0,0.003921569,0.03529412,0.03921569,0.1568628
60,8,9.81,500,0.7,1,0.3,160,100000,1,0.1,0.05,3.3,1,1,0,400000,1,1,0.05,3.3s,1,0.0001,1000,9.496924,0.3333333,0,0,0.003921569,0,0.003921569,0.04705883,0.03921569,0.1529412
60,9,9.81,500,0.7,1,0.3,160,100000,1,0.1,0.05,3.3,1,1,0,400000,1,1,0.05,3.3s,1,0.0001,1000,9.496924,0.3333333,0,0,0.003921569,0,0.003921569,0.0627451,0.04313726,0.1490196
60,10,9.81,500,0.7,1,0.3,160,100000,1,0.1,0.05,3.3,1,1,0,400000,1,1,0.05,3.3s,1,0.0001,1000,9.496924,0.3333333,0,0,0.003921569,0,0.007843138,0.07843138,0.04313726,0.1490196
60,11,9.81,500,0.7,1,0.3,160,100000,1,0.1,0.05,3.3,1,1,0,400000,1,1,0.05,3.3s,1,0.0001,1000,9.496924,0.3333333,0,0,0.003921569,0,0.007843138,0.09019608,0.03921569,0.145098
60,12,9.81,500,0.7,1,0.3,160,100000,1,0.1,0.05,3.3,1,1,0,400000,1,1,0.05,3.3s,1,0.0001,1000,9.496924,0.3333333,0,0,0.003921569,0.01176471,0.01176471,0.09803922,0.03529412,0.145098
60,13,9.81,500,0.7,1,0.3,160,100000,1,0.1,0.05,3.3,1,1,0,400000,1,1,0.05,3.3s,1,0.0001,1000,9.496924,0.3333333,0,0,0.003921569,0.05490196,0.01568628,0.1019608,0.03137255,0.145098
60,14,9.81,500,0.7,1,0.3,160,100000,1,0.1,0.05,3.3,1,1,0,400000,1,1,0.05,3.3s,1,0.0001,1000,9.496924,0.3333333,0.003921569,0,0.003921569,0.09411766,0.01960784,0.09411766,0.02352941,0.1490196
60,15,9.81,500,0.7,1,0.3,160,100000,1,0.1,0.05,3.3,1,1,0,400000,1,1,0.05,3.3s,1,0.0001,1000,9.496924,0.3333333,0.003921569,0,0.003921569,0.1294118,0.02745098,0.07843138,0.01568628,0.1529412
60,16,9.81,500,0.7,1,0.3,160,100000,1,0.1,0.05,3.3,1,1,0,400000,1,1,0.05,3.3s,1,0.0001,1000,9.496924,0.3333333,0.003921569,0,0.003921569,0.1529412,0.03529412,0.05490196,0.007843138,0.1568628
60,17,9.81,500,0.7,1,0.3,160,100000,1,0.1,0.05,3.3,1,1,0,400000,1,1,0.05,3.3s,1,0.0001,1000,9.496924,0.3333333,0.007843138,0,0.003921569,0.1647059,0.04705883,0.02745098,0,0.1607843
60,18,9.81,500,0.7,1,0.3,160,100000,1,0.1,0.05,3.3,1,1,0,400000,1,1,0.05,3.3s,1,0.0001,1000,9.496924,0.3333333,0.007843138,0,0.003921569,0.1686275,0.0627451,0,0,0.1686275
60,19,9.81,500,0.7,1,0.3,160,100000,1,0.1,0.05,3.3,1,1,0,400000,1,1,0.05,3.3s,1,0.0001,1000,9.496924,0.3333333,0.007843138,0,0.007843138,0.1568628,0.07450981,0,0,0.172549
60,20,9.81,500,0.7,1,0.3,160,100000,1,0.1,0.05,3.3,1,1,0,400000,1,1,0.05,3.3s,1,0.0001,1000,9.496924,0.3333333,0.007843138,0,0.007843138,0.1411765,0.09019608,0,0,0.1764706
60,21,9.81,500,0.7,1,0.3,160,100000,1,0.1,0.05,3.3,1,1,0,400000,1,1,0.05,3.3s,1,0.0001,1000,9.496924,0.3333333,0.003921569,0.003921569,0.007843138,0.1176471,0.09803922,0,0,0.1803922
60,22,9.81,500,0.7,1,0.3,160,100000,1,0.1,0.05,3.3,1,1,0,400000,1,1,0.05,3.3s,1,0.0001,1000,9.496924,0.3333333,0.003921569,0.003921569,0.007843138,0.08627451,0.1058824,0,0,0.1843137
60,23,9.81,500,0.7,1,0.3,160,100000,1,0.1,0.05,3.3,1,1,0,400000,1,1,0.05,3.3s,1,0.0001,1000,9.496924,0.3333333,0.003921569,0.007843138,0.007843138,0.05490196,0.1058824,0,0,0.1882353
60,24,9.81,500,0.7,1,0.3,160,100000,1,0.1,0.05,3.3,1,1,0,400000,1,1,0.05,3.3s,1,0.0001,1000,9.496924,0.3333333,0,0.007843138,0.007843138,0.01960784,0.09803922,0,0,0.1882353
60,25,9.81,500,0.7,1,0.3,160,100000,1,0.1,0.05,3.3,1,1,0,400000,1,1,0.05,3.3s,1,0.0001,1000,9.496924,0.3333333,0,0.007843138,0.007843138,0,0.08627451,0,0,0.1882353
60,26,9.81,500,0.7,1,0.3,160,100000,1,0.1,0.05,3.3,1,1,0,400000,1,1,0.05,3.3s,1,0.0001,1000,9.496924,0.3333333,0,0.007843138,0.007843138,0,0.07058824,0,0,0.1882353
60,27,9.81,500,0.7,1,0.3,160,100000,1,0.1,0.05,3.3,1,1,0,400000,1,1,0.05,3.3s,1,0.0001,1000,9.496924,0.3333333,0,0.003921569,0.007843138,0,0.05490196,0,0,0.1843137
60,28,9.81,500,0.7,1,0.3,160,100000,1,0.1,0.05,3.3,1,1,0,400000,1,1,0.05,3.3s,1,0.0001,1000,9.496924,0.3333333,0,0.003921569,0.003921569,0,0.03921569,0,0.007843138,0.1803922
60,29,9.81,500,0.7,1,0.3,160,100000,1,0.1,0.05,3.3,1,1,0,400000,1,1,0.05,3.3s,1,0.0001,1000,9.496924,0.3333333,0,0,0.003921569,0,0.02745098,0,0.01176471,0.1764706
60,30,9.81,500,0.7,1,0.3,160,100000,1,0.1,0.05,3.3,1,1,0,400000,1,1,0.05,3.3s,1,0.0001,1000,9.496924,0.3333333,0,0,0.003921569,0,0.01960784,0,0.01960784,0.1686275
60,31,9.81,500,0.7,1,0.3,160,100000,1,0.1,0.05,3.3,1,1,0,400000,1,1,0.05,3.3s,1,0.0001,1000,9.496924,0.3333333,0,0,0.003921569,0,0.01960784,0,0.02352941,0.1647059
60,32,9.81,500,0.7,1,0.3,160,100000,1,0.1,0.05,3.3,1,1,0,400000,1,1,0.05,3.3s,1,0.0001,1000,9.496924,0.3333333,0,0,0.003921569,0,0.01960784,0.03137255,0.03137255,0.1568628
60,33,9.81,500,0.7,1,0.3,160,100000,1,0.1,0.05,3.3,1,1,0,400000,1,1,0.05,3.3s,1,0.0001,1000,9.496924,0.3333333,0,0,0.003921569,0,0.02352941,0.06666667,0.03529412,0.1490196
60,34,9.81,500,0.7,1,0.3,160,100000,1,0.1,0.05,3.3,1,1,0,400000,1,1,0.05,3.3s,1,0.0001,1000,9.496924,0.3333333,0,0,0.003921569,0,0.02745098,0.09411766,0.04313726,0.145098
60,35,9.81,500,0.7,1,0.3,160,100000,1,0.1,0.05,3.3,1,1,0,400000,1,1,0.05,3.3s,1,0.0001,1000,9.496924,0.3333333,0,0,0.003921569,0,0.03137255,0.1137255,0.04705883,0.1411765
60,36,9.81,500,0.7,1,0.3,160,100000,1,0.1,0.05,3.3,1,1,0,400000,1,1,0.05,3.3s,1,0.0001,1000,9.496924,0.3333333,0,0,0.003921569,0,0.03137255,0.1215686,0.04705883,0.1411765
60,37,9.81,500,0.7,1,0.3,160,100000,1,0.1,0.05,3.3,1,1,0,400000,1,1,0.05,3.3s,1,0.0001,1000,9.496924,0.3333333,0,0,0.003921569,0,0.03137255,0.1254902,0.0509804,0.1411765
60,38,9.81,500,0.7,1,0.3,160,100000,1,0.1,0.05,3.3,1,1,0,400000,1,1,0.05,3.3s,1,0.0001,1000,9.496924,0.3333333,0,0,0.003921569,0.01568628,0.02745098,0.1215686,0.0509804,0.1411765
60,39,9.81,500,0.7,1,0.3,160,100000,1,0.1,0.05,3.3,1,1,0,400000,1,1,0.05,3.3s,1,0.0001,1000,9.496924,0.3333333,0.003921569,0,0.003921569,0.0509804,0.01960784,0.1176471,0.04705883,0.1411765
60,40,9.81,500,0.7,1,0.3,160,100000,1,0.1,0.05,3.3,1,1,0,400000,1,1,0.05,3.3s,1,0.0001,1000,9.496924,0.3333333,0.003921569,0,0,0.08235294,0.007843138,0.1098039,0.04705883,0.145098
60,41,9.81,500,0.7,1,0.3,160,100000,1,0.1,0.05,3.3,1,1,0,400000,1,1,0.05,3.3s,1,0.0001,1000,9.496924,0.3333333,0.007843138,0,0,0.1137255,0,0.09803922,0.04313726,0.145098
60,42,9.81,500,0.7,1,0.3,160,100000,1,0.1,0.05,3.3,1,1,0,400000,1,1,0.05,3.3s,1,0.0001,1000,9.496924,0.3333333,0.007843138,0,0,0.145098,0,0.08627451,0.03921569,0.1490196
60,43,9.81,500,0.7,1,0.3,160,100000,1,0.1,0.05,3.3,1,1,0,400000,1,1,0.05,3.3s,1,0.0001,1000,9.496924,0.3333333,0.007843138,0,0,0.1686275,0,0.07058824,0.03529412,0.1490196
60,44,9.81,500,0.7,1,0.3,160,100000,1,0.1,0.05,3.3,1,1,0,400000,1,1,0.05,3.3s,1,0.0001,1000,9.496924,0.3333333,0.01176471,0,0,0.1921569,0,0.04705883,0.02745098,0.1529412
60,45,9.81,500,0.7,1,0.3,160,100000,1,0.1,0.05,3.3,1,1,0,400000,1,1,0.05,3.3s,1,0.0001,1000,9.496924,0.3333333,0.01176471,0,0,0.2078432,0,0.02352941,0.01960784,0.1607843
60,46,9.81,500,0.7,1,0.3,160,100000,1,0.1,0.05,3.3,1,1,0,400000,1,1,0.05,3.3s,1,0.0001,1000,9.496924,0.3333333,0.01176471,0,0,0.2117647,0,0,0.01176471,0.1647059
60,47,9.81,500,0.7,1,0.3,160,100000,1,0.1,0.05,3.3,1,1,0,400000,1,1,0.05,3.3s,1,0.0001,1000,9.496924,0.3333333,0.01176471,0,0,0.2117647,0,0,0.003921569,0.172549
60,48,9.81,500,0.7,1,0.3,160,100000,1,0.1,0.05,3.3,1,1,0,400000,1,1,0.05,3.3s,1,0.0001,1000,9.496924,0.3333333,0.01176471,0.003921569,0,0.1960784,0,0,0,0.1764706
60,49,9.81,500,0.7,1,0.3,160,100000,1,0.1,0.05,3.3,1,1,0,400000,1,1,0.05,3.3s,1,0.0001,1000,9.496924,0.3333333,0.007843138,0.007843138,0,0.1686275,0,0,0,0.1843137
60,50,9.81,500,0.7,1,0.3,160,100000,1,0.1,0.05,3.3,1,1,0,400000,1,1,0.05,3.3s,1,0.0001,1000,9.496924,0.3333333,0.007843138,0.007843138,0,0.1294118,0,0,0,0.1882353
60,51,9.81,500,0.7,1,0.3,160,100000,1,0.1,0.05,3.3,1,1,0,400000,1,1,0.05,3.3s,1,0.0001,1000,9.496924,0.3333333,0.003921569,0.01176471,0,0.07843138,0,0,0,0.1921569
60,52,9.81,500,0.7,1,0.3,160,100000,1,0.1,0.05,3.3,1,1,0,400000,1,1,0.05,3.3s,1,0.0001,1000,9.496924,0.3333333,0.003921569,0.01176471,0,0.02352941,0,0,0,0.1921569
60,53,9.81,500,0.7,1,0.3,160,100000,1,0.1,0.05,3.3,1,1,0,400000,1,1,0.05,3.3s,1,0.0001,1000,9.496924,0.3333333,0,0.01176471,0,0,0,0,0,0.1921569
60,54,9.81,500,0.7,1,0.3,160,100000,1,0.1,0.05,3.3,1,1,0,400000,1,1,0.05,3.3s,1,0.0001,1000,9.496924,0.3333333,0,0.01176471,0,0,0,0,0,0.1882353
60,55,9.81,500,0.7,1,0.3,160,100000,1,0.1,0.05,3.3,1,1,0,400000,1,1,0.05,3.3s,1,0.0001,1000,9.496924,0.3333333,0,0.007843138,0,0,0,0,0.003921569,0.1803922
60,56,9.81,500,0.7,1,0.3,160,100000,1,0.1,0.05,3.3,1,1,0,400000,1,1,0.05,3.3s,1,0.0001,1000,9.496924,0.3333333,0,0.007843138,0,0,0,0,0.01176471,0.1764706
60,57,9.81,500,0.7,1,0.3,160,100000,1,0.1,0.05,3.3,1,1,0,400000,1,1,0.05,3.3s,1,0.0001,1000,9.496924,0.3333333,0,0.007843138,0,0,0,0,0.01960784,0.172549
60,58,9.81,500,0.7,1,0.3,160,100000,1,0.1,0.05,3.3,1,1,0,400000,1,1,0.05,3.3s,1,0.0001,1000,9.496924,0.3333333,0,0.003921569,0,0,0,0,0.02352941,0.1686275
60,59,9.81,500,0.7,1,0.3,160,100000,1,0.1,0.05,3.3,1,1,0,400000,1,1,0.05,3.3s,1,0.0001,1000,9.496924,0.3333333,0,0.003921569,0.003921569,0,0,0,0.03137255,0.1647059
60,60,9.81,500,0.7,1,0.3,160,100000,1,0.1,0.05,3.3,1,1,0,400000,1,1,0.05,3.3s,1,0.0001,1000,9.496924,0.3333333,0,0.003921569,0.003921569,0,0.007843138,0,0.03137255,0.1647059
60,61,9.81,500,0.7,1,0.3,160,100000,1,0.1,0.05,3.3,1,1,0,400000,1,1,0.05,3.3s,1,0.0001,1000,9.496924,0.3333333,0,0,0.003921569,0,0.01176471,0,0.03529412,0.1647059
60,62,9.81,500,0.7,1,0.3,160,100000,1,0.1,0.05,3.3,1,1,0,400000,1,1,0.05,3.3s,1,0.0001,1000,9.496924,0.3333333,0,0,0.003921569,0,0.01960784,0,0.03529412,0.1647059
60,63,9.81,500,0.7,1,0.3,160,100000,1,0.1,0.05,3.3,1,1,0,400000,1,1,0.05,3.3s,1,0.0001,1000,9.496924,0.3333333,0,0,0.003921569,0,0.01960784,0,0.03529412,0.1647059
61,0,9.81,500,0.7,1,0.3,160,100000,1,0.1,0.05,3.3,1,1,0,400000,1,1,0.05,3.3s,1,0.0001,1000,9.496924,0.3333333,0,0,0.003921569,0,0.03137255,0,0.03529412,0.1647059
61,1,9.81,500,0.7,1,0.3,160,100000,1,0.1,0.05,3.3,1,1,0,400000,1,1,0.05,3.3s,1,0.0001,1000,9.496924,0.3333333,0,0,0.003921569,0,0.02745098,0,0.03529412,0.1607843
61,2,9.81,500,0.7,1,0.3,160,100000,1,0.1,0.05,3.3,1,1,0,400000,1,1,0.05,3.3s,1,0.0001,1000,9.496924,0.3333333,0,0,0.003921569,0,0.02352941,0,0.03529412,0.1607843
61,3,9.81,500,0.7,1,0.3,160,100000,1,0.1,0.05,3.3,1,1,0,400000,1,1,0.05,3.3s,1,0.0001,1000,9.496924,0.3333333,0,0,0.003921569,0,0.01960784,0.007843138,0.03529412,0.1607843
61,4,9.81,500,0.7,1,0.3,160,100000,1,0.1,0.05,3.3,1,1,0,400000,1,1,0.05,3.3s,1,0.0001,1000,9.496924,0.3333333,0,0,0.003921569,0,0.01568628,0.01176471,0.03137255,0.1607843
61,5,9.81,500,0.7,1,0.3,160,100000,1,0.1,0.05,3.3,1,1,0,400000,1,1,0.05,3.3s,1,0.0001,1000,9.496924,0.3333333,0,0,0.003921569,0,0.01568628,0.01960784,0.03529412,0.1568628
61,6,9.81,500,0.7,1,0.3,160,100000,1,0.1,0.05,3.3,1,1,0,400000,1,1,0.05,3.3s,1,0.0001,1000,9.496924,0.3333333,0,0,0.003921569,0,0.01568628,0.02745098,0.03529412,0.1568628
61,7,9.81,500,0.7,1,0.3,160,100000,1,0.1,0.05,3.3,1,1,0,400000,1,1,0.05,3.3s,1,0.0001,1000,9.496924,0.3333333,0,0,0.003921569,0,0.01568628,0.03921569,0.03529412,0.1529412
61,8,9.81,500,0.7,1,0.3,160,100000,1,0.1,0.05,3.3,1,1,0,400000,1,1,0.05,3.3s,1,0.0001,1000,9.496924,0.3333333,0,0,0.003921569,0,0.01960784,0.0509804,0.03921569,0.1529412
61,9,9.81,500,0.7,1,0.3,160,100000,1,0.1,0.05,3.3,1,1,0,400000,1,1,0.05,3.3s,1,0.0001,1000,9.496924,0.3333333,0,0,0.003921569,0,0.02352941,0.06666667,0.03921569,0.1490196
61,10,9.81,500,0.7,1,0.3,160,100000,1,0.1,0.05,3.3,1,1,0,400000,1,1,0.05,3.3s,1,0.0001,1000,9.496924,0.3333333,0,0,0.003921569,0,0.02745098,0.07843138,0.03921569,0.1490196
61,11,9.81,500,0.7,1,0.3,160,100000,1,0.1,0.05,3.3,1,1,0,400000,1,1,0.05,3.3s,1,0.0001,1000,9.496924,0.3333333,0,0,0.003921569,0,0.02745098,0.09411766,0.03529412,0.1490196
61,12,9.81,500,0.7,1,0.3,160,100000,1,0.1,0.05,3.3,1,1,0,400000,1,1,0.05,3.3s,1,0.0001,1000,9.496924,0.3333333,0,0,0.003921569,0.01568628,0.03137255,0.1019608,0.03137255,0.145098
61,13,9.81,500,0.7,1,0.3,160,100000,1,0.1,0.05,3.3,1,1,0,400000,1,1,0.05,3.3s,1,0.0001,1000,9.496924,0.3333333,0.003921569,0,0.003921569,0.05490196,0.03137255,0.1019608,0.02745098,0.1490196
61,14,9.81,500,0.7,1,0.3,160,100000,1,0.1,0.05,3.3,1,1,0,400000,1,1,0.05,3.3s,1,0.0001,1000,9.496924,0.3333333,0.003921569,0,0.003921569,0.09803922,0.03137255,0.09803922,0.01960784,0.1490196
61,15,9.81,500,0.7,1,0.3,160,100000,1,0.1,0.05,3.3,1,1,0,400000,1,1,0.05,3.3s,1,0.0001,1000,9.496924,0.3333333,0.003921569,0,0.003921569,0.1333333,0.03529412,0.08235294,0.01176471,0.1529412
61,16,9.81,500,0.7,1,0.3,160,100000,1,0.1,0.05,3.3,1,1,0,400000,1,1,0.05,3.3s,1,0.0001,1000,9.496924,0.3333333,0.007843138,0,0.003921569,0.1607843,0.03921569,0.05882353,0.003921569,0.1568628
61,17,9.81,500,0.7,1,0.3,160,100000,1,0.1,0.05,3.3,1,1,0,400000,1,1,0.05,3.3s,1,0.0001,1000,9.496924,0.3333333,0.007843138,0,0.003921569,0.1764706,0.04705883,0.03137255,0,0.1607843
61,18,9.81,500,0.7,1,0.3,160,100000,1,0.1,0.05,3.3,1,1,0,400000,1,1,0.05,3.3s,1,0.0001,1000,9.496924,0.3333333,0.007843138,0,0.003921569,0.1803922,0.05490196,0,0,0.1686275
61,19,9.81,500,0.7,1,0.3,160,100000,1,0.1,0.05,3.3,1,1,0,400000,1,1,0.05,3.3s,1,0.0001,1000,9.496924,0.3333333,0.007843138,0,0.007843138,0.172549,0.06666667,0,0,0.172549
61,20,9.81,500,0.7,1,0.3,160,100000,1,0.1,0.05,3.3,1,1,0,400000,1,1,0.05,3.3s,1,0.0001,1000,9.496924,0.3333333,0.007843138,0.003921569,0.007843138,0.1529412,0.07843138,0,0,0.1803922
61,21,9.81,500,0.7,1,0.3,160,100000,1,0.1,0.05,3.3,1,1,0,400000,1,1,0.05,3.3s,1,0.0001,1000,9.496924,0.3333333,0.003921569,0.003921569,0.007843138,0.1254902,0.09019608,0,0,0.1843137
61,22,9.81,500,0.7,1,0.3,160,100000,1,0.1,0.05,3.3,1,1,0,400000,1,1,0.05,3.3s,1,0.0001,1000,9.496924,0.3333333,0.003921569,0.007843138,0.007843138,0.09019608,0.09411766,0,0,0.1882353
61,23,9.81,500,0.7,1,0.3,160,100000,1,0.1,0.05,3.3,1,1,0,400000,1,1,0.05,3.3s,1,0.0001,1000,9.496924,0.3333333,0.003921569,0.007843138,0.007843138,0.0509804,0.09411766,0,0,0.1882353
61,24,9.81,500,0.7,1,0.3,160,100000,1,0.1,0.05,3.3,1,1,0,400000,1,1,0.05,3.3s,1,0.0001,1000,9.496924,0.3333333,0,0.007843138,0.007843138,0.01176471,0.09019608,0,0,0.1921569
61,25,9.81,500,0.7,1,0.3,160,100000,1,0.1,0.05,3.3,1,1,0,400000,1,1,0.05,3.3s,1,0.0001,1000,9.496924,0.3333333,0,0.007843138,0.007843138,0,0.07843138,0,0,0.1921569
61,26,9.81,500,0.7,1,0.3,160,100000,1,0.1,0.05,3.3,1,1,0,400000,1,1,0.05,3.3s,1,0.0001,1000,9.496924,0.3333333,0,0.007843138,0.007843138,0,0.06666667,0,0,0.1882353
61,27,9.81,500,0.7,1,0.3,160,100000,1,0.1,0.05,3.3,1,1,0,400000,1,1,0.05,3.3s,1,0.0001,1000,9.496924,0.3333333,0,0.003921569,0.007843138,0,0.05490196,0,0,0.1843137
61,28,9.81,500,0.7,1,0.3,160,100000,1,0.1,0.05,3.3,1,1,0,400000,1,1,0.05,3.3s,1,0.0001,1000,9.496924,0.3333333,0,0.003921569,0.003921569,0,0.03921569,0,0.007843138,0.1803922
61,29,9.81,500,0.7,1,0.3,160,100000,1,0.1,0.05,3.3,1,1,0,400000,1,1,0.05,3.3s,1,0.0001,1000,9.496924,0.3333333,0,0,0.003921569,0,0.03137255,0,0.01176471,0.1764706
61,30,9.81,500,0.7,1,0.3,160,100000,1,0.1,0.05,3.3,1,1,0,400000,1,1,0.05,3.3s,1,0.0001,1000,9.496924,0.3333333,0,0,0.003921569,0,0.02745098,0,0.01960784,0.1686275
61,31,9.81,500,0.7,1,0.3,160,100000,1,0.1,0.05,3.3,1,1,0,400000,1,1,0.05,3.3s,1,0.0001,1000,9.496924,0.3333333,0,0,0.003921569,0,0.02745098,0,0.02352941,0.1607843
61,32,9.81,500,0.7,1,0.3,160,100000,1,0.1,0.05,3.3,1,1,0,400000,1,1,0.05,3.3s,1,0.0001,1000,9.496924,0.3333333,0,0,0.003921569,0,0.02745098,0.03529412,0.03137255,0.1568628
61,33,9.81,500,0.7,1,0.3,160,100000,1,0.1,0.05,3.3,1,1,0,400000,1,1,0.05,3.3s,1,0.0001,1000,9.496924,0.3333333,0,0,0.003921569,0,0.03529412,0.06666667,0.03529412,0.1490196
61,34,9.81,500,0.7,1,0.3,160,100000,1,0.1,0.05,3.3,1,1,0,400000,1,1,0.05,3.3s,1,0.0001,1000,9.496924,0.3333333,0,0,0.003921569,0,0.03921569,0.09411766,0.04313726,0.145098
61,35,9.81,500,0.7,1,0.3,160,100000,1,0.1,0.05,3.3,1,1,0,400000,1,1,0.05,3.3s,1,0.0001,1000,9.496924,0.3333333,0,0,0.003921569,0,0.04705883,0.1098039,0.04705883,0.145098
61,36,9.81,500,0.7,1,0.3,160,100000,1,0.1,0.05,3.3,1,1,0,400000,1,1,0.05,3.3s,1,0.0001,1000,9.496924,0.3333333,0,0,0.003921569,0,0.04705883,0.1176471,0.04705883,0.1411765
61,37,9.81,500,0.7,1,0.3,160,100000,1,0.1,0.05,3.3,1,1,0,400000,1,1,0.05,3.3s,1,0.0001,1000,9.496924,0.3333333,0,0,0.003921569,0,0.04705883,0.1215686,0.0509804,0.1411765
61,38,9.81,500,0.7,1,0.3,160,100000,1,0.1,0.05,3.3,1,1,0,400000,1,1,0.05,3.3s,1,0.0001,1000,9.496924,0.3333333,0,0,0.003921569,0.007843138,0.04313726,0.1176471,0.0509804,0.1411765
61,39,9.81,500,0.7,1,0.3,160,100000,1,0.1,0.05,3.3,1,1,0,400000,1,1,0.05,3.3s,1,0.0001,1000,9.496924,0.3333333,0.003921569,0,0.003921569,0.03921569,0.03137255,0.1137255,0.0509804,0.1411765
61,40,9.81,500,0.7,1,0.3,160,100000,1,0.1,0.05,3.3,1,1,0,400000,1,1,0.05,3.3s,1,0.0001,1000,9.496924,0.3333333,0.003921569,0,0.003921569,0.07058824,0.02352941,0.1058824,0.04705883,0.145098
61,41,9.81,500,0.7,1,0.3,160,100000,1,0.1,0.05,3.3,1,1,0,400000,1,1,0.05,3.3s,1,0.0001,1000,9.496924,0.3333333,0.007843138,0,0.003921569,0.09803922,0.007843138,0.09803922,0.04705883,0.145098
61,42,9.81,500,0.7,1,0.3,160,100000,1,0.1,0.05,3.3,1,1,0,400000,1,1,0.05,3.3s,1,0.0001,1000,9.496924,0.3333333,0.007843138,0,0,0.1294118,0,0.08627451,0.04313726,0.145098
61,43,9.81,500,0.7,1,0.3,160,100000,1,0.1,0.05,3.3,1,1,0,400000,1,1,0.05,3.3s,1,0.0001,1000,9.496924,0.3333333,0.007843138,0,0,0.1568628,0,0.07058824,0.03921569,0.1490196
61,44,9.81,500,0.7,1,0.3,160,100000,1,0.1,0.05,3.3,1,1,0,400000,1,1,0.05,3.3s,1,0.0001,1000,9.496924,0.3333333,0.01176471,0,0,0.1803922,0,0.0509804,0.03529412,0.1529412
61,45,9.81,500,0.7,1,0.3,160,100000,1,0.1,0.05,3.3,1,1,0,400000,1,1,0.05,3.3s,1,0.0001,1000,9.496924,0.3333333,0.01176471,0,0,0.1960784,0,0.02745098,0.03137255,0.1568628
61,46,9.81,500,0.7,1,0.3,160,100000,1,0.1,0.05,3.3,1,1,0,400000,1,1,0.05,3.3s,1,0.0001,1000,9.496924,0.3333333,0.01176471,0,0,0.2078432,0,0.003921569,0.02352941,0.1607843
61,47,9.81,500,0.7,1,0.3,160,100000,1,0.1,0.05,3.3,1,1,0,400000,1,1,0.05,3.3s,1,0.0001,1000,9.496924,0.3333333,0.01176471,0,0,0.2039216,0,0,0.01568628,0.1686275
61,48,9.81,500,0.7,1,0.3,160,100000,1,0.1,0.05,3.3,1,1,0,400000,1,1,0.05,3.3s,1,0.0001,1000,9.496924,0.3333333,0.01176471,0.003921569,0,0.1921569,0,0,0.01176471,0.1764706
61,49,9.81,500,0.7,1,0.3,160,100000,1,0.1,0.05,3.3,1,1,0,400000,1,1,0.05,3.3s,1,0.0001,1000,9.496924,0.3333333,0.007843138,0.003921569,0,0.1647059,0,0,0.003921569,0.1803922
61,50,9.81,500,0.7,1,0.3,160,100000,1,0.1,0.05,3.3,1,1,0,400000,1,1,0.05,3.3s,1,0.0001,1000,9.496924,0.3333333,0.007843138,0.007843138,0,0.1254902,0,0,0.003921569,0.1843137
61,51,9.81,500,0.7,1,0.3,160,100000,1,0.1,0.05,3.3,1,1,0,400000,1,1,0.05,3.3s,1,0.0001,1000,9.496924,0.3333333,0.003921569,0.007843138,0,0.07843138,0,0,0,0.1882353
61,52,9.81,500,0.7,1,0.3,160,100000,1,0.1,0.05,3.3,1,1,0,400000,1,1,0.05,3.3s,1,0.0001,1000,9.496924,0.3333333,0.003921569,0.01176471,0,0.02745098,0,0,0,0.1882353
61,53,9.81,500,0.7,1,0.3,160,100000,1,0.1,0.05,3.3,1,1,0,400000,1,1,0.05,3.3s,1,0.0001,1000,9.496924,0.3333333,0,0.01176471,0,0,0,0,0.003921569,0.1882353
61,54,9.81,500,0.7,1,0.3,160,100000,1,0.1,0.05,3.3,1,1,0,400000,1,1,0.05,3.3s,1,0.0001,1000,9.496924,0.3333333,0,0.01176471,0,0,0,0,0.007843138,0.1843137
61,55,9.81,500,0.7,1,0.3,160,100000,1,0.1,0.05,3.3,1,1,0,400000,1,1,0.05,3.3s,1,0.0001,1000,9.496924,0.3333333,0,0.007843138,0,0,0,0,0.01568628,0.1803922
61,56,9.81,500,0.7,1,0.3,160,100000,1,0.1,0.05,3.3,1,1,0,400000,1,1,0.05,3.3s,1,0.0001,1000,9.496924,0.3333333,0,0.007843138,0,0,0,0,0.02352941,0.172549
61,57,9.81,500,0.7,1,0.3,160,100000,1,0.1,0.05,3.3,1,1,0,400000,1,1,0.05,3.3s,1,0.0001,1000,9.496924,0.3333333,0,0.007843138,0,0,0,0,0.02745098,0.1686275
61,58,9.81,500,0.7,1,0.3,160,100000,1,0.1,0.05,3.3,1,1,0,400000,1,1,0.05,3.3s,1,0.0001,1000,9.496924,0.3333333,0,0.003921569,0.003921569,0,0,0,0.03529412,0.1647059
61,59,9.81,500,0.7,1,0.3,160,100000,1,0.1,0.05,3.3,1,1,0,400000,1,1,0.05,3.3s,1,0.0001,1000,9.496924,0.3333333,0,0.003921569,0.003921569,0,0.01176471,0,0.03921569,0.1647059
61,60,9.81,500,0.7,1,0.3,160,100000,1,0.1,0.05,3.3,1,1,0,400000,1,1,0.05,3.3s,1,0.0001,1000,9.496924,0.3333333,0,0.003921569,0.003921569,0,0.02352941,0,0.03921569,0.1647059
61,61,9.81,500,0.7,1,0.3,160,100000,1,0.1,0.05,3.3,1,1,0,400000,1,1,0.05,3.3s,1,0.0001,1000,9.496924,0.3333333,0,0,0.003921569,0,0.03137255,0,0.03921569,0.1647059
61,62,9.81,500,0.7,1,0.3,160,100000,1,0.1,0.05,3.3,1,1,0,400000,1,1,0.05,3.3s,1,0.0001,1000,9.496924,0.3333333,0,0,0.003921569,0,0.03529412,0,0.03921569,0.1647059
61,63,9.81,500,0.7,1,0.3,160,100000,1,0.1,0.05,3.3,1,1,0,400000,1,1,0.05,3.3s,1,0.0001,1000,9.496924,0.3333333,0,0,0.003921569,0,0.03529412,0,0.03921569,0.1647059
62,0,9.81,500,0.7,1,0.3,160,100000,1,0.1,0.05,3.3,1,1,0,400000,1,1,0.05,3.3s,1,0.0001,1000,9.496924,0.3333333,0,0,0.003921569,0,0.04705883,0,0.03921569,0.1647059
62,1,9.81,500,0.7,1,0.3,160,100000,1,0.1,0.05,3.3,1,1,0,400000,1,1,0.05,3.3s,1,0.0001,1000,9.496924,0.3333333,0,0,0.003921569,0,0.03921569,0,0.03529412,0.1647059
62,2,9.81,500,0.7,1,0.3,160,100000,1,0.1,0.05,3.3,1,1,0,400000,1,1,0.05,3.3s,1,0.0001,1000,9.496924,0.3333333,0,0,0.003921569,0,0.03529412,0,0.03529412,0.1607843
62,3,9.81,500,0.7,1,0.3,160,100000,1,0.1,0.05,3.3,1,1,0,400000,1,1,0.05,3.3s,1,0.0001,1000,9.496924,0.3333333,0,0,0.003921569,0,0.03137255,0.007843138,0.03529412,0.1607843
62,4,9.81,500,0.7,1,0.3,160,100000,1,0.1,0.05,3.3,1,1,0,400000,1,1,0.05,3.3s,1,0.0001,1000,9.496924,0.3333333,0,0,0.003921569,0,0.02745098,0.01568628,0.03137255,0.1607843
62,5,9.81,500,0.7,1,0.3,160,100000,1,0.1,0.05,3.3,1,1,0,400000,1,1,0.05,3.3s,1,0.0001,1000,9.496924,0.3333333,0,0,0.003921569,0,0.02352941,0.02352941,0.03137255,0.1568628
62,6,9.81,500,0.7,1,0.3,160,100000,1,0.1,0.05,3.3,1,1,0,400000,1,1,0.05,3.3s,1,0.0001,1000,9.496924,0.3333333,0,0,0.003921569,0,0.02745098,0.03137255,0.03137255,0.1568628
62,7,9.81,500,0.7,1,0.3,160,100000,1,0.1,0.05,3.3,1,1,0,400000,1,1,0.05,3.3s,1,0.0001,1000,9.496924,0.3333333,0,0,0.003921569,0,0.02745098,0.04313726,0.03137255,0.1529412
62,8,9.81,500,0.7,1,0.3,160,100000,1,0.1,0.05,3.3,1,1,0,400000,1,1,0.05,3.3s,1,0.0001,1000,9.496924,0.3333333,0,0,0.003921569,0,0.03137255,0.05490196,0.03137255,0.1529412
62,9,9.81,500,0.7,1,0.3,160,100000,1,0.1,0.05,3.3,1,1,0,400000,1,1,0.05,3.3s,1,0.0001,1000,9.496924,0.3333333,0,0,0.003921569,0,0.03921569,0.06666667,0.03137255,0.1529412
62,10,9.81,500,0.7,1,0.3,160,100000,1,0.1,0.05,3.3,1,1,0,400000,1,1,0.05,3.3s,1,0.0001,1000,9.496924,0.3333333,0,0,0.003921569,0,0.04313726,0.08235294,0.03137255,0.1490196
62,11,9.81,500,0.7,1,0.3,160,100000,1,0.1,0.05,3.3,1,1,0,400000,1,1,0.05,3.3s,1,0.0001,1000,9.496924,0.3333333,0,0,0.003921569,0,0.04313726,0.09411766,0.02745098,0.1490196
62,12,9.81,500,0.7,1,0.3,160,100000,1,0.1,0.05,3.3,1,1,0,400000,1,1,0.05,3.3s,1,0.0001,1000,9.496924,0.3333333,0,0,0.003921569,0.01568628,0.04705883,0.1019608,0.02745098,0.1490196
62,13,9.81,500,0.7,1,0.3,160,100000,1,0.1,0.05,3.3,1,1,0,400000,1,1,0.05,3.3s,1,0.0001,1000,9.496924,0.3333333,0.003921569,0,0.003921569,0.05490196,0.04313726,0.1058824,0.01960784,0.1490196
62,14,9.81,500,0.7,1,0.3,160,100000,1,0.1,0.05,3.3,1,1,0,400000,1,1,0.05,3.3s,1,0.0001,1000,9.496924,0.3333333,0.003921569,0,0.003921569,0.09411766,0.03921569,0.09803922,0.01568628,0.1490196
62,15,9.81,500,0.7,1,0.3,160,100000,1,0.1,0.05,3.3,1,1,0,400000,1,1,0.05,3.3s,1,0.0001,1000,9.496924,0.3333333,0.003921569,0,0.003921569,0.1333333,0.03921569,0.08627451,0.007843138,0.1529412
62,16,9.81,500,0.7,1,0.3,160,100000,1,0.1,0.05,3.3,1,1,0,400000,1,1,0.05,3.3s,1,0.0001,1000,9.496924,0.3333333,0.007843138,0,0.003921569,0.1647059,0.03921569,0.0627451,0,0.1568628
62,17,9.81,500,0.7,1,0.3,160,100000,1,0.1,0.05,3.3,1,1,0,400000,1,1,0.05,3.3s,1,0.0001,1000,9.496924,0.3333333,0.007843138,0,0.003921569,0.1843137,0.04313726,0.03529412,0,0.1607843
62,18,9.81,500,0.7,1,0.3,160,100000,1,0.1,0.05,3.3,1,1,0,400000,1,1,0.05,3.3s,1,0.0001,1000,9.496924,0.3333333,0.007843138,0,0.003921569,0.1921569,0.04705883,0.003921569,0,0.1686275
62,19,9.81,500,0.7,1,0.3,160,100000,1,0.1,0.05,3.3,1,1,0,400000,1,1,0.05,3.3s,1,0.0001,1000,9.496924,0.3333333,0.007843138,0,0.007843138,0.1843137,0.05882353,0,0,0.1764706
62,20,9.81,500,0.7,1,0.3,160,100000,1,0.1,0.05,3.3,1,1,0,400000,1,1,0.05,3.3s,1,0.0001,1000,9.496924,0.3333333,0.007843138,0.003921569,0.007843138,0.1647059,0.07058824,0,0,0.1803922
62,21,9.81,500,0.7,1,0.3,160,100000,1,0.1,0.05,3.3,1,1,0,400000,1,1,0.05,3.3s,1,0.0001,1000,9.496924,0.3333333,0.003921569,0.007843138,0.007843138,0.1333333,0.07843138,0,0,0.1843137
62,22,9.81,500,0.7,1,0.3,160,100000,1,0.1,0.05,3.3,1,1,0,400000,1,1,0.05,3.3s,1,0.0001,1000,9.496924,0.3333333,0.003921569,0.007843138,0.007843138,0.09411766,0.08627451,0,0,0.1882353
62,23,9.81,500,0.7,1,0.3,160,100000,1,0.1,0.05,3.3,1,1,0,400000,1,1,0.05,3.3s,1,0.0001,1000,9.496924,0.3333333,0.003921569,0.007843138,0.007843138,0.0509804,0.08627451,0,0,0.1921569
62,24,9.81,500,0.7,1,0.3,160,100000,1,0.1,0.05,3.3,1,1,0,400000,1,1,0.05,3.3s,1,0.0001,1000,9.496924,0.3333333,0,0.007843138,0.007843138,0.003921569,0.08235294,0,0,0.1921569
62,25,9.81,500,0.7,1,0.3,160,100000,1,0.1,0.05,3.3,1,1,0,400000,1,1,0.05,3.3s,1,0.0001,1000,9.496924,0.3333333,0,0.007843138,0.007843138,0,0.07450981,0,0,0.1921569
62,26,9.81,500,0.7,1,0.3,160,100000,1,0.1,0.05,3.3,1,1,0,400000,1,1,0.05,3.3s,1,0.0001,1000,9.496924,0.3333333,0,0.007843138,0.007843138,0,0.06666667,0,0,0.1882353
62,27,9.81,500,0.7,1,0.3,160,100000,1,0.1,0.05,3.3,1,1,0,400000,1,1,0.05,3.3s,1,0.0001,1000,9.496924,0.3333333,0,0.007843138,0.007843138,0,0.05490196,0,0,0.1843137
62,28,9.81,500,0.7,1,0.3,160,100000,1,0.1,0.05,3.3,1,1,0,400000,1,1,0.05,3.3s,1,0.0001,1000,9.496924,0.3333333,0,0.003921569,0.003921569,0,0.04313726,0,0.007843138,0.1803922
62,29,9.81,500,0.7,1,0.3,160,100000,1,0.1,0.05,3.3,1,1,0,400000,1,1,0.05,3.3s,1,0.0001,1000,9.496924,0.3333333,0,0,0.003921569,0,0.03529412,0,0.01176471,0.1764706
62,30,9.81,500,0.7,1,0.3,160,100000,1,0.1,0.05,3.3,1,1,0,400000,1,1,0.05,3.3s,1,0.0001,1000,9.496924,0.3333333,0,0,0.003921569,0,0.03529412,0,0.01960784,0.1686275
62,31,9.81,500,0.7,1,0.3,160,100000,1,0.1,0.05,3.3,1,1,0,400000,1,1,0.05,3.3s,1,0.0001,1000,9.496924,0.3333333,0,0,0.003921569,0,0.03529412,0.007843138,0.02352941,0.1607843
62,32,9.81,500,0.7,1,0.3,160,100000,1,0.1,0.05,3.3,1,1,0,400000,1,1,0.05,3.3s,1,0.0001,1000,9.496924,0.3333333,0,0,0.003921569,0,0.04313726,0.03921569,0.02745098,0.1568628
62,33,9.81,500,0.7,1,0.3,160,100000,1,0.1,0.05,3.3,1,1,0,400000,1,1,0.05,3.3s,1,0.0001,1000,9.496924,0.3333333,0,0,0.003921569,0,0.04705883,0.07058824,0.03529412,0.1490196
62,34,9.81,500,0.7,1,0.3,160,100000,1,0.1,0.05,3.3,1,1,0,400000,1,1,0.05,3.3s,1,0.0001,1000,9.496924,0.3333333,0,0,0.003921569,0,0.05490196,0.09019608,0.03921569,0.1490196
62,35,9.81,500,0.7,1,0.3,160,100000,1,0.1,0.05,3.3,1,1,0,400000,1,1,0.05,3.3s,1,0.0001,1000,9.496924,0.3333333,0,0,0.003921569,0,0.0627451,0.1058824,0.04313726,0.145098
62,36,9.81,500,0.7,1,0.3,160,100000,1,0.1,0.05,3.3,1,1,0,400000,1,1,0.05,3.3s,1,0.0001,1000,9.496924,0.3333333,0,0,0.003921569,0,0.0627451,0.1137255,0.04313726,0.145098
62,37,9.81,500,0.7,1,0.3,160,100000,1,0.1,0.05,3.3,1,1,0,400000,1,1,0.05,3.3s,1,0.0001,1000,9.496924,0.3333333,0,0,0.003921569,0,0.0627451,0.1137255,0.04705883,0.1411765
62,38,9.81,500,0.7,1,0.3,160,100000,1,0.1,0.05,3.3,1,1,0,400000,1,1,0.05,3.3s,1,0.0001,1000,9.496924,0.3333333,0,0,0.003921569,0,0.05882353,0.1137255,0.04705883,0.1411765
62,39,9.81,500,0.7,1,0.3,160,100000,1,0.1,0.05,3.3,1,1,0,400000,1,1,0.05,3.3s,1,0.0001,1000,9.496924,0.3333333,0.003921569,0,0.003921569,0.03137255,0.04705883,0.1098039,0.0509804,0.145098
62,40,9.81,500,0.7,1,0.3,160,100000,1,0.1,0.05,3.3,1,1,0,400000,1,1,0.05,3.3s,1,0.0001,1000,9.496924,0.3333333,0.003921569,0,0.003921569,0.05882353,0.03921569,0.1019608,0.0509804,0.145098
62,41,9.81,500,0.7,1,0.3,160,100000,1,0.1,0.05,3.3,1,1,0,400000,1,1,0.05,3.3s,1,0.0001,1000,9.496924,0.3333333,0.003921569,0,0.003921569,0.08627451,0.02352941,0.09803922,0.0509804,0.145098
62,42,9.81,500,0.7,1,0.3,160,100000,1,0.1,0.05,3.3,1,1,0,400000,1,1,0.05,3.3s,1,0.0001,1000,9.496924,0.3333333,0.007843138,0,0.003921569,0.1137255,0.007843138,0.08627451,0.04705883,0.145098
62,43,9.81,500,0.7,1,0.3,160,100000,1,0.1,0.05,3.3,1,1,0,400000,1,1,0.05,3.3s,1,0.0001,1000,9.496924,0.3333333,0.007843138,0,0,0.1411765,0,0.07450981,0.04705883,0.1490196
62,44,9.81,500,0.7,1,0.3,160,100000,1,0.1,0.05,3.3,1,1,0,400000,1,1,0.05,3.3s,1,0.0001,1000,9.496924,0.3333333,0.007843138,0,0,0.1647059,0,0.05490196,0.04313726,0.1529412
62,45,9.81,500,0.7,1,0.3,160,100000,1,0.1,0.05,3.3,1,1,0,400000,1,1,0.05,3.3s,1,0.0001,1000,9.496924,0.3333333,0.01176471,0,0,0.1843137,0,0.03529412,0.03921569,0.1568628
62,46,9.81,500,0.7,1,0.3,160,100000,1,0.1,0.05,3.3,1,1,0,400000,1,1,0.05,3.3s,1,0.0001,1000,9.496924,0.3333333,0.01176471,0,0,0.1960784,0,0.007843138,0.03137255,0.1607843
62,47,9.81,500,0.7,1,0.3,160,100000,1,0.1,0.05,3.3,1,1,0,400000,1,1,0.05,3.3s,1,0.0001,1000,9.496924,0.3333333,0.01176471,0,0,0.1960784,0,0,0.02745098,0.1647059
62,48,9.81,500,0.7,1,0.3,160,100000,1,0.1,0.05,3.3,1,1,0,400000,1,1,0.05,3.3s,1,0.0001,1000,9.496924,0.3333333,0.007843138,0.003921569,0,0.1882353,0,0,0.02352941,0.172549
62,49,9.81,500,0.7,1,0.3,160,100000,1,0.1,0.05,3.3,1,1,0,400000,1,1,0.05,3.3s,1,0.0001,1000,9.496924,0.3333333,0.007843138,0.003921569,0,0.1607843,0,0,0.01568628,0.1764706
62,50,9.81,500,0.7,1,0.3,160,100000,1,0.1,0.05,3.3,1,1,0,400000,1,1,0.05,3.3s,1,0.0001,1000,9.496924,0.3333333,0.007843138,0.007843138,0,0.1254902,0,0,0.01568628,0.1843137
62,51,9.81,500,0.7,1,0.3,160,100000,1,0.1,0.05,3.3,1,1,0,400000,1,1,0.05,3.3s,1,0.0001,1000,9.496924,0.3333333,0.003921569,0.007843138,0,0.07843138,0,0,0.01176471,0.1843137
62,52,9.81,500,0.7,1,0.3,160,100000,1,0.1,0.05,3.3,1,1,0,400000,1,1,0.05,3.3s,1,0.0001,1000,9.496924,0.3333333,0.003921569,0.007843138,0,0.03137255,0,0,0.01568628,0.1843137
62,53,9.81,500,0.7,1,0.3,160,100000,1,0.1,0.05,3.3,1,1,0,400000,1,1,0.05,3.3s,1,0.0001,1000,9.496924,0.3333333,0.003921569,0.007843138,0,0,0,0,0.01568628,0.1843137
62,54,9.81,500,0.7,1,0.3,160,100000,1,0.1,0.05,3.3,1,1,0,400000,1,1,0.05,3.3s,1,0.0001,1000,9.496924,0.3333333,0,0.007843138,0,0,0,0,0.01960784,0.1803922
62,55,9.81,500,0.7,1,0.3,160,100000,1,0.1,0.05,3.3,1,1,0,400000,1,1,0.05,3.3s,1,0.0001,1000,9.496924,0.3333333,0,0.007843138,0,0,0,0,0.02352941,0.1764706
62,56,9.81,500,0.7,1,0.3,160,100000,1,0.1,0.05,3.3,1,1,0,400000,1,1,0.05,3.3s,1,0.0001,1000,9.496924,0.3333333,0,0.007843138,0,0,0,0,0.03137255,0.172549
62,57,9.81,500,0.7,1,0.3,160,100000,1,0.1,0.05,3.3,1,1,0,400000,1,1,0.05,3.3s,1,0.0001,1000,9.496924,0.3333333,0,0.007843138,0.003921569,0,0,0,0.03529412,0.1686275
62,58,9.81,500,0.7,1,0.3,160,100000,1,0.1,0.05,3.3,1,1,0,400000,1,1,0.05,3.3s,1,0.0001,1000,9.496924,0.3333333,0,0.003921569,0.003921569,0,0.01960784,0,0.03921569,0.1647059
62,59,9.81,500,0.7,1,0.3,160,100000,1,0.1,0.05,3.3,1,1,0,400000,1,1,0.05,3.3s,1,0.0001,1000,9.496924,0.3333333,0,0.003921569,0.003921569,0,0.03137255,0,0.03921569,0.1647059
62,60,9.81,500,0.7,1,0.3,160,100000,1,0.1,0.05,3.3,1,1,0,400000,1,1,0.05,3.3s,1,0.0001,1000,9.496924,0.3333333,0,0.003921569,0.003921569,0,0.04313726,0,0.04313726,0.1647059
62,61,9.81,500,0.7,1,0.3,160,100000,1,0.1,0.05,3.3,1,1,0,400000,1,1,0.05,3.3s,1,0.0001,1000,9.496924,0.3333333,0,0.003921569,0.003921569,0,0.0509804,0,0.04313726,0.1647059
62,62,9.81,500,0.7,1,0.3,160,100000,1,0.1,0.05,3.3,1,1,0,400000,1,1,0.05,3.3s,1,0.0001,1000,9.496924,0.3333333,0,0,0.003921569,0,0.0509804,0,0.04313726,0.1647059
62,63,9.81,500,0.7,1,0.3,160,100000,1,0.1,0.05,3.3,1,1,0,400000,1,1,0.05,3.3s,1,0.0001,1000,9.496924,0.3333333,0,0,0.003921569,0,0.0509804,0,0.03921569,0.1647059
63,0,9.81,500,0.7,1,0.3,160,100000,1,0.1,0.05,3.3,1,1,0,400000,1,1,0.05,3.3s,1,0.0001,1000,9.496924,0.3333333,0,0,0.003921569,0,0.0627451,0,0.03529412,0.1647059
63,1,9.81,500,0.7,1,0.3,160,100000,1,0.1,0.05,3.3,1,1,0,400000,1,1,0.05,3.3s,1,0.0001,1000,9.496924,0.3333333,0,0,0.003921569,0,0.05490196,0,0.03529412,0.1647059
63,2,9.81,500,0.7,1,0.3,160,100000,1,0.1,0.05,3.3,1,1,0,400000,1,1,0.05,3.3s,1,0.0001,1000,9.496924,0.3333333,0,0,0.003921569,0,0.04705883,0,0.03529412,0.1607843
63,3,9.81,500,0.7,1,0.3,160,100000,1,0.1,0.05,3.3,1,1,0,400000,1,1,0.05,3.3s,1,0.0001,1000,9.496924,0.3333333,0,0,0.003921569,0,0.04313726,0.007843138,0.03137255,0.1607843
63,4,9.81,500,0.7,1,0.3,160,100000,1,0.1,0.05,3.3,1,1,0,400000,1,1,0.05,3.3s,1,0.0001,1000,9.496924,0.3333333,0,0,0.003921569,0,0.03921569,0.01960784,0.03137255,0.1607843
63,5,9.81,500,0.7,1,0.3,160,100000,1,0.1,0.05,3.3,1,1,0,400000,1,1,0.05,3.3s,1,0.0001,1000,9.496924,0.3333333,0,0,0.003921569,0,0.03529412,0.02745098,0.02745098,0.1568628
63,6,9.81,500,0.7,1,0.3,160,100000,1,0.1,0.05,3.3,1,1,0,400000,1,1,0.05,3.3s,1,0.0001,1000,9.496924,0.3333333,0,0,0.003921569,0,0.03529412,0.03529412,0.02745098,0.1568628
63,7,9.81,500,0.7,1,0.3,160,100000,1,0.1,0.05,3.3,1,1,0,400000,1,1,0.05,3.3s,1,0.0001,1000,9.496924,0.3333333,0,0,0.003921569,0,0.03921569,0.04313726,0.02745098,0.1568628
63,8,9.81,500,0.7,1,0.3,160,100000,1,0.1,0.05,3.3,1,1,0,400000,1,1,0.05,3.3s,1,0.0001,1000,9.496924,0.3333333,0,0,0.003921569,0,0.04313726,0.05490196,0.02352941,0.1529412
63,9,9.81,500,0.7,1,0.3,160,100000,1,0.1,0.05,3.3,1,1,0,400000,1,1,0.05,3.3s,1,0.0001,1000,9.496924,0.3333333,0,0,0.003921569,0,0.0509804,0.06666667,0.02352941,0.1529412
63,10,9.81,500,0.7,1,0.3,160,100000,1,0.1,0.05,3.3,1,1,0,400000,1,1,0.05,3.3s,1,0.0001,1000,9.496924,0.3333333,0,0,0.003921569,0,0.05490196,0.07843138,0.02352941,0.1529412
63,11,9.81,500,0.7,1,0.3,160,100000,1,0.1,0.05,3.3,1,1,0,400000,1,1,0.05,3.3s,1,0.0001,1000,9.496924,0.3333333,0,0,0.003921569,0,0.05490196,0.09019608,0.01960784,0.1490196
63,12,9.81,500,0.7,1,0.3,160,100000,1,0.1,0.05,3.3,1,1,0,400000,1,1,0.05,3.3s,1,0.0001,1000,9.496924,0.3333333,0,0,0.003921569,0.01568628,0.05490196,0.1019608,0.01568628,0.1490196
63,13,9.81,500,0.7,1,0.3,160,100000,1,0.1,0.05,3.3,1,1,0,400000,1,1,0.05,3.3s,1,0.0001,1000,9.496924,0.3333333,0.003921569,0,0.003921569,0.0509804,0.0509804,0.1058824,0.01176471,0.1490196
63,14,9.81,500,0.7,1,0.3,160,100000,1,0.1,0.05,3.3,1,1,0,400000,1,1,0.05,3.3s,1,0.0001,1000,9.496924,0.3333333,0.003921569,0,0.003921569,0.09019608,0.04705883,0.1019608,0.007843138,0.1490196
63,15,9.81,500,0.7,1,0.3,160,100000,1,0.1,0.05,3.3,1,1,0,400000,1,1,0.05,3.3s,1,0.0001,1000,9.496924,0.3333333,0.003921569,0,0.003921569,0.1294118,0.03921569,0.09019608,0,0.1529412
63,16,9.81,500,0.7,1,0.3,160,100000,1,0.1,0.05,3.3,1,1,0,400000,1,1,0.05,3.3s,1,0.0001,1000,9.496924,0.3333333,0.007843138,0,0.003921569,0.1647059,0.03529412,0.06666667,0,0.1568628
63,17,9.81,500,0.7,1,0.3,160,100000,1,0.1,0.05,3.3,1,1,0,400000,1,1,0.05,3.3s,1,0.0001,1000,9.496924,0.3333333,0.007843138,0,0.003921569,0.1882353,0.03529412,0.03921569,0,0.1607843
63,18,9.81,500,0.7,1,0.3,160,100000,1,0.1,0.05,3.3,1,1,0,400000,1,1,0.05,3.3s,1,0.0001,1000,9.496924,0.3333333,0.007843138,0,0.003921569,0.1960784,0.03921569,0.003921569,0,0.1686275
63,19,9.81,500,0.7,1,0.3,160,100000,1,0.1,0.05,3.3,1,1,0,400000,1,1,0.05,3.3s,1,0.0001,1000,9.496924,0.3333333,0.007843138,0.003921569,0.003921569,0.1921569,0.04705883,0,0,0.1764706
63,20,9.81,500,0.7,1,0.3,160,100000,1,0.1,0.05,3.3,1,1,0,400000,1,1,0.05,3.3s,1,0.0001,1000,9.496924,0.3333333,0.007843138,0.003921569,0.007843138,0.172549,0.05882353,0,0,0.1803922
63,21,9.81,500,0.7,1,0.3,160,100000,1,0.1,0.05,3.3,1,1,0,400000,1,1,0.05,3.3s,1,0.0001,1000,9.496924,0.3333333,0.003921569,0.007843138,0.007843138,0.1411765,0.06666667,0,0,0.1882353
63,22,9.81,500,0.7,1,0.3,160,100000,1,0.1,0.05,3.3,1,1,0,400000,1,1,0.05,3.3s,1,0.0001,1000,9.496924,0.3333333,0.003921569,0.007843138,0.007843138,0.09803922,0.07450981,0,0,0.1921569
63,23,9.81,500,0.7,1,0.3,160,100000,1,0.1,0.05,3.3,1,1,0,400000,1,1,0.05,3.3s,1,0.0001,1000,9.496924,0.3333333,0.003921569,0.01176471,0.007843138,0.0509804,0.07843138,0,0,0.1960784
63,24,9.81,500,0.7,1,0.3,160,100000,1,0.1,0.05,3.3,1,1,0,400000,1,1,0.05,3.3s,1,0.0001,1000,9.496924,0.3333333,0,0.01176471,0.007843138,0,0.07450981,0,0,0.1960784
63,25,9.81,500,0.7,1,0.3,160,100000,1,0.1,0.05,3.3,1,1,0,400000,1,1,0.05,3.3s,1,0.0001,1000,9.496924,0.3333333,0,0.01176471,0.007843138,0,0.07058824,0,0,0.1960784
63,26,9.81,500,0.7,1,0.3,160,100000,1,0.1,0.05,3.3,1,1,0,400000,1,1,0.05,3.3s,1,0.0001,1000,9.496924,0.3333333,0,0.007843138,0.007843138,0,0.0627451,0,0,0.1921569
63,27,9.81,500,0.7,1,0.3,160,100000,1,0.1,0.05,3.3,1,1,0,400000,1,1,0.05,3.3s,1,0.0001,1000,9.496924,0.3333333,0,0.007843138,0.007843138,0,0.05490196,0,0,0.1882353
63,28,9.81,500,0.7,1,0.3,160,100000,1,0.1,0.05,3.3,1,1,0,400000,1,1,0.05,3.3s,1,0.0001,1000,9.496924,0.3333333,0,0.003921569,0.003921569,0,0.04705883,0,0.003921569,0.1803922
63,29,9.81,500,0.7,1,0.3,160,100000,1,0.1,0.05,3.3,1,1,0,400000,1,1,0.05,3.3s,1,0.0001,1000,9.496924,0.3333333,0,0.003921569,0.003921569,0,0.04313726,0,0.007843138,0.172549
63,30,9.81,500,0.7,1,0.3,160,100000,1,0.1,0.05,3.3,1,1,0,400000,1,1,0.05,3.3s,1,0.0001,1000,9.496924,0.3333333,0,0,0.003921569,0,0.04313726,0,0.01568628,0.1686275
63,31,9.81,500,0.7,1,0.3,160,100000,1,0.1,0.05,3.3,1,1,0,400000,1,1,0.05,3.3s,1,0.0001,1000,9.496924,0.3333333,0,0,0.003921569,0,0.04705883,0.01176471,0.01960784,0.1607843
63,32,9.81,500,0.7,1,0.3,160,100000,1,0.1,0.05,3.3,1,1,0,400000,1,1,0.05,3.3s,1,0.0001,1000,9.496924,0.3333333,0,0,0.003921569,0,0.0509804,0.04313726,0.02352941,0.1568628
63,33,9.81,500,0.7,1,0.3,160,100000,1,0.1,0.05,3.3,1,1,0,400000,1,1,0.05,3.3s,1,0.0001,1000,9.496924,0.3333333,0,0,0.003921569,0,0.05882353,0.07058824,0.02745098,0.1529412
63,34,9.81,500,0.7,1,0.3,160,100000,1,0.1,0.05,3.3,1,1,0,400000,1,1,0.05,3.3s,1,0.0001,1000,9.496924,0.3333333,0,0,0.003921569,0,0.06666667,0.09019608,0.03137255,0.1490196
63,35,9.81,500,0.7,1,0.3,160,100000,1,0.1,0.05,3.3,1,1,0,400000,1,1,0.05,3.3s,1,0.0001,1000,9.496924,0.3333333,0,0,0.003921569,0,0.07450981,0.1019608,0.03529412,0.145098
63,36,9.81,500,0.7,1,0.3,160,100000,1,0.1,0.05,3.3,1,1,0,400000,1,1,0.05,3.3s,1,0.0001,1000,9.496924,0.3333333,0,0,0.003921569,0,0.07843138,0.1058824,0.03921569,0.145098
63,37,9.81,500,0.7,1,0.3,160,100000,1,0.1,0.05,3.3,1,1,0,400000,1,1,0.05,3.3s,1,0.0001,1000,9.496924,0.3333333,0,0,0.003921569,0,0.07843138,0.1098039,0.04313726,0.145098
63,38,9.81,500,0.7,1,0.3,160,100000,1,0.1,0.05,3.3,1,1,0,400000,1,1,0.05,3.3s,1,0.0001,1000,9.496924,0.3333333,0,0,0.003921569,0,0.07058824,0.1058824,0.04313726,0.145098
63,39,9.81,500,0.7,1,0.3,160,100000,1,0.1,0.05,3.3,1,1,0,400000,1,1,0.05,3.3s,1,0.0001,1000,9.496924,0.3333333,0.003921569,0,0.003921569,0.01960784,0.0627451,0.1019608,0.04705883,0.145098
63,40,9.81,500,0.7,1,0.3,160,100000,1,0.1,0.05,3.3,1,1,0,400000,1,1,0.05,3.3s,1,0.0001,1000,9.496924,0.3333333,0.003921569,0,0.003921569,0.04705883,0.05490196,0.09803922,0.04705883,0.145098
63,41,9.81,500,0.7,1,0.3,160,100000,1,0.1,0.05,3.3,1,1,0,400000,1,1,0.05,3.3s,1,0.0001,1000,9.496924,0.3333333,0.003921569,0,0.003921569,0.07058824,0.03921569,0.09411766,0.04705883,0.145098
63,42,9.81,500,0.7,1,0.3,160,100000,1,0.1,0.05,3.3,1,1,0,400000,1,1,0.05,3.3s,1,0.0001,1000,9.496924,0.3333333,0.007843138,0,0.003921569,0.09803922,0.02745098,0.08627451,0.04705883,0.145098
63,43,9.81,500,0.7,1,0.3,160,100000,1,0.1,0.05,3.3,1,1,0,400000,1,1,0.05,3.3s,1,0.0001,1000,9.496924,0.3333333,0.007843138,0,0.003921569,0.1254902,0.01176471,0.07450981,0.04705883,0.1490196
63,44,9.81,500,0.7,1,0.3,160,100000,1,0.1,0.05,3.3,1,1,0,400000,1,1,0.05,3.3s,1,0.0001,1000,9.496924,0.3333333,0.007843138,0,0,0.1529412,0,0.05882353,0.04313726,0.1490196
63,45,9.81,500,0.7,1,0.3,160,100000,1,0.1,0.05,3.3,1,1,0,400000,1,1,0.05,3.3s,1,0.0001,1000,9.496924,0.3333333,0.007843138,0,0,0.172549,0,0.03921569,0.04313726,0.1529412
63,46,9.81,500,0.7,1,0.3,160,100000,1,0.1,0.05,3.3,1,1,0,400000,1,1,0.05,3.3s,1,0.0001,1000,9.496924,0.3333333,0.01176471,0,0,0.1843137,0,0.01176471,0.03921569,0.1568628
63,47,9.81,500,0.7,1,0.3,160,100000,1,0.1,0.05,3.3,1,1,0,400000,1,1,0.05,3.3s,1,0.0001,1000,9.496924,0.3333333,0.01176471,0,0,0.1882353,0,0,0.03529412,0.1647059
63,48,9.81,500,0.7,1,0.3,160,100000,1,0.1,0.05,3.3,1,1,0,400000,1,1,0.05,3.3s,1,0.0001,1000,9.496924,0.3333333,0.007843138,0,0,0.1803922,0,0,0.03137255,0.1686275
63,49,9.81,500,0.7,1,0.3,160,100000,1,0.1,0.05,3.3,1,1,0,400000,1,1,0.05,3.3s,1,0.0001,1000,9.496924,0.3333333,0.007843138,0.003921569,0,0.1568628,0,0,0.02745098,0.172549
63,50,9.81,500,0.7,1,0.3,160,100000,1,0.1,0.05,3.3,1,1,0,400000,1,1,0.05,3.3s,1,0.0001,1000,9.496924,0.3333333,0.007843138,0.007843138,0,0.1215686,0,0,0.02745098,0.1803922
63,51,9.81,500,0.7,1,0.3,160,100000,1,0.1,0.05,3.3,1,1,0,400000,1,1,0.05,3.3s,1,0.0001,1000,9.496924,0.3333333,0.003921569,0.007843138,0,0.08235294,0,0,0.02352941,0.1803922
63,52,9.81,500,0.7,1,0.3,160,100000,1,0.1,0.05,3.3,1,1,0,400000,1,1,0.05,3.3s,1,0.0001,1000,9.496924,0.3333333,0.003921569,0.007843138,0,0.03529412,0,0,0.02352941,0.1803922
63,53,9.81,500,0.7,1,0.3,160,100000,1,0.1,0.05,3.3,1,1,0,400000,1,1,0.05,3.3s,1,0.0001,1000,9.496924,0.3333333,0.003921569,0.007843138,0,0,0,0,0.02745098,0.1803922
63,54,9.81,500,0.7,1,0.3,160,100000,1,0.1,0.05,3.3,1,1,0,400000,1,1,0.05,3.3s,1,0.0001,1000,9.496924,0.3333333,0,0.007843138,0,0,0,0,0.02745098,0.1764706
63,55,9.81,500,0.7,1,0.3,160,100000,1,0.1,0.05,3.3,1,1,0,400000,1,1,0.05,3.3s,1,0.0001,1000,9.496924,0.3333333,0,0.007843138,0,0,0,0,0.03137255,0.172549
63,56,9.81,500,0.7,1,0.3,160,100000,1,0.1,0.05,3.3,1,1,0,400000,1,1,0.05,3.3s,1,0.0001,1000,9.496924,0.3333333,0,0.007843138,0,0,0,0,0.03529412,0.172549
63,57,9.81,500,0.7,1,0.3,160,100000,1,0.1,0.05,3.3,1,1,0,400000,1,1,0.05,3.3s,1,0.0001,1000,9.496924,0.3333333,0,0.007843138,0.003921569,0,0.01960784,0,0.03921569,0.1686275
63,58,9.81,500,0.7,1,0.3,160,100000,1,0.1,0.05,3.3,1,1,0,400000,1,1,0.05,3.3s,1,0.0001,1000,9.496924,0.3333333,0,0.003921569,0.003921569,0,0.03921569,0,0.03921569,0.1686275
63,59,9.81,500,0.7,1,0.3,160,100000,1,0.1,0.05,3.3,1,1,0,400000,1,1,0.05,3.3s,1,0.0001,1000,9.496924,0.3333333,0,0.003921569,0.003921569,0,0.05490196,0,0.03921569,0.1686275
63,60,9.81,500,0.7,1,0.3,160,100000,1,0.1,0.05,3.3,1,1,0,400000,1,1,0.05,3.3s,1,0.0001,1000,9.496924,0.3333333,0,0.003921569,0.003921569,0,0.0627451,0,0.03921569,0.1686275
63,61,9.81,500,0.7,1,0.3,160,100000,1,0.1,0.05,3.3,1,1,0,400000,1,1,0.05,3.3s,1,0.0001,1000,9.496924,0.3333333,0,0.003921569,0.003921569,0,0.07058824,0,0.03921569,0.1686275
63,62,9.81,500,0.7,1,0.3,160,100000,1,0.1,0.05,3.3,1,1,0,400000,1,1,0.05,3.3s,1,0.0001,1000,9.496924,0.3333333,0,0.003921569,0.003921569,0,0.07058824,0,0.03921569,0.1686275
63,63,9.81,500,0.7,1,0.3,160,100000,1,0.1,0.05,3.3,1,1,0,400000,1,1,0.05,3.3s,1,0.0001,1000,9.496924,0.3333333,0,0,0.003921569,0,0.06666667,0,0.03921569,0.1647059
